{"TweedieModelAgent":{"actual_clicks_reward_list":[2129.0,2034.0,2003.0,1984.0,1795.0,2021.0,2342.0,1860.0,2139.0,2090.0,2097.0,2072.0,2157.0],"actual_watch_duration_reward_list":[161244.56367203,154578.1009796784,149376.0620022041,113124.2357718661,94984.6976498741,109357.8683831967,146828.7469258942,112131.0555464587,143754.6703816532,167976.253348136,167327.1456893506,169939.4919918495,173450.9145364283],"max_clicks_reward_list":[2659.2381946106,2659.2381946106,2659.2381946106,2659.2381946106,2659.2381946106,2659.2381946106,2659.2381946106,2659.2381946106,2659.2381946106,2659.2381946106,2659.2381946106,2659.2381946106,2659.2381946106],"max_watch_duration_reward_list":[216196.6706771856,216196.6706771856,216196.6706771856,216196.6706771856,216196.6706771856,216196.6706771856,216196.6706771856,216196.6706771856,216196.6706771856,216196.6706771856,216196.6706771856,216196.6706771856,216196.6706771856]},"RegressionModelAgent":{"actual_clicks_reward_list":[2053.0,2119.0,2086.0,2109.0,2087.0,1853.0,1928.0,2093.0,2082.0,2144.0,2068.0,2234.0,2006.0],"actual_watch_duration_reward_list":[157823.848304355,161144.125526779,156259.3345410132,129065.6142553328,133416.6669495341,128251.2774587126,107733.7111151558,135933.845838453,123233.8573709512,126672.2631652682,141803.0778736021,107373.5740773008,125281.4731320795],"max_clicks_reward_list":[2659.2381946106,2659.2381946106,2659.2381946106,2659.2381946106,2659.2381946106,2659.2381946106,2659.2381946106,2659.2381946106,2659.2381946106,2659.2381946106,2659.2381946106,2659.2381946106,2659.2381946106],"max_watch_duration_reward_list":[216196.6706771856,216196.6706771856,216196.6706771856,216196.6706771856,216196.6706771856,216196.6706771856,216196.6706771856,216196.6706771856,216196.6706771856,216196.6706771856,216196.6706771856,216196.6706771856,216196.6706771856]},"WeightedPointWiseModelAgent":{"actual_clicks_reward_list":[2015.0,2067.0,2044.0,2118.0,2071.0,2036.0,2109.0,1993.0,2170.0,2118.0,1987.0,2039.0,2014.0],"actual_watch_duration_reward_list":[155040.3224430125,155129.0586948517,151162.0247692734,134193.7527538608,143294.3212589694,150150.4803274337,152908.2034164913,151629.2137779295,156326.8018757414,156621.3109398261,151825.7453912321,156285.2087972114,152108.8221243494],"max_clicks_reward_list":[2659.2381946106,2659.2381946106,2659.2381946106,2659.2381946106,2659.2381946106,2659.2381946106,2659.2381946106,2659.2381946106,2659.2381946106,2659.2381946106,2659.2381946106,2659.2381946106,2659.2381946106],"max_watch_duration_reward_list":[216196.6706771856,216196.6706771856,216196.6706771856,216196.6706771856,216196.6706771856,216196.6706771856,216196.6706771856,216196.6706771856,216196.6706771856,216196.6706771856,216196.6706771856,216196.6706771856,216196.6706771856]},"PointWiseModelAgent":{"actual_clicks_reward_list":[1994.0,2028.0,2096.0,2093.0,1802.0,1927.0,2125.0,2080.0,2308.0,2120.0,2047.0,2186.0,2264.0],"actual_watch_duration_reward_list":[151697.3107138443,152156.8908823947,162180.8638271679,114784.4651510295,98201.6549992323,99561.9098381376,110758.5865134359,134604.9353070314,127349.3624661075,109066.8475328783,107762.9159359443,126108.8179919458,131310.458224667],"max_clicks_reward_list":[2659.2381946106,2659.2381946106,2659.2381946106,2659.2381946106,2659.2381946106,2659.2381946106,2659.2381946106,2659.2381946106,2659.2381946106,2659.2381946106,2659.2381946106,2659.2381946106,2659.2381946106],"max_watch_duration_reward_list":[216196.6706771856,216196.6706771856,216196.6706771856,216196.6706771856,216196.6706771856,216196.6706771856,216196.6706771856,216196.6706771856,216196.6706771856,216196.6706771856,216196.6706771856,216196.6706771856,216196.6706771856]}}