{"TweedieModelAgent":{"actual_clicks_reward_list":[1078.0,1138.0,1172.0,1121.0,977.0,1051.0,1036.0,1042.0,953.0,1121.0,997.0,1026.0,1005.0],"actual_watch_duration_reward_list":[58259.9222292356,65957.3082024118,64893.04579866,59798.8289389549,55259.0242643412,51707.62936163,64304.9791089738,69455.7884410914,58838.2170038557,79456.0097613431,72547.9899962371,79395.735824741,80630.7934384526],"max_clicks_reward_list":[1283.9334447388,1283.9334447388,1283.9334447388,1283.9334447388,1283.9334447388,1283.9334447388,1283.9334447388,1283.9334447388,1283.9334447388,1283.9334447388,1283.9334447388,1283.9334447388,1283.9334447388],"max_watch_duration_reward_list":[105698.4799975225,105698.4799975225,105698.4799975225,105698.4799975225,105698.4799975225,105698.4799975225,105698.4799975225,105698.4799975225,105698.4799975225,105698.4799975225,105698.4799975225,105698.4799975225,105698.4799975225]},"RegressionModelAgent":{"actual_clicks_reward_list":[1086.0,1099.0,1083.0,1006.0,1044.0,1016.0,947.0,1011.0,984.0,1105.0,1044.0,1036.0,999.0],"actual_watch_duration_reward_list":[58366.0932562406,60773.6814480583,58475.633276185,69707.1785688037,59208.8134966013,68346.558402127,68083.0896549427,75941.4466593889,46907.4007389277,76754.3167045909,79380.0918644771,73964.586645039,62386.922899753],"max_clicks_reward_list":[1283.9334447388,1283.9334447388,1283.9334447388,1283.9334447388,1283.9334447388,1283.9334447388,1283.9334447388,1283.9334447388,1283.9334447388,1283.9334447388,1283.9334447388,1283.9334447388,1283.9334447388],"max_watch_duration_reward_list":[105698.4799975225,105698.4799975225,105698.4799975225,105698.4799975225,105698.4799975225,105698.4799975225,105698.4799975225,105698.4799975225,105698.4799975225,105698.4799975225,105698.4799975225,105698.4799975225,105698.4799975225]},"WeightedPointWiseModelAgent":{"actual_clicks_reward_list":[1093.0,1092.0,1161.0,1023.0,1004.0,1082.0,1108.0,1063.0,1063.0,1124.0,995.0,1119.0,1074.0],"actual_watch_duration_reward_list":[57782.8330009029,58547.5827263518,65916.1546890425,53087.3903166313,49583.5609203603,61234.6093590031,61481.8652442865,62164.3464655949,59833.7890720168,65637.9548490058,56277.0547278074,60662.2341438385,59973.3509724359],"max_clicks_reward_list":[1283.9334447388,1283.9334447388,1283.9334447388,1283.9334447388,1283.9334447388,1283.9334447388,1283.9334447388,1283.9334447388,1283.9334447388,1283.9334447388,1283.9334447388,1283.9334447388,1283.9334447388],"max_watch_duration_reward_list":[105698.4799975225,105698.4799975225,105698.4799975225,105698.4799975225,105698.4799975225,105698.4799975225,105698.4799975225,105698.4799975225,105698.4799975225,105698.4799975225,105698.4799975225,105698.4799975225,105698.4799975225]},"PointWiseModelAgent":{"actual_clicks_reward_list":[1173.0,1159.0,1089.0,1047.0,948.0,963.0,912.0,876.0,917.0,1052.0,1100.0,1081.0,1087.0],"actual_watch_duration_reward_list":[63697.4548220348,62963.2547563743,59649.4128279563,56752.2561901757,60130.7077046033,53076.2590603577,56260.4366932321,45492.6041706769,41973.6723028072,57848.2708365949,59114.0470839438,58765.8399964415,62644.6996465648],"max_clicks_reward_list":[1283.9334447388,1283.9334447388,1283.9334447388,1283.9334447388,1283.9334447388,1283.9334447388,1283.9334447388,1283.9334447388,1283.9334447388,1283.9334447388,1283.9334447388,1283.9334447388,1283.9334447388],"max_watch_duration_reward_list":[105698.4799975225,105698.4799975225,105698.4799975225,105698.4799975225,105698.4799975225,105698.4799975225,105698.4799975225,105698.4799975225,105698.4799975225,105698.4799975225,105698.4799975225,105698.4799975225,105698.4799975225]}}