{"TweedieModelAgent":{"actual_clicks_reward_list":[12.0,18.0,25.0,22.0,24.0,21.0,26.0,18.0,23.0,17.0,13.0,20.0,21.0],"actual_watch_duration_reward_list":[713.1576481299,1324.531162204,1954.3711635321,1460.1958624658,1548.5127530378,967.9281720187,2015.014188081,1360.5960711053,1428.5149803599,631.5129529429,1295.3799841704,1491.1095811605,1299.1458624116],"max_clicks_reward_list":[22.3408142182,22.3408142182,22.3408142182,22.3408142182,22.3408142182,22.3408142182,22.3408142182,22.3408142182,22.3408142182,22.3408142182,22.3408142182,22.3408142182,22.3408142182],"max_watch_duration_reward_list":[1491.4342439278,1491.4342439278,1491.4342439278,1491.4342439278,1491.4342439278,1491.4342439278,1491.4342439278,1491.4342439278,1491.4342439278,1491.4342439278,1491.4342439278,1491.4342439278,1491.4342439278]},"WeightedPointWiseModelAgent":{"actual_clicks_reward_list":[19.0,15.0,18.0,17.0,23.0,22.0,19.0,31.0,29.0,19.0,25.0,19.0,21.0],"actual_watch_duration_reward_list":[778.9638953833,764.8852617434,1418.1780245786,1153.4680538881,1052.8963460051,1307.9252985437,933.4680654705,1912.171873055,1843.2606513681,865.485738521,1646.2489697962,945.5727736816,1206.652413668],"max_clicks_reward_list":[22.3408142182,22.3408142182,22.3408142182,22.3408142182,22.3408142182,22.3408142182,22.3408142182,22.3408142182,22.3408142182,22.3408142182,22.3408142182,22.3408142182,22.3408142182],"max_watch_duration_reward_list":[1491.4342439278,1491.4342439278,1491.4342439278,1491.4342439278,1491.4342439278,1491.4342439278,1491.4342439278,1491.4342439278,1491.4342439278,1491.4342439278,1491.4342439278,1491.4342439278,1491.4342439278]},"PointWiseModelAgent":{"actual_clicks_reward_list":[17.0,19.0,20.0,24.0,15.0,18.0,27.0,22.0,25.0,16.0,26.0,18.0,23.0],"actual_watch_duration_reward_list":[743.5000765985,1330.3583031782,1087.7242508518,1703.9706866519,769.7125106076,1044.8732857277,1511.5570824611,1071.4796041893,1616.0951276308,852.3340850654,1179.321483588,942.9676529031,970.5895649777],"max_clicks_reward_list":[22.3408142182,22.3408142182,22.3408142182,22.3408142182,22.3408142182,22.3408142182,22.3408142182,22.3408142182,22.3408142182,22.3408142182,22.3408142182,22.3408142182,22.3408142182],"max_watch_duration_reward_list":[1491.4342439278,1491.4342439278,1491.4342439278,1491.4342439278,1491.4342439278,1491.4342439278,1491.4342439278,1491.4342439278,1491.4342439278,1491.4342439278,1491.4342439278,1491.4342439278,1491.4342439278]},"BanditAgent":{"actual_clicks_reward_list":[24.0,19.0,28.0,20.0,19.0,23.0,28.0,14.0,23.0,22.0,24.0,16.0,18.0],"actual_watch_duration_reward_list":[1412.8415144286,809.5884879883,1569.0079408904,1130.5366479981,1515.4348152919,1401.9093033969,1933.4734109869,606.2875934937,1176.1860944691,1260.1301700825,1712.4031141561,972.6670444335,1017.0053960124],"max_clicks_reward_list":[22.3408142182,22.3408142182,22.3408142182,22.3408142182,22.3408142182,22.3408142182,22.3408142182,22.3408142182,22.3408142182,22.3408142182,22.3408142182,22.3408142182,22.3408142182],"max_watch_duration_reward_list":[1491.4342439278,1491.4342439278,1491.4342439278,1491.4342439278,1491.4342439278,1491.4342439278,1491.4342439278,1491.4342439278,1491.4342439278,1491.4342439278,1491.4342439278,1491.4342439278,1491.4342439278]},"BucketSortingAgent":{"actual_clicks_reward_list":[20.0,21.0,18.0,23.0,15.0,22.0,23.0,20.0,22.0,24.0,25.0,25.0,21.0],"actual_watch_duration_reward_list":[818.9320691993,1196.1990689113,854.771813529,1085.2888146517,592.0461858772,1149.4692711983,1790.5200744227,1372.5582133949,996.1080137525,1381.6756263822,1903.4336988071,1418.2616115928,1526.1562881173],"max_clicks_reward_list":[22.3408142182,22.3408142182,22.3408142182,22.3408142182,22.3408142182,22.3408142182,22.3408142182,22.3408142182,22.3408142182,22.3408142182,22.3408142182,22.3408142182,22.3408142182],"max_watch_duration_reward_list":[1491.4342439278,1491.4342439278,1491.4342439278,1491.4342439278,1491.4342439278,1491.4342439278,1491.4342439278,1491.4342439278,1491.4342439278,1491.4342439278,1491.4342439278,1491.4342439278,1491.4342439278]},"BucketSortingWatchTimeAgent":{"actual_clicks_reward_list":[23.0,19.0,23.0,21.0,20.0,18.0,19.0,21.0,24.0,12.0,19.0,24.0,25.0],"actual_watch_duration_reward_list":[1121.3314230328,961.1908475887,1555.6332299916,1505.8907866156,1690.2523729963,1343.1555439771,1007.3400113076,1526.8062428231,1937.3077904877,668.3991840244,1652.6569532375,1423.5558765683,1249.2591555169],"max_clicks_reward_list":[22.3408142182,22.3408142182,22.3408142182,22.3408142182,22.3408142182,22.3408142182,22.3408142182,22.3408142182,22.3408142182,22.3408142182,22.3408142182,22.3408142182,22.3408142182],"max_watch_duration_reward_list":[1491.4342439278,1491.4342439278,1491.4342439278,1491.4342439278,1491.4342439278,1491.4342439278,1491.4342439278,1491.4342439278,1491.4342439278,1491.4342439278,1491.4342439278,1491.4342439278,1491.4342439278]},"PairWiseModelAgent":{"actual_clicks_reward_list":[21.0,23.0,18.0,23.0,20.0,20.0,15.0,22.0,17.0,33.0,38.0,18.0,29.0],"actual_watch_duration_reward_list":[952.1002051529,1226.2981085847,1145.7850071765,1206.9780228971,1185.7485752183,1281.9743710334,710.9818852848,1588.5852557572,976.2655072757,2258.9765642893,2572.4915874306,716.135463317,1307.1673021863],"max_clicks_reward_list":[22.3408142182,22.3408142182,22.3408142182,22.3408142182,22.3408142182,22.3408142182,22.3408142182,22.3408142182,22.3408142182,22.3408142182,22.3408142182,22.3408142182,22.3408142182],"max_watch_duration_reward_list":[1491.4342439278,1491.4342439278,1491.4342439278,1491.4342439278,1491.4342439278,1491.4342439278,1491.4342439278,1491.4342439278,1491.4342439278,1491.4342439278,1491.4342439278,1491.4342439278,1491.4342439278]},"WeightedPairWiseModelAgent":{"actual_clicks_reward_list":[13.0,14.0,15.0,27.0,18.0,20.0,34.0,28.0,21.0,28.0,20.0,18.0,15.0],"actual_watch_duration_reward_list":[418.9160415264,637.8363761141,728.0329159277,1550.3936613946,1000.0289751819,1358.5487639321,2236.1244135869,1754.8002407364,1493.8597342928,1713.9031946861,1217.1176792803,1576.4468328261,1194.0282736847],"max_clicks_reward_list":[22.3408142182,22.3408142182,22.3408142182,22.3408142182,22.3408142182,22.3408142182,22.3408142182,22.3408142182,22.3408142182,22.3408142182,22.3408142182,22.3408142182,22.3408142182],"max_watch_duration_reward_list":[1491.4342439278,1491.4342439278,1491.4342439278,1491.4342439278,1491.4342439278,1491.4342439278,1491.4342439278,1491.4342439278,1491.4342439278,1491.4342439278,1491.4342439278,1491.4342439278,1491.4342439278]}}