{"TweedieModelAgent":{"actual_clicks_reward_list":[1188.0,1139.0,1103.0,1069.0,986.0,1076.0,1147.0,954.0,1125.0,1095.0,1099.0,1086.0,988.0],"actual_watch_duration_reward_list":[73369.9366241203,67569.0278975242,67493.0058132863,55426.8492845816,48297.1632944098,58248.4755490591,75939.2489270335,64651.9354376522,74565.3769468107,72927.5973235428,73595.9993328481,74499.0273940124,71059.4946150653],"max_clicks_reward_list":[1328.4749254273,1328.4749254273,1328.4749254273,1328.4749254273,1328.4749254273,1328.4749254273,1328.4749254273,1328.4749254273,1328.4749254273,1328.4749254273,1328.4749254273,1328.4749254273,1328.4749254273],"max_watch_duration_reward_list":[109728.6411985423,109728.6411985423,109728.6411985423,109728.6411985423,109728.6411985423,109728.6411985423,109728.6411985423,109728.6411985423,109728.6411985423,109728.6411985423,109728.6411985423,109728.6411985423,109728.6411985423]},"RegressionModelAgent":{"actual_clicks_reward_list":[1140.0,1131.0,1143.0,1134.0,951.0,971.0,1041.0,984.0,1073.0,1003.0,1057.0,1114.0,1079.0],"actual_watch_duration_reward_list":[69586.1790145734,71693.8446871174,70945.1739799879,55617.8163838164,55560.8190406357,62309.0956170149,53264.1657114329,66232.6909958949,79776.8089279172,57928.5085887368,75823.7971285047,75415.8005264778,77549.2756602766],"max_clicks_reward_list":[1328.4749254273,1328.4749254273,1328.4749254273,1328.4749254273,1328.4749254273,1328.4749254273,1328.4749254273,1328.4749254273,1328.4749254273,1328.4749254273,1328.4749254273,1328.4749254273,1328.4749254273],"max_watch_duration_reward_list":[109728.6411985423,109728.6411985423,109728.6411985423,109728.6411985423,109728.6411985423,109728.6411985423,109728.6411985423,109728.6411985423,109728.6411985423,109728.6411985423,109728.6411985423,109728.6411985423,109728.6411985423]},"WeightedPointWiseModelAgent":{"actual_clicks_reward_list":[1084.0,1131.0,1160.0,1001.0,1107.0,1082.0,1121.0,1154.0,1100.0,1129.0,1169.0,1105.0,1186.0],"actual_watch_duration_reward_list":[67141.3703575985,70972.322692298,67646.8946678244,55204.5006457634,68402.1727945694,64346.1428360863,71305.6872235636,71573.1823275791,67556.0012492801,72427.0040656327,71390.1750328061,70171.7315252039,78062.5885056607],"max_clicks_reward_list":[1328.4749254273,1328.4749254273,1328.4749254273,1328.4749254273,1328.4749254273,1328.4749254273,1328.4749254273,1328.4749254273,1328.4749254273,1328.4749254273,1328.4749254273,1328.4749254273,1328.4749254273],"max_watch_duration_reward_list":[109728.6411985423,109728.6411985423,109728.6411985423,109728.6411985423,109728.6411985423,109728.6411985423,109728.6411985423,109728.6411985423,109728.6411985423,109728.6411985423,109728.6411985423,109728.6411985423,109728.6411985423]},"PointWiseModelAgent":{"actual_clicks_reward_list":[1129.0,1192.0,1022.0,951.0,1062.0,1009.0,865.0,914.0,1059.0,1057.0,1168.0,1162.0,1147.0],"actual_watch_duration_reward_list":[67271.1346653059,74236.801313976,63894.5818239274,66404.6472043155,65252.8403342998,47536.25239871,47980.4033585897,51706.0092072394,64480.289132963,66297.6212595236,68366.1952032322,71738.6910472708,70826.1567160484],"max_clicks_reward_list":[1328.4749254273,1328.4749254273,1328.4749254273,1328.4749254273,1328.4749254273,1328.4749254273,1328.4749254273,1328.4749254273,1328.4749254273,1328.4749254273,1328.4749254273,1328.4749254273,1328.4749254273],"max_watch_duration_reward_list":[109728.6411985423,109728.6411985423,109728.6411985423,109728.6411985423,109728.6411985423,109728.6411985423,109728.6411985423,109728.6411985423,109728.6411985423,109728.6411985423,109728.6411985423,109728.6411985423,109728.6411985423]}}