{"TweedieModelAgent":{"actual_clicks_reward_list":[156.0,175.0,205.0,239.0,239.0,232.0,225.0,230.0,218.0,221.0,228.0,239.0,229.0],"actual_watch_duration_reward_list":[6465.1440013751,8759.98402185,9157.7946870896,15641.340700197,14126.0212433531,14241.947607676,16306.9917966222,14446.184409682,14903.5991643408,14971.6373452811,14230.0368288198,14774.4754471508,14587.6005532624],"max_clicks_reward_list":[234.8055467494,234.8055467494,234.8055467494,234.8055467494,234.8055467494,234.8055467494,234.8055467494,234.8055467494,234.8055467494,234.8055467494,234.8055467494,234.8055467494,234.8055467494],"max_watch_duration_reward_list":[19264.5000082691,19264.5000082691,19264.5000082691,19264.5000082691,19264.5000082691,19264.5000082691,19264.5000082691,19264.5000082691,19264.5000082691,19264.5000082691,19264.5000082691,19264.5000082691,19264.5000082691]},"WeightedPointWiseModelAgent":{"actual_clicks_reward_list":[169.0,184.0,208.0,221.0,203.0,204.0,217.0,214.0,201.0,206.0,208.0,184.0,200.0],"actual_watch_duration_reward_list":[8676.0560288057,8344.9277760238,9839.176096739,11499.2902871265,14554.6497074057,14384.3018325189,14769.6622869578,14827.2403502413,15061.2207516655,14688.4536097717,14538.1896386343,12029.1028856697,15273.9065539372],"max_clicks_reward_list":[234.8055467494,234.8055467494,234.8055467494,234.8055467494,234.8055467494,234.8055467494,234.8055467494,234.8055467494,234.8055467494,234.8055467494,234.8055467494,234.8055467494,234.8055467494],"max_watch_duration_reward_list":[19264.5000082691,19264.5000082691,19264.5000082691,19264.5000082691,19264.5000082691,19264.5000082691,19264.5000082691,19264.5000082691,19264.5000082691,19264.5000082691,19264.5000082691,19264.5000082691,19264.5000082691]},"PointWiseModelAgent":{"actual_clicks_reward_list":[181.0,175.0,183.0,194.0,240.0,213.0,214.0,214.0,213.0,221.0,216.0,231.0,236.0],"actual_watch_duration_reward_list":[8616.1929968629,8994.3043123512,9428.1220347524,10804.7280126879,12340.7094284107,13187.8593595475,13021.4070652955,13063.6350829746,14065.9529016517,14347.8886104572,15818.2497080587,16215.3608086892,15650.1189314495],"max_clicks_reward_list":[234.8055467494,234.8055467494,234.8055467494,234.8055467494,234.8055467494,234.8055467494,234.8055467494,234.8055467494,234.8055467494,234.8055467494,234.8055467494,234.8055467494,234.8055467494],"max_watch_duration_reward_list":[19264.5000082691,19264.5000082691,19264.5000082691,19264.5000082691,19264.5000082691,19264.5000082691,19264.5000082691,19264.5000082691,19264.5000082691,19264.5000082691,19264.5000082691,19264.5000082691,19264.5000082691]}}