{"TweedieModelAgent":{"actual_clicks_reward_list":[191.0,195.0,179.0,215.0,235.0,172.0,194.0,208.0,186.0,177.0,182.0,200.0,194.0],"actual_watch_duration_reward_list":[10292.0213131529,9330.2668692722,8801.7444113799,10589.0151288106,9920.7018617953,8371.0150781757,10012.129208012,13874.8274429796,9248.4935135711,10463.7797557032,10612.4255909941,15860.6899071206,12959.8005404541],"max_clicks_reward_list":[240.2127709734,240.2127709734,240.2127709734,240.2127709734,240.2127709734,240.2127709734,240.2127709734,240.2127709734,240.2127709734,240.2127709734,240.2127709734,240.2127709734,240.2127709734],"max_watch_duration_reward_list":[18964.0750066922,18964.0750066922,18964.0750066922,18964.0750066922,18964.0750066922,18964.0750066922,18964.0750066922,18964.0750066922,18964.0750066922,18964.0750066922,18964.0750066922,18964.0750066922,18964.0750066922]},"RegressionModelAgent":{"actual_clicks_reward_list":[165.0,203.0,185.0,192.0,216.0,218.0,214.0,209.0,204.0,210.0,201.0,198.0,227.0],"actual_watch_duration_reward_list":[8692.2016127737,10441.2738439501,9286.7445246102,9642.2428354276,12296.973616106,13529.3541271599,13114.3390326396,14035.3559727125,14553.8999580218,14407.0808719456,12531.3461051064,14339.452644155,14582.6729822959],"max_clicks_reward_list":[240.2127709734,240.2127709734,240.2127709734,240.2127709734,240.2127709734,240.2127709734,240.2127709734,240.2127709734,240.2127709734,240.2127709734,240.2127709734,240.2127709734,240.2127709734],"max_watch_duration_reward_list":[18964.0750066922,18964.0750066922,18964.0750066922,18964.0750066922,18964.0750066922,18964.0750066922,18964.0750066922,18964.0750066922,18964.0750066922,18964.0750066922,18964.0750066922,18964.0750066922,18964.0750066922]},"WeightedPointWiseModelAgent":{"actual_clicks_reward_list":[190.0,184.0,197.0,223.0,220.0,232.0,211.0,219.0,217.0,212.0,196.0,177.0,210.0],"actual_watch_duration_reward_list":[10426.2425666962,9791.4044392836,11585.0168664475,12240.7101275178,14193.0040824234,14680.8576088299,15201.7789873621,14233.7720001133,13158.2252177391,13518.1275010309,12849.2782064586,10612.1982893932,13369.044502036],"max_clicks_reward_list":[240.2127709734,240.2127709734,240.2127709734,240.2127709734,240.2127709734,240.2127709734,240.2127709734,240.2127709734,240.2127709734,240.2127709734,240.2127709734,240.2127709734,240.2127709734],"max_watch_duration_reward_list":[18964.0750066922,18964.0750066922,18964.0750066922,18964.0750066922,18964.0750066922,18964.0750066922,18964.0750066922,18964.0750066922,18964.0750066922,18964.0750066922,18964.0750066922,18964.0750066922,18964.0750066922]},"PointWiseModelAgent":{"actual_clicks_reward_list":[177.0,161.0,182.0,193.0,173.0,188.0,188.0,179.0,200.0,228.0,228.0,222.0,194.0],"actual_watch_duration_reward_list":[9375.6778384778,8215.4438460824,7684.8310892534,11449.4385593383,9408.274232838,11505.4746197743,15200.3499159659,12548.9599674999,9277.4954913993,10495.845568629,11010.6249681161,11099.9699921175,9581.5851082166],"max_clicks_reward_list":[240.2127709734,240.2127709734,240.2127709734,240.2127709734,240.2127709734,240.2127709734,240.2127709734,240.2127709734,240.2127709734,240.2127709734,240.2127709734,240.2127709734,240.2127709734],"max_watch_duration_reward_list":[18964.0750066922,18964.0750066922,18964.0750066922,18964.0750066922,18964.0750066922,18964.0750066922,18964.0750066922,18964.0750066922,18964.0750066922,18964.0750066922,18964.0750066922,18964.0750066922,18964.0750066922]}}