{"TweedieModelAgent":{"actual_clicks_reward_list":[21.0,17.0,27.0,25.0,13.0,30.0,20.0,26.0,17.0,19.0,22.0,22.0,30.0],"actual_watch_duration_reward_list":[1353.0789404422,949.0430044155,1012.9663314213,1691.5965366159,876.9560338051,1645.6194661213,1421.8643276775,1777.3083709452,1125.8606598992,1529.7133857058,1214.1751810033,1365.2609013485,1802.5637614276],"max_clicks_reward_list":[22.0335070414,22.0335070414,22.0335070414,22.0335070414,22.0335070414,22.0335070414,22.0335070414,22.0335070414,22.0335070414,22.0335070414,22.0335070414,22.0335070414,22.0335070414],"max_watch_duration_reward_list":[1403.1806639612,1403.1806639612,1403.1806639612,1403.1806639612,1403.1806639612,1403.1806639612,1403.1806639612,1403.1806639612,1403.1806639612,1403.1806639612,1403.1806639612,1403.1806639612,1403.1806639612]},"WeightedPointWiseModelAgent":{"actual_clicks_reward_list":[15.0,22.0,18.0,22.0,16.0,21.0,16.0,19.0,23.0,17.0,24.0,19.0,13.0],"actual_watch_duration_reward_list":[757.7209372574,1091.6902276607,980.363677906,1055.2255089987,1144.6711697473,1393.484372598,903.8530353863,1207.9643731759,1404.0431709938,936.804822448,1426.0442610112,1302.5794215434,837.4657378041],"max_clicks_reward_list":[22.0335070414,22.0335070414,22.0335070414,22.0335070414,22.0335070414,22.0335070414,22.0335070414,22.0335070414,22.0335070414,22.0335070414,22.0335070414,22.0335070414,22.0335070414],"max_watch_duration_reward_list":[1403.1806639612,1403.1806639612,1403.1806639612,1403.1806639612,1403.1806639612,1403.1806639612,1403.1806639612,1403.1806639612,1403.1806639612,1403.1806639612,1403.1806639612,1403.1806639612,1403.1806639612]},"PointWiseModelAgent":{"actual_clicks_reward_list":[21.0,20.0,21.0,19.0,23.0,13.0,19.0,16.0,21.0,13.0,12.0,17.0,22.0],"actual_watch_duration_reward_list":[1257.6442290763,1425.9088741052,1544.8062698097,1368.2101589033,1524.7519119898,1097.1182341594,1367.8364698685,782.2881580164,1462.7746893245,1026.0543269304,591.747625648,941.211005903,1065.7594452908],"max_clicks_reward_list":[22.0335070414,22.0335070414,22.0335070414,22.0335070414,22.0335070414,22.0335070414,22.0335070414,22.0335070414,22.0335070414,22.0335070414,22.0335070414,22.0335070414,22.0335070414],"max_watch_duration_reward_list":[1403.1806639612,1403.1806639612,1403.1806639612,1403.1806639612,1403.1806639612,1403.1806639612,1403.1806639612,1403.1806639612,1403.1806639612,1403.1806639612,1403.1806639612,1403.1806639612,1403.1806639612]},"BanditAgent":{"actual_clicks_reward_list":[20.0,16.0,26.0,20.0,18.0,17.0,24.0,18.0,23.0,21.0,28.0,12.0,18.0],"actual_watch_duration_reward_list":[1170.272626703,775.8449709203,1706.9930986569,1042.704386948,1207.6236993053,663.2873537213,1633.2639411359,636.2858591246,1188.9182667291,1189.9576212547,1425.4101135728,667.1768443705,618.1917009865],"max_clicks_reward_list":[22.0335070414,22.0335070414,22.0335070414,22.0335070414,22.0335070414,22.0335070414,22.0335070414,22.0335070414,22.0335070414,22.0335070414,22.0335070414,22.0335070414,22.0335070414],"max_watch_duration_reward_list":[1403.1806639612,1403.1806639612,1403.1806639612,1403.1806639612,1403.1806639612,1403.1806639612,1403.1806639612,1403.1806639612,1403.1806639612,1403.1806639612,1403.1806639612,1403.1806639612,1403.1806639612]},"BucketSortingAgent":{"actual_clicks_reward_list":[17.0,27.0,21.0,25.0,23.0,18.0,26.0,23.0,16.0,24.0,11.0,18.0,21.0],"actual_watch_duration_reward_list":[988.4572021907,1307.3911112193,1179.8015111513,1456.0123940276,1226.4080779508,1082.8893271406,1272.3716631213,944.1077930835,639.9074186901,1433.4090222757,456.8211699676,1080.7752017588,1210.96034843],"max_clicks_reward_list":[22.0335070414,22.0335070414,22.0335070414,22.0335070414,22.0335070414,22.0335070414,22.0335070414,22.0335070414,22.0335070414,22.0335070414,22.0335070414,22.0335070414,22.0335070414],"max_watch_duration_reward_list":[1403.1806639612,1403.1806639612,1403.1806639612,1403.1806639612,1403.1806639612,1403.1806639612,1403.1806639612,1403.1806639612,1403.1806639612,1403.1806639612,1403.1806639612,1403.1806639612,1403.1806639612]},"BucketSortingWatchTimeAgent":{"actual_clicks_reward_list":[21.0,14.0,22.0,20.0,23.0,14.0,15.0,14.0,18.0,18.0,19.0,14.0,18.0],"actual_watch_duration_reward_list":[1214.1898093517,714.7111324021,1368.9463619747,1846.6406506775,1406.384162277,1046.9903549085,1220.645462524,947.3201439616,1071.9605044192,942.5309403456,1181.0071276011,1163.5704187518,1211.7700522166],"max_clicks_reward_list":[22.0335070414,22.0335070414,22.0335070414,22.0335070414,22.0335070414,22.0335070414,22.0335070414,22.0335070414,22.0335070414,22.0335070414,22.0335070414,22.0335070414,22.0335070414],"max_watch_duration_reward_list":[1403.1806639612,1403.1806639612,1403.1806639612,1403.1806639612,1403.1806639612,1403.1806639612,1403.1806639612,1403.1806639612,1403.1806639612,1403.1806639612,1403.1806639612,1403.1806639612,1403.1806639612]},"PairWiseModelAgent":{"actual_clicks_reward_list":[17.0,23.0,12.0,19.0,26.0,20.0,14.0,25.0,15.0,18.0,15.0,19.0,27.0],"actual_watch_duration_reward_list":[1101.2715052962,1365.6769530807,859.0169045687,507.2307298701,1210.2986227357,745.7336957281,528.3078788718,1504.7921911235,1177.0354664729,1122.5866320696,769.3841773963,1007.9328689311,1449.2695587752],"max_clicks_reward_list":[22.0335070414,22.0335070414,22.0335070414,22.0335070414,22.0335070414,22.0335070414,22.0335070414,22.0335070414,22.0335070414,22.0335070414,22.0335070414,22.0335070414,22.0335070414],"max_watch_duration_reward_list":[1403.1806639612,1403.1806639612,1403.1806639612,1403.1806639612,1403.1806639612,1403.1806639612,1403.1806639612,1403.1806639612,1403.1806639612,1403.1806639612,1403.1806639612,1403.1806639612,1403.1806639612]},"WeightedPairWiseModelAgent":{"actual_clicks_reward_list":[19.0,18.0,18.0,12.0,19.0,27.0,15.0,17.0,14.0,18.0,21.0,20.0,16.0],"actual_watch_duration_reward_list":[970.1395281882,957.632094193,1114.1366703124,813.4539300612,1009.8433923876,1544.9110919166,635.992273541,1220.9343735814,1065.7181229808,1127.1103068651,1356.6726771582,1298.6486528742,1197.9401724587],"max_clicks_reward_list":[22.0335070414,22.0335070414,22.0335070414,22.0335070414,22.0335070414,22.0335070414,22.0335070414,22.0335070414,22.0335070414,22.0335070414,22.0335070414,22.0335070414,22.0335070414],"max_watch_duration_reward_list":[1403.1806639612,1403.1806639612,1403.1806639612,1403.1806639612,1403.1806639612,1403.1806639612,1403.1806639612,1403.1806639612,1403.1806639612,1403.1806639612,1403.1806639612,1403.1806639612,1403.1806639612]}}