{"TweedieModelAgent":{"actual_clicks_reward_list":[186.0,182.0,189.0,208.0,188.0,175.0,194.0,170.0,194.0,176.0,190.0,166.0,186.0],"actual_watch_duration_reward_list":[11142.6542310611,9932.2637030332,10034.5374446167,12669.1293585483,10114.8116459848,9437.6351338733,9198.7889676545,8965.4164930874,11156.7260868041,9388.7455703209,9873.5181104957,9809.5489031739,10692.866840374],"max_clicks_reward_list":[247.6363208325,247.6363208325,247.6363208325,247.6363208325,247.6363208325,247.6363208325,247.6363208325,247.6363208325,247.6363208325,247.6363208325,247.6363208325,247.6363208325,247.6363208325],"max_watch_duration_reward_list":[19397.3862558557,19397.3862558557,19397.3862558557,19397.3862558557,19397.3862558557,19397.3862558557,19397.3862558557,19397.3862558557,19397.3862558557,19397.3862558557,19397.3862558557,19397.3862558557,19397.3862558557]},"RegressionModelAgent":{"actual_clicks_reward_list":[190.0,199.0,211.0,233.0,217.0,175.0,191.0,167.0,225.0,200.0,227.0,238.0,226.0],"actual_watch_duration_reward_list":[11772.3446349751,12749.5362895265,13124.4883724531,15340.8152331922,12724.7170472967,11733.1773650863,10608.3999343872,9944.8797450016,16001.0194063831,14048.0144355078,18394.1009459132,18931.0865627192,17630.2032918353],"max_clicks_reward_list":[247.6363208325,247.6363208325,247.6363208325,247.6363208325,247.6363208325,247.6363208325,247.6363208325,247.6363208325,247.6363208325,247.6363208325,247.6363208325,247.6363208325,247.6363208325],"max_watch_duration_reward_list":[19397.3862558557,19397.3862558557,19397.3862558557,19397.3862558557,19397.3862558557,19397.3862558557,19397.3862558557,19397.3862558557,19397.3862558557,19397.3862558557,19397.3862558557,19397.3862558557,19397.3862558557]},"WeightedPointWiseModelAgent":{"actual_clicks_reward_list":[182.0,198.0,189.0,195.0,160.0,203.0,195.0,207.0,192.0,185.0,177.0,194.0,238.0],"actual_watch_duration_reward_list":[9567.9382392874,10786.698850199,11861.3544871298,9713.699760916,9350.652268409,11773.2120775112,12945.2663922744,13497.4526240163,13030.9098106177,12073.5171352677,12059.4475382959,11541.9170029187,16289.4776530378],"max_clicks_reward_list":[247.6363208325,247.6363208325,247.6363208325,247.6363208325,247.6363208325,247.6363208325,247.6363208325,247.6363208325,247.6363208325,247.6363208325,247.6363208325,247.6363208325,247.6363208325],"max_watch_duration_reward_list":[19397.3862558557,19397.3862558557,19397.3862558557,19397.3862558557,19397.3862558557,19397.3862558557,19397.3862558557,19397.3862558557,19397.3862558557,19397.3862558557,19397.3862558557,19397.3862558557,19397.3862558557]},"PointWiseModelAgent":{"actual_clicks_reward_list":[185.0,182.0,192.0,187.0,191.0,205.0,209.0,183.0,204.0,231.0,183.0,230.0,244.0],"actual_watch_duration_reward_list":[11325.5993716601,11173.2414911983,11564.8991140207,8406.7681676131,10634.0633446713,9318.3882574036,11774.8664527058,12053.5801118804,13603.400144043,14801.8803809044,11094.1028636929,13934.3003135089,15884.5399999478],"max_clicks_reward_list":[247.6363208325,247.6363208325,247.6363208325,247.6363208325,247.6363208325,247.6363208325,247.6363208325,247.6363208325,247.6363208325,247.6363208325,247.6363208325,247.6363208325,247.6363208325],"max_watch_duration_reward_list":[19397.3862558557,19397.3862558557,19397.3862558557,19397.3862558557,19397.3862558557,19397.3862558557,19397.3862558557,19397.3862558557,19397.3862558557,19397.3862558557,19397.3862558557,19397.3862558557,19397.3862558557]}}