{"TweedieModelAgent":{"actual_clicks_reward_list":[25.0,13.0,21.0,20.0,21.0,16.0,24.0,19.0,19.0,27.0,9.0,12.0,16.0],"actual_watch_duration_reward_list":[1829.3142054798,775.7727607738,1295.146619894,1385.3727882169,1265.913983514,1334.8688296361,1546.9027655328,1178.2566755487,1362.4307382006,2214.1386308221,810.7079001614,922.7726289656,1048.1856769725],"max_clicks_reward_list":[22.9530918182,22.9530918182,22.9530918182,22.9530918182,22.9530918182,22.9530918182,22.9530918182,22.9530918182,22.9530918182,22.9530918182,22.9530918182,22.9530918182,22.9530918182],"max_watch_duration_reward_list":[1574.9630707322,1574.9630707322,1574.9630707322,1574.9630707322,1574.9630707322,1574.9630707322,1574.9630707322,1574.9630707322,1574.9630707322,1574.9630707322,1574.9630707322,1574.9630707322,1574.9630707322]},"WeightedPointWiseModelAgent":{"actual_clicks_reward_list":[16.0,22.0,17.0,22.0,24.0,19.0,21.0,19.0,17.0,21.0,15.0,19.0,20.0],"actual_watch_duration_reward_list":[1270.6154467579,1292.8789972075,1279.7899609121,1159.7529154385,1323.2842729932,1438.739372471,1398.2953641832,1246.6751928995,1356.7291072986,980.8927802289,1319.947299658,1138.9110041102,1420.0099827121],"max_clicks_reward_list":[22.9530918182,22.9530918182,22.9530918182,22.9530918182,22.9530918182,22.9530918182,22.9530918182,22.9530918182,22.9530918182,22.9530918182,22.9530918182,22.9530918182,22.9530918182],"max_watch_duration_reward_list":[1574.9630707322,1574.9630707322,1574.9630707322,1574.9630707322,1574.9630707322,1574.9630707322,1574.9630707322,1574.9630707322,1574.9630707322,1574.9630707322,1574.9630707322,1574.9630707322,1574.9630707322]},"PointWiseModelAgent":{"actual_clicks_reward_list":[17.0,22.0,18.0,19.0,21.0,26.0,21.0,27.0,23.0,24.0,16.0,26.0,27.0],"actual_watch_duration_reward_list":[966.9363473799,1085.6080829563,1393.3558178255,1480.432005025,1388.3822224123,1659.6131626815,1182.5802285912,990.0332882223,1157.5834899932,1470.6012030051,929.2086053006,1221.124282431,1173.7425305406],"max_clicks_reward_list":[22.9530918182,22.9530918182,22.9530918182,22.9530918182,22.9530918182,22.9530918182,22.9530918182,22.9530918182,22.9530918182,22.9530918182,22.9530918182,22.9530918182,22.9530918182],"max_watch_duration_reward_list":[1574.9630707322,1574.9630707322,1574.9630707322,1574.9630707322,1574.9630707322,1574.9630707322,1574.9630707322,1574.9630707322,1574.9630707322,1574.9630707322,1574.9630707322,1574.9630707322,1574.9630707322]},"BanditAgent":{"actual_clicks_reward_list":[28.0,20.0,21.0,21.0,29.0,29.0,15.0,18.0,17.0,16.0,29.0,17.0,17.0],"actual_watch_duration_reward_list":[1657.0706316653,1061.1460222052,1791.6964106669,1428.4452865845,826.9545018861,1961.5257224972,877.3182321081,620.6914984335,1014.3246013399,1001.7754232895,1634.2832420034,844.6146720328,1037.3932728599],"max_clicks_reward_list":[22.9530918182,22.9530918182,22.9530918182,22.9530918182,22.9530918182,22.9530918182,22.9530918182,22.9530918182,22.9530918182,22.9530918182,22.9530918182,22.9530918182,22.9530918182],"max_watch_duration_reward_list":[1574.9630707322,1574.9630707322,1574.9630707322,1574.9630707322,1574.9630707322,1574.9630707322,1574.9630707322,1574.9630707322,1574.9630707322,1574.9630707322,1574.9630707322,1574.9630707322,1574.9630707322]},"BucketSortingAgent":{"actual_clicks_reward_list":[19.0,16.0,21.0,12.0,20.0,26.0,25.0,18.0,15.0,22.0,8.0,11.0,21.0],"actual_watch_duration_reward_list":[1570.9515399345,946.5965829649,1731.2020447645,919.534998548,1397.0737060007,2165.1499227654,1341.4498418079,1299.1852546528,1042.4594668719,1444.6183857234,423.7027611054,743.655053969,1509.744527384],"max_clicks_reward_list":[22.9530918182,22.9530918182,22.9530918182,22.9530918182,22.9530918182,22.9530918182,22.9530918182,22.9530918182,22.9530918182,22.9530918182,22.9530918182,22.9530918182,22.9530918182],"max_watch_duration_reward_list":[1574.9630707322,1574.9630707322,1574.9630707322,1574.9630707322,1574.9630707322,1574.9630707322,1574.9630707322,1574.9630707322,1574.9630707322,1574.9630707322,1574.9630707322,1574.9630707322,1574.9630707322]},"BucketSortingWatchTimeAgent":{"actual_clicks_reward_list":[20.0,22.0,17.0,22.0,21.0,15.0,18.0,26.0,23.0,23.0,23.0,19.0,24.0],"actual_watch_duration_reward_list":[1473.1162333577,1245.8581111498,1304.9933423836,1204.7635720456,1525.513376739,1311.8369840535,1499.3427230715,1634.5288383488,1722.8988836701,1524.9297827989,1546.9428735295,998.2372162868,1359.5036011688],"max_clicks_reward_list":[22.9530918182,22.9530918182,22.9530918182,22.9530918182,22.9530918182,22.9530918182,22.9530918182,22.9530918182,22.9530918182,22.9530918182,22.9530918182,22.9530918182,22.9530918182],"max_watch_duration_reward_list":[1574.9630707322,1574.9630707322,1574.9630707322,1574.9630707322,1574.9630707322,1574.9630707322,1574.9630707322,1574.9630707322,1574.9630707322,1574.9630707322,1574.9630707322,1574.9630707322,1574.9630707322]},"PairWiseModelAgent":{"actual_clicks_reward_list":[21.0,22.0,13.0,22.0,20.0,25.0,29.0,19.0,24.0,16.0,28.0,25.0,24.0],"actual_watch_duration_reward_list":[1658.8384613069,1313.7417301983,1167.0824400443,1344.6625456583,1051.0334546183,1929.5988527092,1819.1785045163,798.6717381214,853.8844584741,409.7966939583,1723.7774568081,1618.2166565714,1476.4447805886],"max_clicks_reward_list":[22.9530918182,22.9530918182,22.9530918182,22.9530918182,22.9530918182,22.9530918182,22.9530918182,22.9530918182,22.9530918182,22.9530918182,22.9530918182,22.9530918182,22.9530918182],"max_watch_duration_reward_list":[1574.9630707322,1574.9630707322,1574.9630707322,1574.9630707322,1574.9630707322,1574.9630707322,1574.9630707322,1574.9630707322,1574.9630707322,1574.9630707322,1574.9630707322,1574.9630707322,1574.9630707322]},"WeightedPairWiseModelAgent":{"actual_clicks_reward_list":[19.0,22.0,13.0,17.0,20.0,28.0,30.0,24.0,23.0,20.0,13.0,28.0,20.0],"actual_watch_duration_reward_list":[969.833974334,1130.1321977745,1251.8721906287,1084.8282378623,1112.0122532628,1105.2704332539,1805.8099691871,1556.0740494421,1329.9109232147,972.8334851061,525.2362626129,1642.9220720875,1302.6733394118],"max_clicks_reward_list":[22.9530918182,22.9530918182,22.9530918182,22.9530918182,22.9530918182,22.9530918182,22.9530918182,22.9530918182,22.9530918182,22.9530918182,22.9530918182,22.9530918182,22.9530918182],"max_watch_duration_reward_list":[1574.9630707322,1574.9630707322,1574.9630707322,1574.9630707322,1574.9630707322,1574.9630707322,1574.9630707322,1574.9630707322,1574.9630707322,1574.9630707322,1574.9630707322,1574.9630707322,1574.9630707322]}}