{"TweedieModelAgent":{"actual_clicks_reward_list":[2030.0,1985.0,2010.0,2120.0,1929.0,2080.0,2007.0,2103.0,1950.0,2037.0,2101.0,2037.0,2131.0],"actual_watch_duration_reward_list":[109240.4042658116,102959.5960944143,106708.0970552148,121913.8129069628,118263.1862145874,135158.2324372437,143377.4403174641,148586.2111615605,144305.800707925,137165.0585142119,157306.0354248346,144069.3936495775,153243.3736377196],"max_clicks_reward_list":[2646.7324983011,2646.7324983011,2646.7324983011,2646.7324983011,2646.7324983011,2646.7324983011,2646.7324983011,2646.7324983011,2646.7324983011,2646.7324983011,2646.7324983011,2646.7324983011,2646.7324983011],"max_watch_duration_reward_list":[234664.5672488182,234664.5672488182,234664.5672488182,234664.5672488182,234664.5672488182,234664.5672488182,234664.5672488182,234664.5672488182,234664.5672488182,234664.5672488182,234664.5672488182,234664.5672488182,234664.5672488182]},"WeightedPointWiseModelAgent":{"actual_clicks_reward_list":[2203.0,2051.0,2030.0,1751.0,1782.0,1903.0,1925.0,1961.0,1837.0,1903.0,1887.0,1891.0,1862.0],"actual_watch_duration_reward_list":[121763.0354799004,109429.9722754739,105769.4466862501,113958.9662626884,108997.3309866914,104641.7153463042,116100.0164376831,120190.0809920828,110260.0419066932,117290.7250802628,112271.7150267188,118630.8695998824,111229.1142655537],"max_clicks_reward_list":[2646.7324983011,2646.7324983011,2646.7324983011,2646.7324983011,2646.7324983011,2646.7324983011,2646.7324983011,2646.7324983011,2646.7324983011,2646.7324983011,2646.7324983011,2646.7324983011,2646.7324983011],"max_watch_duration_reward_list":[234664.5672488182,234664.5672488182,234664.5672488182,234664.5672488182,234664.5672488182,234664.5672488182,234664.5672488182,234664.5672488182,234664.5672488182,234664.5672488182,234664.5672488182,234664.5672488182,234664.5672488182]},"PointWiseModelAgent":{"actual_clicks_reward_list":[2036.0,2056.0,2012.0,2142.0,1941.0,2212.0,1954.0,1994.0,2157.0,2234.0,2343.0,2532.0,2457.0],"actual_watch_duration_reward_list":[105538.1229091268,113628.7302458713,109122.8807622698,89019.347402783,104801.5990294821,129825.4636332439,125723.5122509736,122750.2856389681,137861.3335121977,136077.1901631275,133551.7937088476,158911.4129017657,158823.019747008],"max_clicks_reward_list":[2646.7324983011,2646.7324983011,2646.7324983011,2646.7324983011,2646.7324983011,2646.7324983011,2646.7324983011,2646.7324983011,2646.7324983011,2646.7324983011,2646.7324983011,2646.7324983011,2646.7324983011],"max_watch_duration_reward_list":[234664.5672488182,234664.5672488182,234664.5672488182,234664.5672488182,234664.5672488182,234664.5672488182,234664.5672488182,234664.5672488182,234664.5672488182,234664.5672488182,234664.5672488182,234664.5672488182,234664.5672488182]}}