{"TweedieModelAgent":{"actual_clicks_reward_list":[1185.0,1144.0,1103.0,916.0,1078.0,1057.0,1021.0,1098.0,1068.0,1110.0,1137.0,1063.0,1108.0],"actual_watch_duration_reward_list":[64027.7571144436,62084.0127098072,58173.9709504323,43191.7359331392,64607.881730828,63666.2262381706,58619.5512892329,72691.4828673799,73781.8717329971,74922.2425151836,79730.6482772137,78671.3595911561,79819.1030435165],"max_clicks_reward_list":[1251.6425403949,1251.6425403949,1251.6425403949,1251.6425403949,1251.6425403949,1251.6425403949,1251.6425403949,1251.6425403949,1251.6425403949,1251.6425403949,1251.6425403949,1251.6425403949,1251.6425403949],"max_watch_duration_reward_list":[105604.4189948442,105604.4189948442,105604.4189948442,105604.4189948442,105604.4189948442,105604.4189948442,105604.4189948442,105604.4189948442,105604.4189948442,105604.4189948442,105604.4189948442,105604.4189948442,105604.4189948442]},"RegressionModelAgent":{"actual_clicks_reward_list":[1157.0,1153.0,1118.0,1018.0,930.0,976.0,917.0,1131.0,1011.0,939.0,1189.0,1090.0,1154.0],"actual_watch_duration_reward_list":[63348.7569571188,64468.2653503119,62526.1437312827,71132.5744381963,49765.6317646217,70319.9760396141,51400.8312256718,72428.8594425283,65644.0155264128,55776.598371903,77219.1869231817,81288.2844344288,83730.9270183042],"max_clicks_reward_list":[1251.6425403949,1251.6425403949,1251.6425403949,1251.6425403949,1251.6425403949,1251.6425403949,1251.6425403949,1251.6425403949,1251.6425403949,1251.6425403949,1251.6425403949,1251.6425403949,1251.6425403949],"max_watch_duration_reward_list":[105604.4189948442,105604.4189948442,105604.4189948442,105604.4189948442,105604.4189948442,105604.4189948442,105604.4189948442,105604.4189948442,105604.4189948442,105604.4189948442,105604.4189948442,105604.4189948442,105604.4189948442]},"WeightedPointWiseModelAgent":{"actual_clicks_reward_list":[1120.0,1149.0,1093.0,1063.0,1052.0,1116.0,1073.0,1077.0,1121.0,1085.0,1129.0,1047.0,1136.0],"actual_watch_duration_reward_list":[60585.8757928425,63584.7460313216,57637.1299235239,62978.8204452235,57914.5340856348,61414.9323200046,62647.9615214033,62859.3076615509,65109.7508938132,61976.6165997196,65172.847504627,60269.0286588572,66560.6496402789],"max_clicks_reward_list":[1251.6425403949,1251.6425403949,1251.6425403949,1251.6425403949,1251.6425403949,1251.6425403949,1251.6425403949,1251.6425403949,1251.6425403949,1251.6425403949,1251.6425403949,1251.6425403949,1251.6425403949],"max_watch_duration_reward_list":[105604.4189948442,105604.4189948442,105604.4189948442,105604.4189948442,105604.4189948442,105604.4189948442,105604.4189948442,105604.4189948442,105604.4189948442,105604.4189948442,105604.4189948442,105604.4189948442,105604.4189948442]},"PointWiseModelAgent":{"actual_clicks_reward_list":[1134.0,1153.0,1095.0,1037.0,924.0,973.0,947.0,1132.0,1101.0,1117.0,1157.0,1137.0,1155.0],"actual_watch_duration_reward_list":[59604.5840247277,65014.2130091695,61215.4039752422,54787.3093095385,46007.4825042698,57306.4908760544,47522.5158829091,74489.0243490471,62443.5141806875,59410.4471776611,66391.6099311185,66851.1577106844,68255.0685914062],"max_clicks_reward_list":[1251.6425403949,1251.6425403949,1251.6425403949,1251.6425403949,1251.6425403949,1251.6425403949,1251.6425403949,1251.6425403949,1251.6425403949,1251.6425403949,1251.6425403949,1251.6425403949,1251.6425403949],"max_watch_duration_reward_list":[105604.4189948442,105604.4189948442,105604.4189948442,105604.4189948442,105604.4189948442,105604.4189948442,105604.4189948442,105604.4189948442,105604.4189948442,105604.4189948442,105604.4189948442,105604.4189948442,105604.4189948442]}}