{"TweedieModelAgent":{"actual_clicks_reward_list":[19.0,21.0,24.0,16.0,25.0,20.0,24.0,20.0,21.0,27.0,16.0,23.0,18.0],"actual_watch_duration_reward_list":[1319.3318879361,1252.5342493641,1248.7627393173,877.2118154285,1181.5242973449,1361.3597550548,1701.2116692544,1747.8980602799,1485.4718271035,1953.4878142341,1162.1413576083,1981.3460688874,1140.6253724334],"max_clicks_reward_list":[22.5312851765,22.5312851765,22.5312851765,22.5312851765,22.5312851765,22.5312851765,22.5312851765,22.5312851765,22.5312851765,22.5312851765,22.5312851765,22.5312851765,22.5312851765],"max_watch_duration_reward_list":[1606.9479311945,1606.9479311945,1606.9479311945,1606.9479311945,1606.9479311945,1606.9479311945,1606.9479311945,1606.9479311945,1606.9479311945,1606.9479311945,1606.9479311945,1606.9479311945,1606.9479311945]},"RegressionModelAgent":{"actual_clicks_reward_list":[28.0,29.0,22.0,24.0,21.0,20.0,23.0,20.0,27.0,16.0,13.0,15.0,29.0],"actual_watch_duration_reward_list":[1750.0031112318,1686.2566648984,1266.246196239,1649.8736678395,1461.4633414271,1592.2026258049,1507.8396424501,1603.3533018443,1677.292929075,1078.0192418651,779.2518587633,1367.299348783,1293.6451565081],"max_clicks_reward_list":[22.5312851765,22.5312851765,22.5312851765,22.5312851765,22.5312851765,22.5312851765,22.5312851765,22.5312851765,22.5312851765,22.5312851765,22.5312851765,22.5312851765,22.5312851765],"max_watch_duration_reward_list":[1606.9479311945,1606.9479311945,1606.9479311945,1606.9479311945,1606.9479311945,1606.9479311945,1606.9479311945,1606.9479311945,1606.9479311945,1606.9479311945,1606.9479311945,1606.9479311945,1606.9479311945]},"WeightedPointWiseModelAgent":{"actual_clicks_reward_list":[22.0,14.0,18.0,14.0,22.0,11.0,17.0,19.0,16.0,21.0,18.0,24.0,19.0],"actual_watch_duration_reward_list":[1451.3421011575,978.2767416794,1012.9693138205,694.9322218544,1801.9881277569,478.4787017579,1171.1354596521,1051.1537818818,943.64240054,1017.9049941559,1071.0699778242,1438.3522074647,1416.8674050353],"max_clicks_reward_list":[22.5312851765,22.5312851765,22.5312851765,22.5312851765,22.5312851765,22.5312851765,22.5312851765,22.5312851765,22.5312851765,22.5312851765,22.5312851765,22.5312851765,22.5312851765],"max_watch_duration_reward_list":[1606.9479311945,1606.9479311945,1606.9479311945,1606.9479311945,1606.9479311945,1606.9479311945,1606.9479311945,1606.9479311945,1606.9479311945,1606.9479311945,1606.9479311945,1606.9479311945,1606.9479311945]},"PointWiseModelAgent":{"actual_clicks_reward_list":[19.0,23.0,27.0,16.0,24.0,35.0,27.0,21.0,27.0,18.0,29.0,20.0,26.0],"actual_watch_duration_reward_list":[835.2672055405,1450.4779698189,1655.9124900079,1549.3456896572,1316.8322936424,2239.3115095774,1555.5760258884,1695.2913603341,1924.5993002338,1231.600835736,1786.8723510461,1175.4668805742,2013.9625871646],"max_clicks_reward_list":[22.5312851765,22.5312851765,22.5312851765,22.5312851765,22.5312851765,22.5312851765,22.5312851765,22.5312851765,22.5312851765,22.5312851765,22.5312851765,22.5312851765,22.5312851765],"max_watch_duration_reward_list":[1606.9479311945,1606.9479311945,1606.9479311945,1606.9479311945,1606.9479311945,1606.9479311945,1606.9479311945,1606.9479311945,1606.9479311945,1606.9479311945,1606.9479311945,1606.9479311945,1606.9479311945]}}