{"TweedieModelAgent":{"actual_clicks_reward_list":[27.0,26.0,10.0,23.0,25.0,13.0,14.0,16.0,24.0,22.0,17.0,26.0,14.0],"actual_watch_duration_reward_list":[1587.8893832665,1639.766256816,529.646163085,1354.5025046333,1887.168104894,587.2277685466,808.1008540124,1159.3301322928,1920.4170035962,1521.4979774324,770.2730991535,1877.4918254562,1004.7139202616],"max_clicks_reward_list":[23.1746282166,23.1746282166,23.1746282166,23.1746282166,23.1746282166,23.1746282166,23.1746282166,23.1746282166,23.1746282166,23.1746282166,23.1746282166,23.1746282166,23.1746282166],"max_watch_duration_reward_list":[1562.2096496866,1562.2096496866,1562.2096496866,1562.2096496866,1562.2096496866,1562.2096496866,1562.2096496866,1562.2096496866,1562.2096496866,1562.2096496866,1562.2096496866,1562.2096496866,1562.2096496866]},"RegressionModelAgent":{"actual_clicks_reward_list":[19.0,18.0,18.0,15.0,18.0,22.0,22.0,20.0,16.0,18.0,26.0,22.0,21.0],"actual_watch_duration_reward_list":[1448.029965406,955.0316953639,1509.0018809124,1159.7428194392,1243.1661317791,1156.4463919502,1727.2067226942,1707.0850765129,1108.0228041821,1323.6841524147,1529.6792556986,1804.9240190175,1289.6195449307],"max_clicks_reward_list":[23.1746282166,23.1746282166,23.1746282166,23.1746282166,23.1746282166,23.1746282166,23.1746282166,23.1746282166,23.1746282166,23.1746282166,23.1746282166,23.1746282166,23.1746282166],"max_watch_duration_reward_list":[1562.2096496866,1562.2096496866,1562.2096496866,1562.2096496866,1562.2096496866,1562.2096496866,1562.2096496866,1562.2096496866,1562.2096496866,1562.2096496866,1562.2096496866,1562.2096496866,1562.2096496866]},"WeightedPointWiseModelAgent":{"actual_clicks_reward_list":[21.0,17.0,21.0,22.0,22.0,17.0,27.0,20.0,14.0,26.0,24.0,13.0,17.0],"actual_watch_duration_reward_list":[1298.0661551931,1038.6523582069,1724.8471271148,1026.2863312345,1838.0415697825,1376.4028696952,1478.997486816,1720.380782031,959.5416317394,1917.5685337861,1706.3504290644,681.3882412987,594.7948662206],"max_clicks_reward_list":[23.1746282166,23.1746282166,23.1746282166,23.1746282166,23.1746282166,23.1746282166,23.1746282166,23.1746282166,23.1746282166,23.1746282166,23.1746282166,23.1746282166,23.1746282166],"max_watch_duration_reward_list":[1562.2096496866,1562.2096496866,1562.2096496866,1562.2096496866,1562.2096496866,1562.2096496866,1562.2096496866,1562.2096496866,1562.2096496866,1562.2096496866,1562.2096496866,1562.2096496866,1562.2096496866]},"PointWiseModelAgent":{"actual_clicks_reward_list":[31.0,20.0,27.0,10.0,17.0,22.0,17.0,28.0,39.0,23.0,25.0,20.0,25.0],"actual_watch_duration_reward_list":[1584.4549000772,1208.1918037076,2027.7401968955,979.752451016,1500.4380385674,1414.0771525956,1038.487031536,1576.7867166268,2205.791322426,1142.5002890309,1067.9520741871,840.5332441811,1781.6946745841],"max_clicks_reward_list":[23.1746282166,23.1746282166,23.1746282166,23.1746282166,23.1746282166,23.1746282166,23.1746282166,23.1746282166,23.1746282166,23.1746282166,23.1746282166,23.1746282166,23.1746282166],"max_watch_duration_reward_list":[1562.2096496866,1562.2096496866,1562.2096496866,1562.2096496866,1562.2096496866,1562.2096496866,1562.2096496866,1562.2096496866,1562.2096496866,1562.2096496866,1562.2096496866,1562.2096496866,1562.2096496866]}}