{"TweedieModelAgent":{"actual_clicks_reward_list":[1123.0,1172.0,1137.0,1012.0,1043.0,1056.0,1102.0,1057.0,1108.0,1111.0,1124.0,1136.0,1097.0],"actual_watch_duration_reward_list":[65479.3647965386,69747.6988811995,63394.8153896848,44019.9093979941,67842.6878451912,72627.7229745058,76292.1428851185,73821.8552931884,80213.2723620982,75955.5653993404,85318.665930979,84297.9479469984,77153.0139502444],"max_clicks_reward_list":[1333.1909172075,1333.1909172075,1333.1909172075,1333.1909172075,1333.1909172075,1333.1909172075,1333.1909172075,1333.1909172075,1333.1909172075,1333.1909172075,1333.1909172075,1333.1909172075,1333.1909172075],"max_watch_duration_reward_list":[101618.9401933706,101618.9401933706,101618.9401933706,101618.9401933706,101618.9401933706,101618.9401933706,101618.9401933706,101618.9401933706,101618.9401933706,101618.9401933706,101618.9401933706,101618.9401933706,101618.9401933706]},"RegressionModelAgent":{"actual_clicks_reward_list":[1075.0,1122.0,1127.0,989.0,959.0,1090.0,978.0,1055.0,1123.0,1049.0,1013.0,1029.0,973.0],"actual_watch_duration_reward_list":[64859.287279999,65285.8518636397,64875.5932223126,64422.3541893279,67336.325967755,76022.8464930989,76267.7484362673,73457.561198619,81238.0557147039,81540.2470962419,69738.5970859352,67960.1851463189,72639.001936072],"max_clicks_reward_list":[1333.1909172075,1333.1909172075,1333.1909172075,1333.1909172075,1333.1909172075,1333.1909172075,1333.1909172075,1333.1909172075,1333.1909172075,1333.1909172075,1333.1909172075,1333.1909172075,1333.1909172075],"max_watch_duration_reward_list":[101618.9401933706,101618.9401933706,101618.9401933706,101618.9401933706,101618.9401933706,101618.9401933706,101618.9401933706,101618.9401933706,101618.9401933706,101618.9401933706,101618.9401933706,101618.9401933706,101618.9401933706]},"WeightedPointWiseModelAgent":{"actual_clicks_reward_list":[1127.0,1114.0,1111.0,1089.0,987.0,1141.0,1086.0,1130.0,1037.0,1116.0,1126.0,1104.0,1141.0],"actual_watch_duration_reward_list":[65041.774788411,64842.9577399881,65613.9527092754,62178.6745990837,59781.6234152783,72502.6103138292,61839.2755135004,68502.686325009,62033.4028354891,67197.418459675,68346.7324356344,64681.9071666184,72083.3918422591],"max_clicks_reward_list":[1333.1909172075,1333.1909172075,1333.1909172075,1333.1909172075,1333.1909172075,1333.1909172075,1333.1909172075,1333.1909172075,1333.1909172075,1333.1909172075,1333.1909172075,1333.1909172075,1333.1909172075],"max_watch_duration_reward_list":[101618.9401933706,101618.9401933706,101618.9401933706,101618.9401933706,101618.9401933706,101618.9401933706,101618.9401933706,101618.9401933706,101618.9401933706,101618.9401933706,101618.9401933706,101618.9401933706,101618.9401933706]},"PointWiseModelAgent":{"actual_clicks_reward_list":[1157.0,1096.0,1192.0,974.0,1063.0,1046.0,1103.0,1064.0,1061.0,1106.0,1255.0,1234.0,1218.0],"actual_watch_duration_reward_list":[68169.2017728491,62721.5897803299,71585.0363676882,46998.783487912,62028.6077081259,48659.2962954978,50830.5818989803,48458.1487351055,59918.2392001815,56139.208086634,71513.3860315773,70634.0780588931,65471.922792108],"max_clicks_reward_list":[1333.1909172075,1333.1909172075,1333.1909172075,1333.1909172075,1333.1909172075,1333.1909172075,1333.1909172075,1333.1909172075,1333.1909172075,1333.1909172075,1333.1909172075,1333.1909172075,1333.1909172075],"max_watch_duration_reward_list":[101618.9401933706,101618.9401933706,101618.9401933706,101618.9401933706,101618.9401933706,101618.9401933706,101618.9401933706,101618.9401933706,101618.9401933706,101618.9401933706,101618.9401933706,101618.9401933706,101618.9401933706]},"BanditAgent":{"actual_clicks_reward_list":[1107.0,1172.0,1141.0,968.0,1004.0,971.0,1007.0,1027.0,1058.0,1002.0,1101.0,1040.0,1078.0],"actual_watch_duration_reward_list":[65462.0885718466,69934.2340589523,66248.7410672226,55127.2444845865,56946.9443926712,54867.9659696141,59777.8591825776,59233.6736926669,58287.3981382922,58261.2013450631,62159.3697621714,58655.3271476212,64899.1072011291],"max_clicks_reward_list":[1333.1909172075,1333.1909172075,1333.1909172075,1333.1909172075,1333.1909172075,1333.1909172075,1333.1909172075,1333.1909172075,1333.1909172075,1333.1909172075,1333.1909172075,1333.1909172075,1333.1909172075],"max_watch_duration_reward_list":[101618.9401933706,101618.9401933706,101618.9401933706,101618.9401933706,101618.9401933706,101618.9401933706,101618.9401933706,101618.9401933706,101618.9401933706,101618.9401933706,101618.9401933706,101618.9401933706,101618.9401933706]},"BucketSortingAgent":{"actual_clicks_reward_list":[1065.0,1081.0,1167.0,1076.0,1097.0,1140.0,1103.0,1103.0,1135.0,1217.0,1099.0,1180.0,1152.0],"actual_watch_duration_reward_list":[63491.4662771622,65974.6781083547,71406.468597177,62361.5870557465,62597.7591308194,63335.3574872521,65612.7048756278,64685.3754243975,64659.6946004514,69697.418185618,65384.5895763548,70545.6904677793,69260.6349943746],"max_clicks_reward_list":[1333.1909172075,1333.1909172075,1333.1909172075,1333.1909172075,1333.1909172075,1333.1909172075,1333.1909172075,1333.1909172075,1333.1909172075,1333.1909172075,1333.1909172075,1333.1909172075,1333.1909172075],"max_watch_duration_reward_list":[101618.9401933706,101618.9401933706,101618.9401933706,101618.9401933706,101618.9401933706,101618.9401933706,101618.9401933706,101618.9401933706,101618.9401933706,101618.9401933706,101618.9401933706,101618.9401933706,101618.9401933706]},"BucketSortingWatchTimeAgent":{"actual_clicks_reward_list":[1080.0,1137.0,1138.0,1119.0,1067.0,1123.0,1075.0,1129.0,1093.0,1153.0,1119.0,1116.0,1130.0],"actual_watch_duration_reward_list":[63844.7791571007,66132.1316021282,64510.7604086695,67061.5552523379,64179.9637299658,68962.9776564511,67382.4177601744,73362.0290627614,66973.9828093359,75789.0562038386,70013.4033048246,70812.9173211272,71865.9992100737],"max_clicks_reward_list":[1333.1909172075,1333.1909172075,1333.1909172075,1333.1909172075,1333.1909172075,1333.1909172075,1333.1909172075,1333.1909172075,1333.1909172075,1333.1909172075,1333.1909172075,1333.1909172075,1333.1909172075],"max_watch_duration_reward_list":[101618.9401933706,101618.9401933706,101618.9401933706,101618.9401933706,101618.9401933706,101618.9401933706,101618.9401933706,101618.9401933706,101618.9401933706,101618.9401933706,101618.9401933706,101618.9401933706,101618.9401933706]},"PairWiseModelAgent":{"actual_clicks_reward_list":[1148.0,1136.0,1064.0,980.0,991.0,1059.0,1066.0,1108.0,1085.0,1134.0,1063.0,1106.0,1082.0],"actual_watch_duration_reward_list":[67468.2175185912,66475.3088500392,61828.1793729897,54442.6579089706,48103.8173098203,62273.3545476743,54604.1864160333,48747.6593100515,56933.0119973178,63674.5293618511,61755.9035757434,59182.9772340918,43596.5309482141],"max_clicks_reward_list":[1333.1909172075,1333.1909172075,1333.1909172075,1333.1909172075,1333.1909172075,1333.1909172075,1333.1909172075,1333.1909172075,1333.1909172075,1333.1909172075,1333.1909172075,1333.1909172075,1333.1909172075],"max_watch_duration_reward_list":[101618.9401933706,101618.9401933706,101618.9401933706,101618.9401933706,101618.9401933706,101618.9401933706,101618.9401933706,101618.9401933706,101618.9401933706,101618.9401933706,101618.9401933706,101618.9401933706,101618.9401933706]},"WeightedPairWiseModelAgent":{"actual_clicks_reward_list":[1100.0,1103.0,1056.0,957.0,1085.0,1059.0,951.0,1039.0,1096.0,1069.0,955.0,1026.0,1086.0],"actual_watch_duration_reward_list":[64260.2129449502,64521.0594307981,62512.085222344,54268.2847119336,83098.0543964333,56334.280941877,52231.3220573704,79091.223597394,88689.6673662906,82874.4232731432,53974.8207695566,69133.186220689,49289.1751252823],"max_clicks_reward_list":[1333.1909172075,1333.1909172075,1333.1909172075,1333.1909172075,1333.1909172075,1333.1909172075,1333.1909172075,1333.1909172075,1333.1909172075,1333.1909172075,1333.1909172075,1333.1909172075,1333.1909172075],