{"TweedieModelAgent":{"actual_clicks_reward_list":[2046.0,2056.0,2068.0,2172.0,2181.0,2018.0,2135.0,1856.0,2185.0,2150.0,2177.0,2214.0,2237.0],"actual_watch_duration_reward_list":[145840.2149235242,146780.0581842158,142105.5815157311,132484.981553861,118714.1196657468,92824.8147316701,110878.2717154153,103615.2503495756,157496.5493591788,161780.7740675335,183519.2892160236,192742.2981851126,183634.0605782836],"max_clicks_reward_list":[2728.3365315001,2728.3365315001,2728.3365315001,2728.3365315001,2728.3365315001,2728.3365315001,2728.3365315001,2728.3365315001,2728.3365315001,2728.3365315001,2728.3365315001,2728.3365315001,2728.3365315001],"max_watch_duration_reward_list":[213345.8965894537,213345.8965894537,213345.8965894537,213345.8965894537,213345.8965894537,213345.8965894537,213345.8965894537,213345.8965894537,213345.8965894537,213345.8965894537,213345.8965894537,213345.8965894537,213345.8965894537]},"WeightedPointWiseModelAgent":{"actual_clicks_reward_list":[2063.0,2019.0,2108.0,2120.0,1975.0,2030.0,2089.0,1893.0,1974.0,2064.0,2131.0,1987.0,1982.0],"actual_watch_duration_reward_list":[146505.2824644832,137439.1651732115,146055.3252137097,146210.0124813196,135721.5545357965,130633.5271977366,162402.5204730071,144037.5145040275,160982.0642147337,162320.0039474634,163409.0549129625,150686.7479675575,152033.4174838155],"max_clicks_reward_list":[2728.3365315001,2728.3365315001,2728.3365315001,2728.3365315001,2728.3365315001,2728.3365315001,2728.3365315001,2728.3365315001,2728.3365315001,2728.3365315001,2728.3365315001,2728.3365315001,2728.3365315001],"max_watch_duration_reward_list":[213345.8965894537,213345.8965894537,213345.8965894537,213345.8965894537,213345.8965894537,213345.8965894537,213345.8965894537,213345.8965894537,213345.8965894537,213345.8965894537,213345.8965894537,213345.8965894537,213345.8965894537]},"PointWiseModelAgent":{"actual_clicks_reward_list":[2084.0,2022.0,2038.0,2197.0,2081.0,2051.0,1812.0,2207.0,1892.0,2167.0,2474.0,2249.0,2339.0],"actual_watch_duration_reward_list":[147154.3373316426,142644.6125291775,144747.9780258988,80914.3421669855,116077.3829255698,95247.8117459986,81017.2404854935,116820.5187006577,119791.9776618899,119018.4125451096,127271.5220057565,111189.8019775453,121317.7801384246],"max_clicks_reward_list":[2728.3365315001,2728.3365315001,2728.3365315001,2728.3365315001,2728.3365315001,2728.3365315001,2728.3365315001,2728.3365315001,2728.3365315001,2728.3365315001,2728.3365315001,2728.3365315001,2728.3365315001],"max_watch_duration_reward_list":[213345.8965894537,213345.8965894537,213345.8965894537,213345.8965894537,213345.8965894537,213345.8965894537,213345.8965894537,213345.8965894537,213345.8965894537,213345.8965894537,213345.8965894537,213345.8965894537,213345.8965894537]}}