{"TweedieModelAgent":{"actual_clicks_reward_list":[2079.0,2046.0,2099.0,2003.0,1775.0,2008.0,2110.0,2139.0,2010.0,2092.0,2103.0,2080.0,2091.0],"actual_watch_duration_reward_list":[120865.6396121401,125691.1760968174,125973.755506862,104994.7459087841,73671.758622941,127523.1806237337,151290.031922181,161166.8790963029,146618.6101231285,155222.035283138,165728.7019861871,163641.4679359074,163702.7155142845],"max_clicks_reward_list":[2679.6920521093,2679.6920521093,2679.6920521093,2679.6920521093,2679.6920521093,2679.6920521093,2679.6920521093,2679.6920521093,2679.6920521093,2679.6920521093,2679.6920521093,2679.6920521093,2679.6920521093],"max_watch_duration_reward_list":[214186.2290463164,214186.2290463164,214186.2290463164,214186.2290463164,214186.2290463164,214186.2290463164,214186.2290463164,214186.2290463164,214186.2290463164,214186.2290463164,214186.2290463164,214186.2290463164,214186.2290463164]},"RegressionModelAgent":{"actual_clicks_reward_list":[2016.0,2086.0,2026.0,1996.0,1920.0,2231.0,2096.0,2191.0,2180.0,2323.0,2183.0,2037.0,2201.0],"actual_watch_duration_reward_list":[118817.5588185899,122914.7468548013,117602.7305820356,131541.9112560081,121981.0145091417,165954.1150710772,115114.748441724,159514.4125644771,147538.2262755876,182262.8071789806,161000.8699588698,115204.2565724204,159934.1719075071],"max_clicks_reward_list":[2679.6920521093,2679.6920521093,2679.6920521093,2679.6920521093,2679.6920521093,2679.6920521093,2679.6920521093,2679.6920521093,2679.6920521093,2679.6920521093,2679.6920521093,2679.6920521093,2679.6920521093],"max_watch_duration_reward_list":[214186.2290463164,214186.2290463164,214186.2290463164,214186.2290463164,214186.2290463164,214186.2290463164,214186.2290463164,214186.2290463164,214186.2290463164,214186.2290463164,214186.2290463164,214186.2290463164,214186.2290463164]},"WeightedPointWiseModelAgent":{"actual_clicks_reward_list":[2046.0,2042.0,2057.0,2068.0,2145.0,2079.0,2001.0,2008.0,2077.0,2160.0,2032.0,2058.0,2091.0],"actual_watch_duration_reward_list":[119935.560384272,117954.810706231,117015.0351218734,113596.1707525574,119233.0421010172,121339.9475742384,114549.1433144436,112492.2406399207,111990.9570207368,120590.6176432338,110489.3259634683,115698.566511671,120597.2647020151],"max_clicks_reward_list":[2679.6920521093,2679.6920521093,2679.6920521093,2679.6920521093,2679.6920521093,2679.6920521093,2679.6920521093,2679.6920521093,2679.6920521093,2679.6920521093,2679.6920521093,2679.6920521093,2679.6920521093],"max_watch_duration_reward_list":[214186.2290463164,214186.2290463164,214186.2290463164,214186.2290463164,214186.2290463164,214186.2290463164,214186.2290463164,214186.2290463164,214186.2290463164,214186.2290463164,214186.2290463164,214186.2290463164,214186.2290463164]},"PointWiseModelAgent":{"actual_clicks_reward_list":[2073.0,2080.0,2059.0,2115.0,1791.0,2122.0,1937.0,2115.0,1916.0,1908.0,1972.0,2269.0,2289.0],"actual_watch_duration_reward_list":[119515.0080630473,118922.1972084416,119357.8241659228,114824.6573705685,112780.6542689973,127463.5846196331,115133.4311930203,101163.8232280237,134302.0485201026,91965.8472979271,118169.3035923068,145129.2712738664,139846.1807159567],"max_clicks_reward_list":[2679.6920521093,2679.6920521093,2679.6920521093,2679.6920521093,2679.6920521093,2679.6920521093,2679.6920521093,2679.6920521093,2679.6920521093,2679.6920521093,2679.6920521093,2679.6920521093,2679.6920521093],"max_watch_duration_reward_list":[214186.2290463164,214186.2290463164,214186.2290463164,214186.2290463164,214186.2290463164,214186.2290463164,214186.2290463164,214186.2290463164,214186.2290463164,214186.2290463164,214186.2290463164,214186.2290463164,214186.2290463164]}}