{"TweedieModelAgent":{"actual_clicks_reward_list":[196.0,192.0,181.0,214.0,212.0,218.0,229.0,214.0,228.0,265.0,220.0,236.0,204.0],"actual_watch_duration_reward_list":[9257.1116810194,9186.5110389879,8547.8957486283,14067.3399757625,13397.0150911371,13314.0186468069,16499.2106668707,13320.471482419,14808.6877778391,16999.0862948128,14725.4270247055,16097.6079388689,13179.337039939],"max_clicks_reward_list":[236.9094660641,236.9094660641,236.9094660641,236.9094660641,236.9094660641,236.9094660641,236.9094660641,236.9094660641,236.9094660641,236.9094660641,236.9094660641,236.9094660641,236.9094660641],"max_watch_duration_reward_list":[18676.9392763029,18676.9392763029,18676.9392763029,18676.9392763029,18676.9392763029,18676.9392763029,18676.9392763029,18676.9392763029,18676.9392763029,18676.9392763029,18676.9392763029,18676.9392763029,18676.9392763029]},"RegressionModelAgent":{"actual_clicks_reward_list":[195.0,173.0,197.0,236.0,209.0,223.0,223.0,219.0,203.0,202.0,213.0,215.0,233.0],"actual_watch_duration_reward_list":[10560.1410287392,7595.4892291872,8819.6693853569,15073.1056726463,13592.2976261258,17429.7078249642,15462.9863269849,15473.2502897328,16325.6401274377,12987.0199696497,14212.3379256124,13666.8396080598,15305.9315210256],"max_clicks_reward_list":[236.9094660641,236.9094660641,236.9094660641,236.9094660641,236.9094660641,236.9094660641,236.9094660641,236.9094660641,236.9094660641,236.9094660641,236.9094660641,236.9094660641,236.9094660641],"max_watch_duration_reward_list":[18676.9392763029,18676.9392763029,18676.9392763029,18676.9392763029,18676.9392763029,18676.9392763029,18676.9392763029,18676.9392763029,18676.9392763029,18676.9392763029,18676.9392763029,18676.9392763029,18676.9392763029]},"WeightedPointWiseModelAgent":{"actual_clicks_reward_list":[185.0,181.0,181.0,184.0,183.0,200.0,213.0,222.0,186.0,194.0,191.0,187.0,186.0],"actual_watch_duration_reward_list":[8114.1635888407,9155.4740598199,7884.9343563989,8095.7451879844,8878.5959777671,11168.601037643,10908.9293840689,10502.8533332372,9285.3572330727,9639.9363190743,10440.3640522492,10137.5204028197,10139.7644094644],"max_clicks_reward_list":[236.9094660641,236.9094660641,236.9094660641,236.9094660641,236.9094660641,236.9094660641,236.9094660641,236.9094660641,236.9094660641,236.9094660641,236.9094660641,236.9094660641,236.9094660641],"max_watch_duration_reward_list":[18676.9392763029,18676.9392763029,18676.9392763029,18676.9392763029,18676.9392763029,18676.9392763029,18676.9392763029,18676.9392763029,18676.9392763029,18676.9392763029,18676.9392763029,18676.9392763029,18676.9392763029]},"PointWiseModelAgent":{"actual_clicks_reward_list":[185.0,175.0,185.0,201.0,211.0,183.0,196.0,208.0,193.0,183.0,199.0,219.0,232.0],"actual_watch_duration_reward_list":[8585.6076092451,8217.3921582284,9103.1405033681,13386.3394956269,14115.0432734869,9355.3939616516,14702.7096180823,10973.9360241699,13778.1567231864,7223.7858811539,12800.1197835891,14802.4630686658,16317.884061558],"max_clicks_reward_list":[236.9094660641,236.9094660641,236.9094660641,236.9094660641,236.9094660641,236.9094660641,236.9094660641,236.9094660641,236.9094660641,236.9094660641,236.9094660641,236.9094660641,236.9094660641],"max_watch_duration_reward_list":[18676.9392763029,18676.9392763029,18676.9392763029,18676.9392763029,18676.9392763029,18676.9392763029,18676.9392763029,18676.9392763029,18676.9392763029,18676.9392763029,18676.9392763029,18676.9392763029,18676.9392763029]}}