{"TweedieModelAgent":{"actual_clicks_reward_list":[14.0,19.0,24.0,22.0,19.0,22.0,19.0,30.0,28.0,17.0,21.0,29.0,27.0],"actual_watch_duration_reward_list":[654.1837873076,886.2415151587,1506.6825789294,1309.9950045773,938.723970804,1894.3194988302,1242.9204916908,1811.9678611333,1820.9204099259,1405.6504995823,1188.6219156644,2089.7081969581,1916.9369970124],"max_clicks_reward_list":[22.7817025372,22.7817025372,22.7817025372,22.7817025372,22.7817025372,22.7817025372,22.7817025372,22.7817025372,22.7817025372,22.7817025372,22.7817025372,22.7817025372,22.7817025372],"max_watch_duration_reward_list":[1686.446289133,1686.446289133,1686.446289133,1686.446289133,1686.446289133,1686.446289133,1686.446289133,1686.446289133,1686.446289133,1686.446289133,1686.446289133,1686.446289133,1686.446289133]},"WeightedPointWiseModelAgent":{"actual_clicks_reward_list":[18.0,21.0,21.0,26.0,22.0,18.0,21.0,27.0,16.0,14.0,22.0,19.0,22.0],"actual_watch_duration_reward_list":[1333.970558822,803.9698546616,997.4022856701,1736.7048603684,1351.0522802544,1596.2992192724,1645.8973619801,1620.4162904562,874.8929375456,1244.8768255019,1606.4322082684,1548.2572495459,1460.3810739308],"max_clicks_reward_list":[22.7817025372,22.7817025372,22.7817025372,22.7817025372,22.7817025372,22.7817025372,22.7817025372,22.7817025372,22.7817025372,22.7817025372,22.7817025372,22.7817025372,22.7817025372],"max_watch_duration_reward_list":[1686.446289133,1686.446289133,1686.446289133,1686.446289133,1686.446289133,1686.446289133,1686.446289133,1686.446289133,1686.446289133,1686.446289133,1686.446289133,1686.446289133,1686.446289133]},"PointWiseModelAgent":{"actual_clicks_reward_list":[22.0,16.0,24.0,20.0,18.0,17.0,14.0,15.0,21.0,16.0,30.0,24.0,21.0],"actual_watch_duration_reward_list":[1023.0907268733,728.8003614317,1036.2134747031,1155.4902382012,1709.3724549424,1245.6877663237,1004.2108981774,1013.2588226465,862.9782569191,1416.4068528812,1745.550656162,1486.4502646675,1186.7661092631],"max_clicks_reward_list":[22.7817025372,22.7817025372,22.7817025372,22.7817025372,22.7817025372,22.7817025372,22.7817025372,22.7817025372,22.7817025372,22.7817025372,22.7817025372,22.7817025372,22.7817025372],"max_watch_duration_reward_list":[1686.446289133,1686.446289133,1686.446289133,1686.446289133,1686.446289133,1686.446289133,1686.446289133,1686.446289133,1686.446289133,1686.446289133,1686.446289133,1686.446289133,1686.446289133]},"BanditAgent":{"actual_clicks_reward_list":[25.0,24.0,18.0,23.0,21.0,17.0,20.0,25.0,22.0,25.0,19.0,14.0,30.0],"actual_watch_duration_reward_list":[1175.4957031366,1458.4706139681,877.3743795301,1197.7109994212,1460.4834750616,1332.8557343376,726.1136148841,1826.230156241,1286.9038408088,1581.4082726145,807.0331936109,794.097281474,1398.9994239951],"max_clicks_reward_list":[22.7817025372,22.7817025372,22.7817025372,22.7817025372,22.7817025372,22.7817025372,22.7817025372,22.7817025372,22.7817025372,22.7817025372,22.7817025372,22.7817025372,22.7817025372],"max_watch_duration_reward_list":[1686.446289133,1686.446289133,1686.446289133,1686.446289133,1686.446289133,1686.446289133,1686.446289133,1686.446289133,1686.446289133,1686.446289133,1686.446289133,1686.446289133,1686.446289133]},"BucketSortingAgent":{"actual_clicks_reward_list":[23.0,18.0,21.0,16.0,28.0,17.0,23.0,26.0,16.0,18.0,21.0,23.0,18.0],"actual_watch_duration_reward_list":[1487.1815989004,794.3487285487,1237.4508612677,932.9235386425,1423.1474330195,891.6813954986,1359.8163596591,1429.2415445547,666.2962956081,1233.1988732355,918.6444832082,1583.6973254528,559.016544236],"max_clicks_reward_list":[22.7817025372,22.7817025372,22.7817025372,22.7817025372,22.7817025372,22.7817025372,22.7817025372,22.7817025372,22.7817025372,22.7817025372,22.7817025372,22.7817025372,22.7817025372],"max_watch_duration_reward_list":[1686.446289133,1686.446289133,1686.446289133,1686.446289133,1686.446289133,1686.446289133,1686.446289133,1686.446289133,1686.446289133,1686.446289133,1686.446289133,1686.446289133,1686.446289133]},"BucketSortingWatchTimeAgent":{"actual_clicks_reward_list":[21.0,13.0,24.0,18.0,27.0,14.0,22.0,17.0,18.0,24.0,18.0,29.0,11.0],"actual_watch_duration_reward_list":[927.9716963731,561.1958575064,1198.3983346347,993.0603979193,2144.1339864226,929.4255334336,1781.5608668779,1008.3557660394,1232.424853157,1285.6955613971,1423.293397568,1928.5898938646,535.3570885355],"max_clicks_reward_list":[22.7817025372,22.7817025372,22.7817025372,22.7817025372,22.7817025372,22.7817025372,22.7817025372,22.7817025372,22.7817025372,22.7817025372,22.7817025372,22.7817025372,22.7817025372],"max_watch_duration_reward_list":[1686.446289133,1686.446289133,1686.446289133,1686.446289133,1686.446289133,1686.446289133,1686.446289133,1686.446289133,1686.446289133,1686.446289133,1686.446289133,1686.446289133,1686.446289133]},"PairWiseModelAgent":{"actual_clicks_reward_list":[17.0,15.0,20.0,27.0,29.0,29.0,14.0,24.0,18.0,18.0,14.0,17.0,27.0],"actual_watch_duration_reward_list":[1058.1790641121,783.0407268199,1290.3352606078,1339.9787595749,1578.0445447571,1200.0334210839,619.9050147455,1265.3656171806,955.685476131,887.895440906,573.217854414,776.282592175,1491.862577112],"max_clicks_reward_list":[22.7817025372,22.7817025372,22.7817025372,22.7817025372,22.7817025372,22.7817025372,22.7817025372,22.7817025372,22.7817025372,22.7817025372,22.7817025372,22.7817025372,22.7817025372],"max_watch_duration_reward_list":[1686.446289133,1686.446289133,1686.446289133,1686.446289133,1686.446289133,1686.446289133,1686.446289133,1686.446289133,1686.446289133,1686.446289133,1686.446289133,1686.446289133,1686.446289133]},"WeightedPairWiseModelAgent":{"actual_clicks_reward_list":[19.0,20.0,22.0,17.0,24.0,22.0,27.0,19.0,25.0,18.0,17.0,17.0,25.0],"actual_watch_duration_reward_list":[1065.8222951802,1119.8498391167,1622.9776144305,987.4793491319,1895.6305137421,1380.4906765643,2001.4377022174,1501.1219559543,2270.8811335685,1284.4338171651,1649.5744002953,1497.8988466623,1625.1103687452],"max_clicks_reward_list":[22.7817025372,22.7817025372,22.7817025372,22.7817025372,22.7817025372,22.7817025372,22.7817025372,22.7817025372,22.7817025372,22.7817025372,22.7817025372,22.7817025372,22.7817025372],"max_watch_duration_reward_list":[1686.446289133,1686.446289133,1686.446289133,1686.446289133,1686.446289133,1686.446289133,1686.446289133,1686.446289133,1686.446289133,1686.446289133,1686.446289133,1686.446289133,1686.446289133]}}