{"TweedieModelAgent":{"actual_clicks_reward_list":[4222.0,4289.0,4195.0,4018.0,4407.0,4007.0,4973.0,4743.0,5135.0,5335.0,5358.0,5168.0,5236.0],"actual_watch_duration_reward_list":[250965.159330499,252140.9644661389,248367.5025861663,226350.7366015419,203919.4091214977,260086.2030306203,347198.7539727194,351328.6303834145,386719.8900106324,415060.4389745574,417436.2410233649,404457.171304752,406980.8435856387],"max_clicks_reward_list":[5534.5585985624,5534.5585985624,5534.5585985624,5534.5585985624,5534.5585985624,5534.5585985624,5534.5585985624,5534.5585985624,5534.5585985624,5534.5585985624,5534.5585985624,5534.5585985624,5534.5585985624],"max_watch_duration_reward_list":[468445.5331603799,468445.5331603799,468445.5331603799,468445.5331603799,468445.5331603799,468445.5331603799,468445.5331603799,468445.5331603799,468445.5331603799,468445.5331603799,468445.5331603799,468445.5331603799,468445.5331603799]},"RegressionModelAgent":{"actual_clicks_reward_list":[4284.0,4311.0,4257.0,4156.0,4290.0,4185.0,3778.0,4254.0,3681.0,4063.0,3914.0,3998.0,3812.0],"actual_watch_duration_reward_list":[254136.6117395979,250929.5321284448,247654.0315524251,230292.192781496,277885.7612400108,226128.771834833,233810.8252015135,227718.128290533,216348.66406641,292846.1045019226,270360.948320104,249845.1349192958,228961.4853387486],"max_clicks_reward_list":[5534.5585985624,5534.5585985624,5534.5585985624,5534.5585985624,5534.5585985624,5534.5585985624,5534.5585985624,5534.5585985624,5534.5585985624,5534.5585985624,5534.5585985624,5534.5585985624,5534.5585985624],"max_watch_duration_reward_list":[468445.5331603799,468445.5331603799,468445.5331603799,468445.5331603799,468445.5331603799,468445.5331603799,468445.5331603799,468445.5331603799,468445.5331603799,468445.5331603799,468445.5331603799,468445.5331603799,468445.5331603799]},"WeightedPointWiseModelAgent":{"actual_clicks_reward_list":[4322.0,4290.0,4175.0,3986.0,4478.0,4318.0,4268.0,4224.0,4322.0,4307.0,4317.0,4219.0,4363.0],"actual_watch_duration_reward_list":[258281.5624131716,256009.359251144,247354.449667421,203734.7219670766,247590.9862888348,221468.341813527,246457.9056529469,235485.3092522797,250545.1675505387,247224.7479021015,262741.6541391318,255142.998295215,260755.9517930748],"max_clicks_reward_list":[5534.5585985624,5534.5585985624,5534.5585985624,5534.5585985624,5534.5585985624,5534.5585985624,5534.5585985624,5534.5585985624,5534.5585985624,5534.5585985624,5534.5585985624,5534.5585985624,5534.5585985624],"max_watch_duration_reward_list":[468445.5331603799,468445.5331603799,468445.5331603799,468445.5331603799,468445.5331603799,468445.5331603799,468445.5331603799,468445.5331603799,468445.5331603799,468445.5331603799,468445.5331603799,468445.5331603799,468445.5331603799]},"PointWiseModelAgent":{"actual_clicks_reward_list":[4140.0,4196.0,4151.0,3847.0,3552.0,3890.0,4434.0,4328.0,4342.0,4482.0,4148.0,4378.0,4066.0],"actual_watch_duration_reward_list":[244959.1093823191,250667.5708917608,244152.6473365047,208961.7365800378,206546.362576262,235549.9855398579,281762.8173541618,254477.0819340631,269946.3881982362,294428.7001170461,248407.8947062651,267104.2727689941,228798.4091123009],"max_clicks_reward_list":[5534.5585985624,5534.5585985624,5534.5585985624,5534.5585985624,5534.5585985624,5534.5585985624,5534.5585985624,5534.5585985624,5534.5585985624,5534.5585985624,5534.5585985624,5534.5585985624,5534.5585985624],"max_watch_duration_reward_list":[468445.5331603799,468445.5331603799,468445.5331603799,468445.5331603799,468445.5331603799,468445.5331603799,468445.5331603799,468445.5331603799,468445.5331603799,468445.5331603799,468445.5331603799,468445.5331603799,468445.5331603799]}}