{"TweedieModelAgent":{"actual_clicks_reward_list":[2012.0,1945.0,2089.0,2134.0,2142.0,2067.0,2049.0,2184.0,2252.0,2145.0,2152.0,2273.0,2196.0],"actual_watch_duration_reward_list":[83909.3116628227,81392.4135861363,86752.3162516053,138524.6460843938,123394.1095822451,127665.7654999957,148433.5123514864,177584.8595591444,179328.0887162591,173655.0304206657,176556.4814686519,179232.5101664065,181012.6471265559],"max_clicks_reward_list":[2643.4501782541,2643.4501782541,2643.4501782541,2643.4501782541,2643.4501782541,2643.4501782541,2643.4501782541,2643.4501782541,2643.4501782541,2643.4501782541,2643.4501782541,2643.4501782541,2643.4501782541],"max_watch_duration_reward_list":[235792.3672437838,235792.3672437838,235792.3672437838,235792.3672437838,235792.3672437838,235792.3672437838,235792.3672437838,235792.3672437838,235792.3672437838,235792.3672437838,235792.3672437838,235792.3672437838,235792.3672437838]},"RegressionModelAgent":{"actual_clicks_reward_list":[2026.0,1992.0,2069.0,1931.0,2279.0,1973.0,1854.0,1990.0,1893.0,2268.0,2143.0,2094.0,2034.0],"actual_watch_duration_reward_list":[86313.503723902,84688.4648773062,88908.1853508913,140903.6050820046,129367.3592092523,111922.9459135692,100310.3218278257,99582.1952846698,112701.2838114901,162759.8348333117,137214.70192795,152465.7470350064,121217.7778609917],"max_clicks_reward_list":[2643.4501782541,2643.4501782541,2643.4501782541,2643.4501782541,2643.4501782541,2643.4501782541,2643.4501782541,2643.4501782541,2643.4501782541,2643.4501782541,2643.4501782541,2643.4501782541,2643.4501782541],"max_watch_duration_reward_list":[235792.3672437838,235792.3672437838,235792.3672437838,235792.3672437838,235792.3672437838,235792.3672437838,235792.3672437838,235792.3672437838,235792.3672437838,235792.3672437838,235792.3672437838,235792.3672437838,235792.3672437838]},"WeightedPointWiseModelAgent":{"actual_clicks_reward_list":[2012.0,2046.0,2062.0,2030.0,2158.0,2148.0,2080.0,2083.0,2099.0,2100.0,2142.0,2153.0,2079.0],"actual_watch_duration_reward_list":[81312.8450152856,88184.5211007005,86299.446094175,123422.1731495416,139253.4764764665,136791.5239182419,145235.0263655171,132673.094289329,125925.6927993789,126025.0645215463,129414.9725171048,135710.0428893683,130094.6223881572],"max_clicks_reward_list":[2643.4501782541,2643.4501782541,2643.4501782541,2643.4501782541,2643.4501782541,2643.4501782541,2643.4501782541,2643.4501782541,2643.4501782541,2643.4501782541,2643.4501782541,2643.4501782541,2643.4501782541],"max_watch_duration_reward_list":[235792.3672437838,235792.3672437838,235792.3672437838,235792.3672437838,235792.3672437838,235792.3672437838,235792.3672437838,235792.3672437838,235792.3672437838,235792.3672437838,235792.3672437838,235792.3672437838,235792.3672437838]},"PointWiseModelAgent":{"actual_clicks_reward_list":[2084.0,2083.0,2014.0,1868.0,2035.0,1837.0,1938.0,1969.0,2269.0,2350.0,2214.0,2208.0,2492.0],"actual_watch_duration_reward_list":[87372.8820714367,85924.3094918837,87635.5798563219,122325.8955552671,124382.61720904,87812.79497424,96074.753253471,100389.1985940988,129394.7825538192,129998.7026472513,114556.0293748839,113488.256764932,125199.2949904837],"max_clicks_reward_list":[2643.4501782541,2643.4501782541,2643.4501782541,2643.4501782541,2643.4501782541,2643.4501782541,2643.4501782541,2643.4501782541,2643.4501782541,2643.4501782541,2643.4501782541,2643.4501782541,2643.4501782541],"max_watch_duration_reward_list":[235792.3672437838,235792.3672437838,235792.3672437838,235792.3672437838,235792.3672437838,235792.3672437838,235792.3672437838,235792.3672437838,235792.3672437838,235792.3672437838,235792.3672437838,235792.3672437838,235792.3672437838]}}