{"TweedieModelAgent":{"actual_clicks_reward_list":[4277.0,4140.0,4227.0,3870.0,4194.0,3801.0,4495.0,4585.0,4555.0,4557.0,4584.0,4428.0,4463.0],"actual_watch_duration_reward_list":[254479.6887561121,244620.4577605904,255998.0109839812,262075.1118253835,243869.1907292714,180405.3246386542,339299.3615058511,366580.6027736361,381747.9190005314,379925.1037923184,403365.1609509825,386517.7726526839,403251.4792547771],"max_clicks_reward_list":[5241.7351142995,5241.7351142995,5241.7351142995,5241.7351142995,5241.7351142995,5241.7351142995,5241.7351142995,5241.7351142995,5241.7351142995,5241.7351142995,5241.7351142995,5241.7351142995,5241.7351142995],"max_watch_duration_reward_list":[447512.9583885224,447512.9583885224,447512.9583885224,447512.9583885224,447512.9583885224,447512.9583885224,447512.9583885224,447512.9583885224,447512.9583885224,447512.9583885224,447512.9583885224,447512.9583885224,447512.9583885224]},"RegressionModelAgent":{"actual_clicks_reward_list":[4314.0,4208.0,4254.0,4072.0,4157.0,4443.0,4016.0,4475.0,4135.0,4477.0,4168.0,4016.0,4296.0],"actual_watch_duration_reward_list":[255942.4603573182,249743.343785563,256158.341203534,265439.1464615046,258712.1860022068,201618.9865029255,191428.893448332,333976.9600342855,281109.1162853435,240367.0811789358,298351.6480894873,228885.6586816639,370345.9689345116],"max_clicks_reward_list":[5241.7351142995,5241.7351142995,5241.7351142995,5241.7351142995,5241.7351142995,5241.7351142995,5241.7351142995,5241.7351142995,5241.7351142995,5241.7351142995,5241.7351142995,5241.7351142995,5241.7351142995],"max_watch_duration_reward_list":[447512.9583885224,447512.9583885224,447512.9583885224,447512.9583885224,447512.9583885224,447512.9583885224,447512.9583885224,447512.9583885224,447512.9583885224,447512.9583885224,447512.9583885224,447512.9583885224,447512.9583885224]},"WeightedPointWiseModelAgent":{"actual_clicks_reward_list":[4324.0,4307.0,4219.0,4077.0,4471.0,4415.0,4202.0,4157.0,4136.0,4302.0,4153.0,4202.0,4242.0],"actual_watch_duration_reward_list":[256011.8495364056,255048.6708016141,249805.3474676817,258754.8249272395,268819.6638790537,252867.496958849,241861.8052981987,246009.2669447707,264078.422697646,283528.8972823377,263976.3325534731,278841.0664823669,250275.3775914084],"max_clicks_reward_list":[5241.7351142995,5241.7351142995,5241.7351142995,5241.7351142995,5241.7351142995,5241.7351142995,5241.7351142995,5241.7351142995,5241.7351142995,5241.7351142995,5241.7351142995,5241.7351142995,5241.7351142995],"max_watch_duration_reward_list":[447512.9583885224,447512.9583885224,447512.9583885224,447512.9583885224,447512.9583885224,447512.9583885224,447512.9583885224,447512.9583885224,447512.9583885224,447512.9583885224,447512.9583885224,447512.9583885224,447512.9583885224]},"PointWiseModelAgent":{"actual_clicks_reward_list":[4264.0,4234.0,4300.0,4214.0,3562.0,4184.0,3683.0,4025.0,3721.0,3925.0,4063.0,4308.0,3971.0],"actual_watch_duration_reward_list":[255882.614222391,248535.5220069351,256666.4865571741,234082.2829937001,225364.1832623456,263950.7289548691,198873.0086951288,210532.4776537183,191978.3568733048,188491.4941345516,271120.2999676028,192627.2954999686,245386.2182473355],"max_clicks_reward_list":[5241.7351142995,5241.7351142995,5241.7351142995,5241.7351142995,5241.7351142995,5241.7351142995,5241.7351142995,5241.7351142995,5241.7351142995,5241.7351142995,5241.7351142995,5241.7351142995,5241.7351142995],"max_watch_duration_reward_list":[447512.9583885224,447512.9583885224,447512.9583885224,447512.9583885224,447512.9583885224,447512.9583885224,447512.9583885224,447512.9583885224,447512.9583885224,447512.9583885224,447512.9583885224,447512.9583885224,447512.9583885224]}}