{"TweedieModelAgent":{"actual_clicks_reward_list":[25.0,21.0,16.0,12.0,23.0,13.0,14.0,20.0,21.0,21.0,20.0,18.0,21.0],"actual_watch_duration_reward_list":[1612.279472855,1125.2654207294,771.3173675374,962.6154269355,1654.3520036875,865.4738410589,845.1291139089,1195.8567843706,1223.1820331928,1466.471036531,1395.2904057262,1193.3834262564,944.2893052721],"max_clicks_reward_list":[21.7760225726,21.7760225726,21.7760225726,21.7760225726,21.7760225726,21.7760225726,21.7760225726,21.7760225726,21.7760225726,21.7760225726,21.7760225726,21.7760225726,21.7760225726],"max_watch_duration_reward_list":[1462.0646494567,1462.0646494567,1462.0646494567,1462.0646494567,1462.0646494567,1462.0646494567,1462.0646494567,1462.0646494567,1462.0646494567,1462.0646494567,1462.0646494567,1462.0646494567,1462.0646494567]},"WeightedPointWiseModelAgent":{"actual_clicks_reward_list":[13.0,21.0,17.0,24.0,22.0,34.0,20.0,10.0,20.0,11.0,12.0,13.0,17.0],"actual_watch_duration_reward_list":[421.8733180409,834.9110221337,914.2166822306,1223.4076126759,1077.9306113756,1387.661349338,697.7462395111,424.0129917066,1018.2367602547,362.6598563112,336.228515444,904.0106410367,857.0187630343],"max_clicks_reward_list":[21.7760225726,21.7760225726,21.7760225726,21.7760225726,21.7760225726,21.7760225726,21.7760225726,21.7760225726,21.7760225726,21.7760225726,21.7760225726,21.7760225726,21.7760225726],"max_watch_duration_reward_list":[1462.0646494567,1462.0646494567,1462.0646494567,1462.0646494567,1462.0646494567,1462.0646494567,1462.0646494567,1462.0646494567,1462.0646494567,1462.0646494567,1462.0646494567,1462.0646494567,1462.0646494567]},"PointWiseModelAgent":{"actual_clicks_reward_list":[24.0,21.0,13.0,27.0,20.0,21.0,17.0,21.0,19.0,18.0,11.0,13.0,15.0],"actual_watch_duration_reward_list":[988.3097193101,1321.6982118945,723.6219453465,1808.6893799691,1249.22142598,1032.5291895117,982.7135998214,1256.4381344722,1217.005165413,1098.8840054937,545.7736997115,526.4188404783,925.9054936154],"max_clicks_reward_list":[21.7760225726,21.7760225726,21.7760225726,21.7760225726,21.7760225726,21.7760225726,21.7760225726,21.7760225726,21.7760225726,21.7760225726,21.7760225726,21.7760225726,21.7760225726],"max_watch_duration_reward_list":[1462.0646494567,1462.0646494567,1462.0646494567,1462.0646494567,1462.0646494567,1462.0646494567,1462.0646494567,1462.0646494567,1462.0646494567,1462.0646494567,1462.0646494567,1462.0646494567,1462.0646494567]},"BanditAgent":{"actual_clicks_reward_list":[23.0,17.0,21.0,20.0,26.0,16.0,27.0,13.0,20.0,18.0,26.0,23.0,25.0],"actual_watch_duration_reward_list":[1365.1889032826,795.9250869384,1275.6446629253,1278.368878174,1319.554579578,779.9086451144,1611.443557233,868.2312694581,1186.7867672652,1147.3751878689,1269.4803171726,1407.5186519268,1352.4022305429],"max_clicks_reward_list":[21.7760225726,21.7760225726,21.7760225726,21.7760225726,21.7760225726,21.7760225726,21.7760225726,21.7760225726,21.7760225726,21.7760225726,21.7760225726,21.7760225726,21.7760225726],"max_watch_duration_reward_list":[1462.0646494567,1462.0646494567,1462.0646494567,1462.0646494567,1462.0646494567,1462.0646494567,1462.0646494567,1462.0646494567,1462.0646494567,1462.0646494567,1462.0646494567,1462.0646494567,1462.0646494567]},"BucketSortingAgent":{"actual_clicks_reward_list":[17.0,21.0,21.0,21.0,23.0,22.0,25.0,20.0,21.0,14.0,28.0,20.0,19.0],"actual_watch_duration_reward_list":[896.2992694568,899.2122871122,968.2905685119,1215.5848927092,1431.1676228379,1468.2386220832,1296.0492664646,947.4079569999,802.4069012476,443.8602857597,1566.8303002923,837.9389703922,1212.8661488006],"max_clicks_reward_list":[21.7760225726,21.7760225726,21.7760225726,21.7760225726,21.7760225726,21.7760225726,21.7760225726,21.7760225726,21.7760225726,21.7760225726,21.7760225726,21.7760225726,21.7760225726],"max_watch_duration_reward_list":[1462.0646494567,1462.0646494567,1462.0646494567,1462.0646494567,1462.0646494567,1462.0646494567,1462.0646494567,1462.0646494567,1462.0646494567,1462.0646494567,1462.0646494567,1462.0646494567,1462.0646494567]},"BucketSortingWatchTimeAgent":{"actual_clicks_reward_list":[18.0,17.0,23.0,23.0,17.0,15.0,21.0,22.0,19.0,21.0,20.0,20.0,19.0],"actual_watch_duration_reward_list":[1059.2051901975,858.3151617947,999.6477222386,1233.2291533402,959.7604492397,757.9737881943,926.7546428112,1555.8993331665,1561.4614107907,1860.1863865279,1261.2665417388,1090.6642577144,1395.6868992308],"max_clicks_reward_list":[21.7760225726,21.7760225726,21.7760225726,21.7760225726,21.7760225726,21.7760225726,21.7760225726,21.7760225726,21.7760225726,21.7760225726,21.7760225726,21.7760225726,21.7760225726],"max_watch_duration_reward_list":[1462.0646494567,1462.0646494567,1462.0646494567,1462.0646494567,1462.0646494567,1462.0646494567,1462.0646494567,1462.0646494567,1462.0646494567,1462.0646494567,1462.0646494567,1462.0646494567,1462.0646494567]},"PairWiseModelAgent":{"actual_clicks_reward_list":[24.0,15.0,11.0,18.0,19.0,30.0,17.0,21.0,18.0,20.0,16.0,17.0,18.0],"actual_watch_duration_reward_list":[1504.232953759,814.3165214477,524.2816456503,801.8716274996,811.734645907,1381.8375738897,632.7375082562,1349.9026179819,1045.2506696218,683.4620578282,735.5317759421,959.3457412727,1268.2862921584],"max_clicks_reward_list":[21.7760225726,21.7760225726,21.7760225726,21.7760225726,21.7760225726,21.7760225726,21.7760225726,21.7760225726,21.7760225726,21.7760225726,21.7760225726,21.7760225726,21.7760225726],"max_watch_duration_reward_list":[1462.0646494567,1462.0646494567,1462.0646494567,1462.0646494567,1462.0646494567,1462.0646494567,1462.0646494567,1462.0646494567,1462.0646494567,1462.0646494567,1462.0646494567,1462.0646494567,1462.0646494567]},"WeightedPairWiseModelAgent":{"actual_clicks_reward_list":[15.0,20.0,17.0,19.0,17.0,28.0,13.0,25.0,25.0,16.0,28.0,28.0,22.0],"actual_watch_duration_reward_list":[992.2727771388,1031.3146121916,992.777333382,649.1952451841,673.1300464123,963.4709304227,835.4540669434,1140.0847890956,1232.2649936381,1002.2509440718,1688.1540956303,1609.1808231991,1085.0575881428],"max_clicks_reward_list":[21.7760225726,21.7760225726,21.7760225726,21.7760225726,21.7760225726,21.7760225726,21.7760225726,21.7760225726,21.7760225726,21.7760225726,21.7760225726,21.7760225726,21.7760225726],"max_watch_duration_reward_list":[1462.0646494567,1462.0646494567,1462.0646494567,1462.0646494567,1462.0646494567,1462.0646494567,1462.0646494567,1462.0646494567,1462.0646494567,1462.0646494567,1462.0646494567,1462.0646494567,1462.0646494567]}}