{"TweedieModelAgent":{"actual_clicks_reward_list":[190.0,161.0,152.0,187.0,208.0,206.0,175.0,232.0,188.0,213.0,199.0,208.0,208.0],"actual_watch_duration_reward_list":[11215.2829898394,6945.0973213698,8651.1993983524,7377.585534781,9743.2775706931,14874.1660254634,15033.0747381338,18821.0413489475,16247.7290035089,15076.9332722006,16370.839379913,16774.3500420488,17592.2750730903],"max_clicks_reward_list":[252.552963576,252.552963576,252.552963576,252.552963576,252.552963576,252.552963576,252.552963576,252.552963576,252.552963576,252.552963576,252.552963576,252.552963576,252.552963576],"max_watch_duration_reward_list":[18777.2317128401,18777.2317128401,18777.2317128401,18777.2317128401,18777.2317128401,18777.2317128401,18777.2317128401,18777.2317128401,18777.2317128401,18777.2317128401,18777.2317128401,18777.2317128401,18777.2317128401]},"WeightedPointWiseModelAgent":{"actual_clicks_reward_list":[177.0,187.0,185.0,167.0,176.0,185.0,187.0,208.0,168.0,206.0,189.0,178.0,166.0],"actual_watch_duration_reward_list":[8849.5895281894,10392.0226082438,9909.9423614757,6974.3220171663,9206.6430140394,9003.4623140548,10026.1241816236,10311.5080672088,9239.912494028,12398.2706470565,10889.3263042473,9745.1097796819,9908.0378475589],"max_clicks_reward_list":[252.552963576,252.552963576,252.552963576,252.552963576,252.552963576,252.552963576,252.552963576,252.552963576,252.552963576,252.552963576,252.552963576,252.552963576,252.552963576],"max_watch_duration_reward_list":[18777.2317128401,18777.2317128401,18777.2317128401,18777.2317128401,18777.2317128401,18777.2317128401,18777.2317128401,18777.2317128401,18777.2317128401,18777.2317128401,18777.2317128401,18777.2317128401,18777.2317128401]},"PointWiseModelAgent":{"actual_clicks_reward_list":[186.0,172.0,163.0,198.0,194.0,197.0,217.0,180.0,208.0,222.0,237.0,212.0,213.0],"actual_watch_duration_reward_list":[10062.6672520232,10139.3747314691,8335.8937244817,11106.502948996,7616.1129892813,7029.4395896178,8536.5915341456,7963.0008369698,8393.3093544753,10336.3395819618,9013.3535738542,10599.1416528845,12205.0852126471],"max_clicks_reward_list":[252.552963576,252.552963576,252.552963576,252.552963576,252.552963576,252.552963576,252.552963576,252.552963576,252.552963576,252.552963576,252.552963576,252.552963576,252.552963576],"max_watch_duration_reward_list":[18777.2317128401,18777.2317128401,18777.2317128401,18777.2317128401,18777.2317128401,18777.2317128401,18777.2317128401,18777.2317128401,18777.2317128401,18777.2317128401,18777.2317128401,18777.2317128401,18777.2317128401]},"BanditAgent":{"actual_clicks_reward_list":[215.0,175.0,210.0,199.0,221.0,216.0,208.0,190.0,227.0,221.0,214.0,214.0,226.0],"actual_watch_duration_reward_list":[11367.775440667,8577.9790171135,11022.6427829395,11616.0625270286,11720.5178502892,11585.4157346876,11730.7743099761,10590.4694883732,12069.6081823975,10655.8935839701,10578.6630608226,12878.9857198612,12367.2101671054],"max_clicks_reward_list":[252.552963576,252.552963576,252.552963576,252.552963576,252.552963576,252.552963576,252.552963576,252.552963576,252.552963576,252.552963576,252.552963576,252.552963576,252.552963576],"max_watch_duration_reward_list":[18777.2317128401,18777.2317128401,18777.2317128401,18777.2317128401,18777.2317128401,18777.2317128401,18777.2317128401,18777.2317128401,18777.2317128401,18777.2317128401,18777.2317128401,18777.2317128401,18777.2317128401]},"BucketSortingAgent":{"actual_clicks_reward_list":[186.0,188.0,159.0,215.0,249.0,242.0,235.0,210.0,215.0,242.0,215.0,235.0,227.0],"actual_watch_duration_reward_list":[9278.7967333644,9672.5276110625,8611.8725147519,10096.839179279,11390.1191235452,11746.1915850773,10445.6362993307,8856.1474317887,9485.2039463426,10797.3002392763,10932.0550507476,10586.6035251419,10384.5548541279],"max_clicks_reward_list":[252.552963576,252.552963576,252.552963576,252.552963576,252.552963576,252.552963576,252.552963576,252.552963576,252.552963576,252.552963576,252.552963576,252.552963576,252.552963576],"max_watch_duration_reward_list":[18777.2317128401,18777.2317128401,18777.2317128401,18777.2317128401,18777.2317128401,18777.2317128401,18777.2317128401,18777.2317128401,18777.2317128401,18777.2317128401,18777.2317128401,18777.2317128401,18777.2317128401]},"BucketSortingWatchTimeAgent":{"actual_clicks_reward_list":[186.0,187.0,172.0,220.0,212.0,213.0,233.0,229.0,212.0,219.0,227.0,212.0,218.0],"actual_watch_duration_reward_list":[9525.1567454801,10104.5386089492,8421.2817202722,14309.2632174165,13907.5798771795,14381.1600161257,17391.3185259863,16113.9980089407,14577.5627213912,14688.8232427554,15613.2301268221,14576.6761540388,15066.1677031028],"max_clicks_reward_list":[252.552963576,252.552963576,252.552963576,252.552963576,252.552963576,252.552963576,252.552963576,252.552963576,252.552963576,252.552963576,252.552963576,252.552963576,252.552963576],"max_watch_duration_reward_list":[18777.2317128401,18777.2317128401,18777.2317128401,18777.2317128401,18777.2317128401,18777.2317128401,18777.2317128401,18777.2317128401,18777.2317128401,18777.2317128401,18777.2317128401,18777.2317128401,18777.2317128401]},"PairWiseModelAgent":{"actual_clicks_reward_list":[211.0,200.0,190.0,221.0,199.0,213.0,209.0,197.0,225.0,237.0,217.0,188.0,218.0],"actual_watch_duration_reward_list":[10422.2188929167,10124.1414537577,10562.1345432683,9046.7834810593,11094.8495862385,12050.4149898261,13024.081237467,9862.7122984543,12008.4036805649,13843.3723426435,11001.2407123205,11640.7165057836,13298.0565681656],"max_clicks_reward_list":[252.552963576,252.552963576,252.552963576,252.552963576,252.552963576,252.552963576,252.552963576,252.552963576,252.552963576,252.552963576,252.552963576,252.552963576,252.552963576],"max_watch_duration_reward_list":[18777.2317128401,18777.2317128401,18777.2317128401,18777.2317128401,18777.2317128401,18777.2317128401,18777.2317128401,18777.2317128401,18777.2317128401,18777.2317128401,18777.2317128401,18777.2317128401,18777.2317128401]},"WeightedPairWiseModelAgent":{"actual_clicks_reward_list":[189.0,176.0,182.0,193.0,200.0,210.0,222.0,221.0,184.0,215.0,191.0,213.0,232.0],"actual_watch_duration_reward_list":[9830.9812912425,9755.0760209314,10660.1894393462,13524.7847656988,9198.0546753309,15355.5253271201,15265.9531419812,15141.1664267493,9147.7294903923,10162.7174341242,11861.40099426,15512.7352999633,17723.8077698692],"max_clicks_reward_list":[252.552963576,252.552963576,252.552963576,252.552963576,252.552963576,252.552963576,252.552963576,252.552963576,252.552963576,252.552963576,252.552963576,252.552963576,252.552963576],"max_watch_duration_reward_list":[18777.2317128401,18777.2317128401,18777.2317128401,18777.2317128401,18777.2317128401,18777.2317128401,18777.2317128401,18777.2317128401,18777.2317128401,18777.2317128401,18777.2317128401,18777.2317128401,18777.2317128401]}}