{"TweedieModelAgent":{"actual_clicks_reward_list":[2130.0,2069.0,2035.0,2066.0,2179.0,2043.0,2102.0,2109.0,1953.0,1995.0,2056.0,2118.0,2097.0],"actual_watch_duration_reward_list":[119356.2052447954,118369.1595577094,114931.2278046782,113088.571870402,119984.6926920021,121652.71015787,133868.1760742936,145432.6820229563,140065.840861532,149270.9115603507,152175.1930433279,146944.7475704596,159495.6994323014],"max_clicks_reward_list":[2607.9361844901,2607.9361844901,2607.9361844901,2607.9361844901,2607.9361844901,2607.9361844901,2607.9361844901,2607.9361844901,2607.9361844901,2607.9361844901,2607.9361844901,2607.9361844901,2607.9361844901],"max_watch_duration_reward_list":[215749.0170683027,215749.0170683027,215749.0170683027,215749.0170683027,215749.0170683027,215749.0170683027,215749.0170683027,215749.0170683027,215749.0170683027,215749.0170683027,215749.0170683027,215749.0170683027,215749.0170683027]},"RegressionModelAgent":{"actual_clicks_reward_list":[2072.0,2161.0,2055.0,2179.0,1971.0,2016.0,2115.0,2181.0,2162.0,2108.0,1935.0,2394.0,2271.0],"actual_watch_duration_reward_list":[120807.5211405091,119852.9585743129,118919.1076035712,122408.1570186388,136283.3304321688,103355.3252199189,121640.471895687,128628.0952222285,137235.9406672152,143346.3905018003,132490.957416463,151885.3892938036,141410.6207891317],"max_clicks_reward_list":[2607.9361844901,2607.9361844901,2607.9361844901,2607.9361844901,2607.9361844901,2607.9361844901,2607.9361844901,2607.9361844901,2607.9361844901,2607.9361844901,2607.9361844901,2607.9361844901,2607.9361844901],"max_watch_duration_reward_list":[215749.0170683027,215749.0170683027,215749.0170683027,215749.0170683027,215749.0170683027,215749.0170683027,215749.0170683027,215749.0170683027,215749.0170683027,215749.0170683027,215749.0170683027,215749.0170683027,215749.0170683027]},"WeightedPointWiseModelAgent":{"actual_clicks_reward_list":[2135.0,1997.0,2036.0,1978.0,1988.0,2007.0,2015.0,1990.0,1945.0,2027.0,1968.0,2049.0,1977.0],"actual_watch_duration_reward_list":[123360.0872516713,111278.2863625727,118789.0601099852,114469.1023204968,106822.2722290624,117206.7926525258,116955.1130577819,114597.8756366499,114732.2305912843,119705.9516868583,123133.0139413008,124337.5796328087,128241.9347662729],"max_clicks_reward_list":[2607.9361844901,2607.9361844901,2607.9361844901,2607.9361844901,2607.9361844901,2607.9361844901,2607.9361844901,2607.9361844901,2607.9361844901,2607.9361844901,2607.9361844901,2607.9361844901,2607.9361844901],"max_watch_duration_reward_list":[215749.0170683027,215749.0170683027,215749.0170683027,215749.0170683027,215749.0170683027,215749.0170683027,215749.0170683027,215749.0170683027,215749.0170683027,215749.0170683027,215749.0170683027,215749.0170683027,215749.0170683027]},"PointWiseModelAgent":{"actual_clicks_reward_list":[2032.0,2018.0,2075.0,2028.0,2139.0,1907.0,1902.0,1873.0,2173.0,2267.0,2449.0,2361.0,2430.0],"actual_watch_duration_reward_list":[114629.724047074,114607.5955897319,119643.7797579182,121582.8139865104,142699.1825301685,78875.8197016614,93971.3035047319,100610.3444490517,145700.4364556192,151359.7871407029,160951.6833352179,154072.0229714244,156102.9894177337],"max_clicks_reward_list":[2607.9361844901,2607.9361844901,2607.9361844901,2607.9361844901,2607.9361844901,2607.9361844901,2607.9361844901,2607.9361844901,2607.9361844901,2607.9361844901,2607.9361844901,2607.9361844901,2607.9361844901],"max_watch_duration_reward_list":[215749.0170683027,215749.0170683027,215749.0170683027,215749.0170683027,215749.0170683027,215749.0170683027,215749.0170683027,215749.0170683027,215749.0170683027,215749.0170683027,215749.0170683027,215749.0170683027,215749.0170683027]}}