{"TweedieModelAgent":{"actual_clicks_reward_list":[214.0,190.0,195.0,196.0,171.0,232.0,199.0,180.0,200.0,202.0,202.0,206.0,247.0],"actual_watch_duration_reward_list":[12249.0332293157,11983.9123751322,11619.6066015493,11585.9550418696,9445.3220412589,12387.0408014313,12517.951612013,12289.7818823965,11632.6115105831,14227.3868060972,13972.7604131828,14660.274091133,18148.9685956322],"max_clicks_reward_list":[254.4521409073,254.4521409073,254.4521409073,254.4521409073,254.4521409073,254.4521409073,254.4521409073,254.4521409073,254.4521409073,254.4521409073,254.4521409073,254.4521409073,254.4521409073],"max_watch_duration_reward_list":[18843.2845431925,18843.2845431925,18843.2845431925,18843.2845431925,18843.2845431925,18843.2845431925,18843.2845431925,18843.2845431925,18843.2845431925,18843.2845431925,18843.2845431925,18843.2845431925,18843.2845431925]},"WeightedPointWiseModelAgent":{"actual_clicks_reward_list":[180.0,193.0,155.0,173.0,194.0,181.0,157.0,167.0,153.0,178.0,184.0,209.0,179.0],"actual_watch_duration_reward_list":[11486.857510075,11682.5856121796,9108.8681380627,10693.9796279733,10958.7004627003,11159.0767966084,9264.7354179571,9580.8507739049,9659.2555560679,11727.2634255389,11570.0736766137,13777.8916774554,11504.101235843],"max_clicks_reward_list":[254.4521409073,254.4521409073,254.4521409073,254.4521409073,254.4521409073,254.4521409073,254.4521409073,254.4521409073,254.4521409073,254.4521409073,254.4521409073,254.4521409073,254.4521409073],"max_watch_duration_reward_list":[18843.2845431925,18843.2845431925,18843.2845431925,18843.2845431925,18843.2845431925,18843.2845431925,18843.2845431925,18843.2845431925,18843.2845431925,18843.2845431925,18843.2845431925,18843.2845431925,18843.2845431925]},"PointWiseModelAgent":{"actual_clicks_reward_list":[228.0,187.0,172.0,209.0,233.0,192.0,253.0,242.0,232.0,226.0,263.0,240.0,228.0],"actual_watch_duration_reward_list":[14129.7029160284,11840.493932207,9245.3168864026,9726.8290510948,16571.9781591084,11325.9732626218,14608.3069635272,14329.1446656034,13212.464949667,11187.1619231056,15260.1764819059,14730.8121455512,13957.0845790926],"max_clicks_reward_list":[254.4521409073,254.4521409073,254.4521409073,254.4521409073,254.4521409073,254.4521409073,254.4521409073,254.4521409073,254.4521409073,254.4521409073,254.4521409073,254.4521409073,254.4521409073],"max_watch_duration_reward_list":[18843.2845431925,18843.2845431925,18843.2845431925,18843.2845431925,18843.2845431925,18843.2845431925,18843.2845431925,18843.2845431925,18843.2845431925,18843.2845431925,18843.2845431925,18843.2845431925,18843.2845431925]},"BanditAgent":{"actual_clicks_reward_list":[212.0,175.0,164.0,213.0,183.0,206.0,218.0,211.0,208.0,205.0,212.0,224.0,196.0],"actual_watch_duration_reward_list":[12478.5323719679,11489.0826688872,9441.3603685014,12076.6603110003,10304.6093842983,11892.7873892558,12798.9831009125,11654.161947866,11498.6970212623,12123.6933462495,11783.1963420933,12193.3591756699,11035.3397916153],"max_clicks_reward_list":[254.4521409073,254.4521409073,254.4521409073,254.4521409073,254.4521409073,254.4521409073,254.4521409073,254.4521409073,254.4521409073,254.4521409073,254.4521409073,254.4521409073,254.4521409073],"max_watch_duration_reward_list":[18843.2845431925,18843.2845431925,18843.2845431925,18843.2845431925,18843.2845431925,18843.2845431925,18843.2845431925,18843.2845431925,18843.2845431925,18843.2845431925,18843.2845431925,18843.2845431925,18843.2845431925]},"BucketSortingAgent":{"actual_clicks_reward_list":[205.0,172.0,171.0,206.0,255.0,254.0,253.0,225.0,260.0,225.0,242.0,235.0,264.0],"actual_watch_duration_reward_list":[14223.8268721506,10677.1944533838,10774.3890961314,12190.4065760652,15557.2242228658,16744.1471629742,16032.7856757676,15535.5779666538,17708.2093307606,13994.1192885632,16227.0313621106,16375.5509082842,16584.1839763421],"max_clicks_reward_list":[254.4521409073,254.4521409073,254.4521409073,254.4521409073,254.4521409073,254.4521409073,254.4521409073,254.4521409073,254.4521409073,254.4521409073,254.4521409073,254.4521409073,254.4521409073],"max_watch_duration_reward_list":[18843.2845431925,18843.2845431925,18843.2845431925,18843.2845431925,18843.2845431925,18843.2845431925,18843.2845431925,18843.2845431925,18843.2845431925,18843.2845431925,18843.2845431925,18843.2845431925,18843.2845431925]},"BucketSortingWatchTimeAgent":{"actual_clicks_reward_list":[225.0,189.0,172.0,220.0,203.0,247.0,239.0,234.0,256.0,225.0,205.0,240.0,243.0],"actual_watch_duration_reward_list":[13784.8134801244,11455.0800499229,11616.6925232224,15697.8031247955,15143.2302990598,16902.7954053352,17138.2825513497,17017.9326347423,18103.0348583452,15856.8783055076,14874.6819056796,19170.1755108987,16503.5276205258],"max_clicks_reward_list":[254.4521409073,254.4521409073,254.4521409073,254.4521409073,254.4521409073,254.4521409073,254.4521409073,254.4521409073,254.4521409073,254.4521409073,254.4521409073,254.4521409073,254.4521409073],"max_watch_duration_reward_list":[18843.2845431925,18843.2845431925,18843.2845431925,18843.2845431925,18843.2845431925,18843.2845431925,18843.2845431925,18843.2845431925,18843.2845431925,18843.2845431925,18843.2845431925,18843.2845431925,18843.2845431925]},"PairWiseModelAgent":{"actual_clicks_reward_list":[165.0,189.0,223.0,211.0,174.0,196.0,197.0,229.0,228.0,221.0,201.0,222.0,259.0],"actual_watch_duration_reward_list":[10241.8188436797,12025.503652387,12744.7618478507,12699.1155353794,10309.6192530846,9454.5521542252,9414.2595106068,11978.4821901093,11891.6753814904,10115.8218283354,9488.2316365453,11488.3509407214,11993.0911256476],"max_clicks_reward_list":[254.4521409073,254.4521409073,254.4521409073,254.4521409073,254.4521409073,254.4521409073,254.4521409073,254.4521409073,254.4521409073,254.4521409073,254.4521409073,254.4521409073,254.4521409073],"max_watch_duration_reward_list":[18843.2845431925,18843.2845431925,18843.2845431925,18843.2845431925,18843.2845431925,18843.2845431925,18843.2845431925,18843.2845431925,18843.2845431925,18843.2845431925,18843.2845431925,18843.2845431925,18843.2845431925]},"WeightedPairWiseModelAgent":{"actual_clicks_reward_list":[178.0,191.0,180.0,221.0,212.0,228.0,213.0,198.0,191.0,208.0,205.0,195.0,204.0],"actual_watch_duration_reward_list":[11265.9841150083,12342.3766839516,11398.6865099089,16871.3980031078,14384.7363322325,15752.9622900464,13386.817281655,13908.22106933,11549.9629515028,10835.0051333414,11615.7534657618,12792.2402635451,11941.0720255558],"max_clicks_reward_list":[254.4521409073,254.4521409073,254.4521409073,254.4521409073,254.4521409073,254.4521409073,254.4521409073,254.4521409073,254.4521409073,254.4521409073,254.4521409073,254.4521409073,254.4521409073],"max_watch_duration_reward_list":[18843.2845431925,18843.2845431925,18843.2845431925,18843.2845431925,18843.2845431925,18843.2845431925,18843.2845431925,18843.2845431925,18843.2845431925,18843.2845431925,18843.2845431925,18843.2845431925,18843.2845431925]}}