{"TweedieModelAgent":{"actual_clicks_reward_list":[182.0,191.0,187.0,201.0,181.0,213.0,221.0,187.0,193.0,184.0,191.0,204.0,159.0],"actual_watch_duration_reward_list":[9357.1200978158,10056.1960983712,8193.7338601315,14796.1115891859,13650.9755665357,14550.8788942938,16314.0533277223,13525.9174846078,15224.2231840247,15374.3205289073,14204.2180920474,16302.9005703126,14593.7281032702],"max_clicks_reward_list":[248.0175680507,248.0175680507,248.0175680507,248.0175680507,248.0175680507,248.0175680507,248.0175680507,248.0175680507,248.0175680507,248.0175680507,248.0175680507,248.0175680507,248.0175680507],"max_watch_duration_reward_list":[17908.1454773583,17908.1454773583,17908.1454773583,17908.1454773583,17908.1454773583,17908.1454773583,17908.1454773583,17908.1454773583,17908.1454773583,17908.1454773583,17908.1454773583,17908.1454773583,17908.1454773583]},"WeightedPointWiseModelAgent":{"actual_clicks_reward_list":[182.0,195.0,184.0,203.0,164.0,206.0,195.0,184.0,195.0,197.0,172.0,162.0,177.0],"actual_watch_duration_reward_list":[8364.8808687662,9304.8577006994,9288.9685427203,13094.3982258544,11144.6579275626,11867.7899251752,11243.2883003409,10389.6171214463,12308.404557763,11029.0715264885,11618.814103159,9508.3712150284,10332.4796258404],"max_clicks_reward_list":[248.0175680507,248.0175680507,248.0175680507,248.0175680507,248.0175680507,248.0175680507,248.0175680507,248.0175680507,248.0175680507,248.0175680507,248.0175680507,248.0175680507,248.0175680507],"max_watch_duration_reward_list":[17908.1454773583,17908.1454773583,17908.1454773583,17908.1454773583,17908.1454773583,17908.1454773583,17908.1454773583,17908.1454773583,17908.1454773583,17908.1454773583,17908.1454773583,17908.1454773583,17908.1454773583]},"PointWiseModelAgent":{"actual_clicks_reward_list":[191.0,197.0,177.0,225.0,209.0,228.0,239.0,213.0,208.0,212.0,240.0,232.0,257.0],"actual_watch_duration_reward_list":[8322.1820197478,9680.2672675246,9175.3646178413,15495.902552929,14746.1295279205,11744.8606926406,12313.5611875743,11122.9022482637,10879.3383289275,13972.6616228386,13314.1098216318,11594.1847262144,11278.8072627838],"max_clicks_reward_list":[248.0175680507,248.0175680507,248.0175680507,248.0175680507,248.0175680507,248.0175680507,248.0175680507,248.0175680507,248.0175680507,248.0175680507,248.0175680507,248.0175680507,248.0175680507],"max_watch_duration_reward_list":[17908.1454773583,17908.1454773583,17908.1454773583,17908.1454773583,17908.1454773583,17908.1454773583,17908.1454773583,17908.1454773583,17908.1454773583,17908.1454773583,17908.1454773583,17908.1454773583,17908.1454773583]}}