{"TweedieModelAgent":{"actual_clicks_reward_list":[1076.0,1154.0,1098.0,1044.0,1006.0,1099.0,991.0,1100.0,980.0,1063.0,1092.0,1027.0,1095.0],"actual_watch_duration_reward_list":[61776.8696124325,66756.9306057684,60861.3015498836,66055.826046151,62229.8326115684,70948.9272026352,61828.7718630595,79767.5940912125,70102.2620061703,73569.5401707556,75237.525831668,69929.5321887763,73869.1951368887],"max_clicks_reward_list":[1273.9546608668,1273.9546608668,1273.9546608668,1273.9546608668,1273.9546608668,1273.9546608668,1273.9546608668,1273.9546608668,1273.9546608668,1273.9546608668,1273.9546608668,1273.9546608668,1273.9546608668],"max_watch_duration_reward_list":[104156.0308077212,104156.0308077212,104156.0308077212,104156.0308077212,104156.0308077212,104156.0308077212,104156.0308077212,104156.0308077212,104156.0308077212,104156.0308077212,104156.0308077212,104156.0308077212,104156.0308077212]},"RegressionModelAgent":{"actual_clicks_reward_list":[1052.0,1058.0,1071.0,988.0,1017.0,1080.0,991.0,1023.0,1003.0,1039.0,989.0,1007.0,1071.0],"actual_watch_duration_reward_list":[60165.4362807966,61773.5535175943,61995.8632034599,47271.7411535205,60864.2048418819,85079.4806821389,55630.0208826853,76638.5631736226,52735.5014422568,58748.3044991869,69139.0915350855,70471.6328448782,68836.4786685758],"max_clicks_reward_list":[1273.9546608668,1273.9546608668,1273.9546608668,1273.9546608668,1273.9546608668,1273.9546608668,1273.9546608668,1273.9546608668,1273.9546608668,1273.9546608668,1273.9546608668,1273.9546608668,1273.9546608668],"max_watch_duration_reward_list":[104156.0308077212,104156.0308077212,104156.0308077212,104156.0308077212,104156.0308077212,104156.0308077212,104156.0308077212,104156.0308077212,104156.0308077212,104156.0308077212,104156.0308077212,104156.0308077212,104156.0308077212]},"WeightedPointWiseModelAgent":{"actual_clicks_reward_list":[1052.0,1073.0,1158.0,989.0,1097.0,1008.0,1002.0,1015.0,1010.0,1043.0,1099.0,994.0,1056.0],"actual_watch_duration_reward_list":[61417.6651816537,62655.2578496375,65767.8620235103,60100.955627586,60251.0554441787,61840.1838553045,55381.7645668803,61419.5983802462,61463.0587412668,63721.1870833439,65386.0328218865,60245.7753669663,60093.8193585007],"max_clicks_reward_list":[1273.9546608668,1273.9546608668,1273.9546608668,1273.9546608668,1273.9546608668,1273.9546608668,1273.9546608668,1273.9546608668,1273.9546608668,1273.9546608668,1273.9546608668,1273.9546608668,1273.9546608668],"max_watch_duration_reward_list":[104156.0308077212,104156.0308077212,104156.0308077212,104156.0308077212,104156.0308077212,104156.0308077212,104156.0308077212,104156.0308077212,104156.0308077212,104156.0308077212,104156.0308077212,104156.0308077212,104156.0308077212]},"PointWiseModelAgent":{"actual_clicks_reward_list":[1131.0,1132.0,1134.0,970.0,910.0,987.0,1079.0,1030.0,870.0,1152.0,1199.0,1202.0,1196.0],"actual_watch_duration_reward_list":[64472.7578232252,67051.9686794636,64979.8430676788,60892.0604145716,49828.6614689718,61175.9475121328,69373.4417383914,58720.7915022291,54541.3026361018,63821.4906571181,68111.3014917924,63039.2288940041,71688.8323847376],"max_clicks_reward_list":[1273.9546608668,1273.9546608668,1273.9546608668,1273.9546608668,1273.9546608668,1273.9546608668,1273.9546608668,1273.9546608668,1273.9546608668,1273.9546608668,1273.9546608668,1273.9546608668,1273.9546608668],"max_watch_duration_reward_list":[104156.0308077212,104156.0308077212,104156.0308077212,104156.0308077212,104156.0308077212,104156.0308077212,104156.0308077212,104156.0308077212,104156.0308077212,104156.0308077212,104156.0308077212,104156.0308077212,104156.0308077212]}}