{"TweedieModelAgent":{"actual_clicks_reward_list":[28.0,24.0,20.0,25.0,21.0,29.0,25.0,16.0,18.0,27.0,16.0,20.0,16.0],"actual_watch_duration_reward_list":[1467.0871980672,1148.859206521,1426.0446139727,1771.7877256817,774.3715161523,1721.0486933378,1863.7153778844,851.8487349017,1051.3428831738,1746.121411675,876.736971467,1186.4194450189,1242.5951280771],"max_clicks_reward_list":[22.2911517249,22.2911517249,22.2911517249,22.2911517249,22.2911517249,22.2911517249,22.2911517249,22.2911517249,22.2911517249,22.2911517249,22.2911517249,22.2911517249,22.2911517249],"max_watch_duration_reward_list":[1495.5616687575,1495.5616687575,1495.5616687575,1495.5616687575,1495.5616687575,1495.5616687575,1495.5616687575,1495.5616687575,1495.5616687575,1495.5616687575,1495.5616687575,1495.5616687575,1495.5616687575]},"WeightedPointWiseModelAgent":{"actual_clicks_reward_list":[15.0,20.0,14.0,27.0,13.0,25.0,24.0,23.0,17.0,20.0,17.0,31.0,21.0],"actual_watch_duration_reward_list":[494.5531910078,1286.0769642548,649.4255476472,1059.6694060408,650.5660617699,1888.4877286633,1549.0696668117,1238.7156716496,754.2135143122,936.02023937,1467.1989840041,2064.0194514014,1222.1126176911],"max_clicks_reward_list":[22.2911517249,22.2911517249,22.2911517249,22.2911517249,22.2911517249,22.2911517249,22.2911517249,22.2911517249,22.2911517249,22.2911517249,22.2911517249,22.2911517249,22.2911517249],"max_watch_duration_reward_list":[1495.5616687575,1495.5616687575,1495.5616687575,1495.5616687575,1495.5616687575,1495.5616687575,1495.5616687575,1495.5616687575,1495.5616687575,1495.5616687575,1495.5616687575,1495.5616687575,1495.5616687575]},"PointWiseModelAgent":{"actual_clicks_reward_list":[20.0,27.0,20.0,25.0,15.0,20.0,9.0,22.0,18.0,31.0,22.0,20.0,10.0],"actual_watch_duration_reward_list":[1046.0328637893,1266.5630964357,863.5043317223,1195.9699206337,1297.6581051771,1088.8344747272,724.8959494807,1141.0445687102,1065.0428671566,2025.4828660859,1350.0014310631,989.1274280845,508.8945996572],"max_clicks_reward_list":[22.2911517249,22.2911517249,22.2911517249,22.2911517249,22.2911517249,22.2911517249,22.2911517249,22.2911517249,22.2911517249,22.2911517249,22.2911517249,22.2911517249,22.2911517249],"max_watch_duration_reward_list":[1495.5616687575,1495.5616687575,1495.5616687575,1495.5616687575,1495.5616687575,1495.5616687575,1495.5616687575,1495.5616687575,1495.5616687575,1495.5616687575,1495.5616687575,1495.5616687575,1495.5616687575]},"BanditAgent":{"actual_clicks_reward_list":[24.0,20.0,21.0,20.0,22.0,16.0,17.0,14.0,14.0,24.0,24.0,23.0,22.0],"actual_watch_duration_reward_list":[1768.725275473,1264.183165996,1122.0416315955,1417.9420404916,1132.2429694703,721.3370933866,888.4031231635,889.7500498672,879.1097389317,669.4096807983,1463.2856683873,1044.0057823285,1123.1983814493],"max_clicks_reward_list":[22.2911517249,22.2911517249,22.2911517249,22.2911517249,22.2911517249,22.2911517249,22.2911517249,22.2911517249,22.2911517249,22.2911517249,22.2911517249,22.2911517249,22.2911517249],"max_watch_duration_reward_list":[1495.5616687575,1495.5616687575,1495.5616687575,1495.5616687575,1495.5616687575,1495.5616687575,1495.5616687575,1495.5616687575,1495.5616687575,1495.5616687575,1495.5616687575,1495.5616687575,1495.5616687575]},"BucketSortingAgent":{"actual_clicks_reward_list":[30.0,17.0,29.0,28.0,18.0,24.0,12.0,27.0,18.0,22.0,21.0,21.0,18.0],"actual_watch_duration_reward_list":[1673.894437362,1123.1583969475,1146.7774494276,1439.9695534401,794.5067931019,1452.9430989631,602.6539245006,1624.4456126645,845.0849418558,1164.1081721056,1514.4207176194,1259.9639107482,746.8832501001],"max_clicks_reward_list":[22.2911517249,22.2911517249,22.2911517249,22.2911517249,22.2911517249,22.2911517249,22.2911517249,22.2911517249,22.2911517249,22.2911517249,22.2911517249,22.2911517249,22.2911517249],"max_watch_duration_reward_list":[1495.5616687575,1495.5616687575,1495.5616687575,1495.5616687575,1495.5616687575,1495.5616687575,1495.5616687575,1495.5616687575,1495.5616687575,1495.5616687575,1495.5616687575,1495.5616687575,1495.5616687575]},"BucketSortingWatchTimeAgent":{"actual_clicks_reward_list":[19.0,22.0,16.0,23.0,19.0,21.0,24.0,26.0,22.0,22.0,21.0,12.0,20.0],"actual_watch_duration_reward_list":[1082.3681145953,826.5396426313,693.2019618975,1232.8817726568,1158.6312588928,1251.8714654275,1718.334932563,1713.4010157458,998.3289699698,1501.0218219548,1852.8124187217,806.6494995674,1416.3854769003],"max_clicks_reward_list":[22.2911517249,22.2911517249,22.2911517249,22.2911517249,22.2911517249,22.2911517249,22.2911517249,22.2911517249,22.2911517249,22.2911517249,22.2911517249,22.2911517249,22.2911517249],"max_watch_duration_reward_list":[1495.5616687575,1495.5616687575,1495.5616687575,1495.5616687575,1495.5616687575,1495.5616687575,1495.5616687575,1495.5616687575,1495.5616687575,1495.5616687575,1495.5616687575,1495.5616687575,1495.5616687575]},"PairWiseModelAgent":{"actual_clicks_reward_list":[20.0,25.0,18.0,19.0,22.0,17.0,23.0,19.0,22.0,27.0,16.0,15.0,22.0],"actual_watch_duration_reward_list":[719.4758602186,1488.1677102465,660.8011581235,868.3799271499,845.1913559108,851.8778361531,1042.9085738455,1104.8639636496,1088.083973223,1416.9921965488,752.0689721838,1025.9615407643,1115.8862821652],"max_clicks_reward_list":[22.2911517249,22.2911517249,22.2911517249,22.2911517249,22.2911517249,22.2911517249,22.2911517249,22.2911517249,22.2911517249,22.2911517249,22.2911517249,22.2911517249,22.2911517249],"max_watch_duration_reward_list":[1495.5616687575,1495.5616687575,1495.5616687575,1495.5616687575,1495.5616687575,1495.5616687575,1495.5616687575,1495.5616687575,1495.5616687575,1495.5616687575,1495.5616687575,1495.5616687575,1495.5616687575]},"WeightedPairWiseModelAgent":{"actual_clicks_reward_list":[22.0,27.0,29.0,19.0,32.0,22.0,18.0,21.0,17.0,17.0,22.0,16.0,19.0],"actual_watch_duration_reward_list":[1064.4807550861,2171.3266292973,1373.2953057491,1397.3985953161,1973.4480972428,1323.30277421,1312.1184700895,1139.0105130634,898.4786692354,832.8550781409,1445.7541374961,886.4083110834,870.9377096263],"max_clicks_reward_list":[22.2911517249,22.2911517249,22.2911517249,22.2911517249,22.2911517249,22.2911517249,22.2911517249,22.2911517249,22.2911517249,22.2911517249,22.2911517249,22.2911517249,22.2911517249],"max_watch_duration_reward_list":[1495.5616687575,1495.5616687575,1495.5616687575,1495.5616687575,1495.5616687575,1495.5616687575,1495.5616687575,1495.5616687575,1495.5616687575,1495.5616687575,1495.5616687575,1495.5616687575,1495.5616687575]}}