{"TweedieModelAgent":{"actual_clicks_reward_list":[191.0,172.0,202.0,173.0,201.0,203.0,197.0,230.0,211.0,221.0,195.0,204.0,213.0],"actual_watch_duration_reward_list":[8915.2765515141,7086.7046127449,9056.2494587944,10757.6555672853,13280.5074331054,12491.8943516062,11960.741481978,13807.8941031266,12796.1057420909,13391.5394459659,11851.0338664912,14186.3464437153,12157.6807526862],"max_clicks_reward_list":[241.1218163529,241.1218163529,241.1218163529,241.1218163529,241.1218163529,241.1218163529,241.1218163529,241.1218163529,241.1218163529,241.1218163529,241.1218163529,241.1218163529,241.1218163529],"max_watch_duration_reward_list":[17210.2879459655,17210.2879459655,17210.2879459655,17210.2879459655,17210.2879459655,17210.2879459655,17210.2879459655,17210.2879459655,17210.2879459655,17210.2879459655,17210.2879459655,17210.2879459655,17210.2879459655]},"WeightedPointWiseModelAgent":{"actual_clicks_reward_list":[186.0,179.0,191.0,226.0,194.0,190.0,212.0,208.0,199.0,213.0,230.0,209.0,237.0],"actual_watch_duration_reward_list":[9693.4618206029,7699.0341689467,8243.0668945755,12792.8874727253,12377.0822087863,10499.9284496631,11376.0627508963,11426.6223191729,11581.9716663243,12160.6239705362,12431.4231775331,12078.2501058264,13249.7702790844],"max_clicks_reward_list":[241.1218163529,241.1218163529,241.1218163529,241.1218163529,241.1218163529,241.1218163529,241.1218163529,241.1218163529,241.1218163529,241.1218163529,241.1218163529,241.1218163529,241.1218163529],"max_watch_duration_reward_list":[17210.2879459655,17210.2879459655,17210.2879459655,17210.2879459655,17210.2879459655,17210.2879459655,17210.2879459655,17210.2879459655,17210.2879459655,17210.2879459655,17210.2879459655,17210.2879459655,17210.2879459655]},"PointWiseModelAgent":{"actual_clicks_reward_list":[161.0,205.0,197.0,213.0,203.0,198.0,232.0,229.0,226.0,191.0,243.0,207.0,236.0],"actual_watch_duration_reward_list":[7715.7658668895,9520.2367777061,8700.1449578615,9584.2914359717,11266.0327020368,10548.9631258191,14062.6440763677,13579.4390858007,12906.0767983814,9895.8038311878,10414.7566320164,9180.1080237947,13823.3805045757],"max_clicks_reward_list":[241.1218163529,241.1218163529,241.1218163529,241.1218163529,241.1218163529,241.1218163529,241.1218163529,241.1218163529,241.1218163529,241.1218163529,241.1218163529,241.1218163529,241.1218163529],"max_watch_duration_reward_list":[17210.2879459655,17210.2879459655,17210.2879459655,17210.2879459655,17210.2879459655,17210.2879459655,17210.2879459655,17210.2879459655,17210.2879459655,17210.2879459655,17210.2879459655,17210.2879459655,17210.2879459655]},"BanditAgent":{"actual_clicks_reward_list":[191.0,206.0,168.0,197.0,181.0,191.0,197.0,203.0,208.0,222.0,225.0,197.0,223.0],"actual_watch_duration_reward_list":[8485.8851210226,9028.5285007516,7593.738176849,10681.7693335558,9364.3534499859,9974.2540417104,9768.9523492653,11836.7606652623,12329.9845737454,12116.0434339766,13401.7949992028,10153.9124949097,12196.1826392705],"max_clicks_reward_list":[241.1218163529,241.1218163529,241.1218163529,241.1218163529,241.1218163529,241.1218163529,241.1218163529,241.1218163529,241.1218163529,241.1218163529,241.1218163529,241.1218163529,241.1218163529],"max_watch_duration_reward_list":[17210.2879459655,17210.2879459655,17210.2879459655,17210.2879459655,17210.2879459655,17210.2879459655,17210.2879459655,17210.2879459655,17210.2879459655,17210.2879459655,17210.2879459655,17210.2879459655,17210.2879459655]},"BucketSortingAgent":{"actual_clicks_reward_list":[180.0,210.0,187.0,232.0,199.0,253.0,268.0,246.0,239.0,225.0,214.0,216.0,245.0],"actual_watch_duration_reward_list":[8216.1638922402,10251.2648169177,8278.4760370099,13364.8588534939,10607.26389215,12559.3643554265,14381.1406013194,11854.4399374034,11730.8938476799,11359.0241157891,9271.7198492885,10143.3822275069,12608.7028136366],"max_clicks_reward_list":[241.1218163529,241.1218163529,241.1218163529,241.1218163529,241.1218163529,241.1218163529,241.1218163529,241.1218163529,241.1218163529,241.1218163529,241.1218163529,241.1218163529,241.1218163529],"max_watch_duration_reward_list":[17210.2879459655,17210.2879459655,17210.2879459655,17210.2879459655,17210.2879459655,17210.2879459655,17210.2879459655,17210.2879459655,17210.2879459655,17210.2879459655,17210.2879459655,17210.2879459655,17210.2879459655]},"BucketSortingWatchTimeAgent":{"actual_clicks_reward_list":[187.0,185.0,197.0,211.0,242.0,221.0,230.0,223.0,213.0,240.0,253.0,218.0,199.0],"actual_watch_duration_reward_list":[8023.730297668,7905.3268736923,9600.2242587443,11780.9945936556,13359.2046686322,10875.2969300044,13553.0382955755,12265.3427810542,12388.5399061592,14438.8852580725,15635.8961062513,15004.6984164795,11690.1942562022],"max_clicks_reward_list":[241.1218163529,241.1218163529,241.1218163529,241.1218163529,241.1218163529,241.1218163529,241.1218163529,241.1218163529,241.1218163529,241.1218163529,241.1218163529,241.1218163529,241.1218163529],"max_watch_duration_reward_list":[17210.2879459655,17210.2879459655,17210.2879459655,17210.2879459655,17210.2879459655,17210.2879459655,17210.2879459655,17210.2879459655,17210.2879459655,17210.2879459655,17210.2879459655,17210.2879459655,17210.2879459655]},"PairWiseModelAgent":{"actual_clicks_reward_list":[174.0,179.0,206.0,218.0,204.0,255.0,200.0,215.0,226.0,234.0,201.0,241.0,217.0],"actual_watch_duration_reward_list":[8503.1110350522,8700.941101785,10121.2041400801,10952.6616834084,12799.060065504,11965.4164823493,10799.9542415131,10469.7370806789,13018.0407469428,11471.2586102606,11803.4217367593,12993.8961154693,13727.8301301981],"max_clicks_reward_list":[241.1218163529,241.1218163529,241.1218163529,241.1218163529,241.1218163529,241.1218163529,241.1218163529,241.1218163529,241.1218163529,241.1218163529,241.1218163529,241.1218163529,241.1218163529],"max_watch_duration_reward_list":[17210.2879459655,17210.2879459655,17210.2879459655,17210.2879459655,17210.2879459655,17210.2879459655,17210.2879459655,17210.2879459655,17210.2879459655,17210.2879459655,17210.2879459655,17210.2879459655,17210.2879459655]},"WeightedPairWiseModelAgent":{"actual_clicks_reward_list":[185.0,194.0,178.0,183.0,214.0,187.0,218.0,227.0,236.0,221.0,191.0,235.0,238.0],"actual_watch_duration_reward_list":[7662.2601054968,8080.6972087628,8413.2732496913,11472.8842598034,10660.2125251562,11071.1626852854,12475.1763624467,13716.4864669443,14163.5853536621,12311.6272870597,11697.6083321803,14009.6922371278,14439.030578071],"max_clicks_reward_list":[241.1218163529,241.1218163529,241.1218163529,241.1218163529,241.1218163529,241.1218163529,241.1218163529,241.1218163529,241.1218163529,241.1218163529,241.1218163529,241.1218163529,241.1218163529],"max_watch_duration_reward_list":[17210.2879459655,17210.2879459655,17210.2879459655,17210.2879459655,17210.2879459655,17210.2879459655,17210.2879459655,17210.2879459655,17210.2879459655,17210.2879459655,17210.2879459655,17210.2879459655,17210.2879459655]}}