{"TweedieModelAgent":{"actual_clicks_reward_list":[161.0,204.0,185.0,194.0,240.0,202.0,192.0,230.0,192.0,214.0,214.0,236.0,242.0],"actual_watch_duration_reward_list":[9538.3150680365,12240.1576318458,11208.6063075603,12120.8094743876,15527.029528781,13983.9598503249,13612.7920459477,15502.2262162751,12100.8932312775,15073.9540018203,14673.0564970419,15340.359015936,16246.686362163],"max_clicks_reward_list":[250.4165840081,250.4165840081,250.4165840081,250.4165840081,250.4165840081,250.4165840081,250.4165840081,250.4165840081,250.4165840081,250.4165840081,250.4165840081,250.4165840081,250.4165840081],"max_watch_duration_reward_list":[20241.5282797592,20241.5282797592,20241.5282797592,20241.5282797592,20241.5282797592,20241.5282797592,20241.5282797592,20241.5282797592,20241.5282797592,20241.5282797592,20241.5282797592,20241.5282797592,20241.5282797592]},"WeightedPointWiseModelAgent":{"actual_clicks_reward_list":[203.0,199.0,196.0,203.0,207.0,172.0,201.0,193.0,200.0,179.0,217.0,198.0,181.0],"actual_watch_duration_reward_list":[12924.0859141581,11649.5566360373,11974.4767727907,14804.3987725938,14948.8827908002,12342.2598520351,14131.6609814749,13238.1713084856,13375.0422224293,12652.529956294,14533.9360472229,14952.5720312998,13455.4389743087],"max_clicks_reward_list":[250.4165840081,250.4165840081,250.4165840081,250.4165840081,250.4165840081,250.4165840081,250.4165840081,250.4165840081,250.4165840081,250.4165840081,250.4165840081,250.4165840081,250.4165840081],"max_watch_duration_reward_list":[20241.5282797592,20241.5282797592,20241.5282797592,20241.5282797592,20241.5282797592,20241.5282797592,20241.5282797592,20241.5282797592,20241.5282797592,20241.5282797592,20241.5282797592,20241.5282797592,20241.5282797592]},"PointWiseModelAgent":{"actual_clicks_reward_list":[192.0,190.0,172.0,199.0,199.0,201.0,205.0,226.0,240.0,227.0,229.0,246.0,221.0],"actual_watch_duration_reward_list":[11678.7737552266,10962.4905251853,10336.1882218633,10742.3883639087,10972.6491521629,8957.8842115359,12300.8665210264,11151.9192804645,13777.9842338568,11456.0499299297,11376.4936227876,13399.8920126991,11960.9639497479],"max_clicks_reward_list":[250.4165840081,250.4165840081,250.4165840081,250.4165840081,250.4165840081,250.4165840081,250.4165840081,250.4165840081,250.4165840081,250.4165840081,250.4165840081,250.4165840081,250.4165840081],"max_watch_duration_reward_list":[20241.5282797592,20241.5282797592,20241.5282797592,20241.5282797592,20241.5282797592,20241.5282797592,20241.5282797592,20241.5282797592,20241.5282797592,20241.5282797592,20241.5282797592,20241.5282797592,20241.5282797592]}}