{"TweedieModelAgent":{"actual_clicks_reward_list":[27.0,28.0,22.0,24.0,25.0,22.0,19.0,16.0,17.0,28.0,27.0,18.0,26.0],"actual_watch_duration_reward_list":[1571.9620107785,1932.6581900948,1877.8733180345,1796.8002888005,2213.0325293274,1810.8004658455,1163.5084747167,929.6108756512,1313.2260083326,1617.9598782125,1773.211439522,1011.2079344136,2455.8882484168],"max_clicks_reward_list":[21.9735462515,21.9735462515,21.9735462515,21.9735462515,21.9735462515,21.9735462515,21.9735462515,21.9735462515,21.9735462515,21.9735462515,21.9735462515,21.9735462515,21.9735462515],"max_watch_duration_reward_list":[1770.9851313442,1770.9851313442,1770.9851313442,1770.9851313442,1770.9851313442,1770.9851313442,1770.9851313442,1770.9851313442,1770.9851313442,1770.9851313442,1770.9851313442,1770.9851313442,1770.9851313442]},"WeightedPointWiseModelAgent":{"actual_clicks_reward_list":[25.0,28.0,19.0,29.0,23.0,17.0,15.0,25.0,22.0,17.0,22.0,24.0,20.0],"actual_watch_duration_reward_list":[1646.1358791048,1813.1910903082,1331.8236206892,2037.966495377,1316.4990478253,1494.2192711522,858.2159236491,1565.0500730412,1660.3313358547,1336.055597368,1197.9418181064,2009.1518215194,1461.1978316723],"max_clicks_reward_list":[21.9735462515,21.9735462515,21.9735462515,21.9735462515,21.9735462515,21.9735462515,21.9735462515,21.9735462515,21.9735462515,21.9735462515,21.9735462515,21.9735462515,21.9735462515],"max_watch_duration_reward_list":[1770.9851313442,1770.9851313442,1770.9851313442,1770.9851313442,1770.9851313442,1770.9851313442,1770.9851313442,1770.9851313442,1770.9851313442,1770.9851313442,1770.9851313442,1770.9851313442,1770.9851313442]},"PointWiseModelAgent":{"actual_clicks_reward_list":[19.0,22.0,24.0,27.0,14.0,24.0,19.0,18.0,20.0,20.0,21.0,25.0,19.0],"actual_watch_duration_reward_list":[1429.005556487,1402.2488035496,1881.6474617194,1741.8878577183,893.3899092483,1322.1932801237,1077.9502435796,1270.3392445179,1069.6858381186,1635.1412087478,1431.2881521348,1811.4023580708,1456.6047983143],"max_clicks_reward_list":[21.9735462515,21.9735462515,21.9735462515,21.9735462515,21.9735462515,21.9735462515,21.9735462515,21.9735462515,21.9735462515,21.9735462515,21.9735462515,21.9735462515,21.9735462515],"max_watch_duration_reward_list":[1770.9851313442,1770.9851313442,1770.9851313442,1770.9851313442,1770.9851313442,1770.9851313442,1770.9851313442,1770.9851313442,1770.9851313442,1770.9851313442,1770.9851313442,1770.9851313442,1770.9851313442]},"BanditAgent":{"actual_clicks_reward_list":[22.0,18.0,22.0,17.0,20.0,19.0,25.0,29.0,16.0,19.0,25.0,23.0,22.0],"actual_watch_duration_reward_list":[1284.0761291025,1029.1654782089,1707.969164342,1095.536746651,1582.224214303,1182.4852534583,1654.9867180896,2284.3665063004,1291.044288504,1118.0490543461,2074.7118457981,1807.8220935801,1856.7172686963],"max_clicks_reward_list":[21.9735462515,21.9735462515,21.9735462515,21.9735462515,21.9735462515,21.9735462515,21.9735462515,21.9735462515,21.9735462515,21.9735462515,21.9735462515,21.9735462515,21.9735462515],"max_watch_duration_reward_list":[1770.9851313442,1770.9851313442,1770.9851313442,1770.9851313442,1770.9851313442,1770.9851313442,1770.9851313442,1770.9851313442,1770.9851313442,1770.9851313442,1770.9851313442,1770.9851313442,1770.9851313442]},"BucketSortingAgent":{"actual_clicks_reward_list":[25.0,22.0,11.0,19.0,17.0,20.0,20.0,18.0,16.0,7.0,19.0,16.0,13.0],"actual_watch_duration_reward_list":[1759.1376764406,2090.1854508683,671.1543605261,1494.4210466548,1211.8117113003,1134.1256786767,1468.679874608,1117.0635476725,1302.9532057377,405.0344464953,969.2059342902,1176.8676111244,699.7457944532],"max_clicks_reward_list":[21.9735462515,21.9735462515,21.9735462515,21.9735462515,21.9735462515,21.9735462515,21.9735462515,21.9735462515,21.9735462515,21.9735462515,21.9735462515,21.9735462515,21.9735462515],"max_watch_duration_reward_list":[1770.9851313442,1770.9851313442,1770.9851313442,1770.9851313442,1770.9851313442,1770.9851313442,1770.9851313442,1770.9851313442,1770.9851313442,1770.9851313442,1770.9851313442,1770.9851313442,1770.9851313442]},"BucketSortingWatchTimeAgent":{"actual_clicks_reward_list":[26.0,16.0,24.0,15.0,24.0,25.0,20.0,28.0,32.0,25.0,22.0,18.0,21.0],"actual_watch_duration_reward_list":[1851.6705821828,805.3403941908,1075.6282707762,861.8490153783,1928.0059506139,1945.6351095303,1755.8916596315,2423.9791568257,2367.022288908,1913.6036032372,1657.0726223499,1028.173793708,2244.5931899645],"max_clicks_reward_list":[21.9735462515,21.9735462515,21.9735462515,21.9735462515,21.9735462515,21.9735462515,21.9735462515,21.9735462515,21.9735462515,21.9735462515,21.9735462515,21.9735462515,21.9735462515],"max_watch_duration_reward_list":[1770.9851313442,1770.9851313442,1770.9851313442,1770.9851313442,1770.9851313442,1770.9851313442,1770.9851313442,1770.9851313442,1770.9851313442,1770.9851313442,1770.9851313442,1770.9851313442,1770.9851313442]},"PairWiseModelAgent":{"actual_clicks_reward_list":[23.0,28.0,13.0,27.0,26.0,11.0,15.0,23.0,14.0,15.0,21.0,22.0,21.0],"actual_watch_duration_reward_list":[1491.6365266231,1753.4606472223,558.6399449689,1723.9803576574,1363.2466433717,797.9217845405,717.3228948135,1537.2810828498,1031.9734377853,735.8430032314,1619.7951159504,1474.3996738321,1599.0590243407],"max_clicks_reward_list":[21.9735462515,21.9735462515,21.9735462515,21.9735462515,21.9735462515,21.9735462515,21.9735462515,21.9735462515,21.9735462515,21.9735462515,21.9735462515,21.9735462515,21.9735462515],"max_watch_duration_reward_list":[1770.9851313442,1770.9851313442,1770.9851313442,1770.9851313442,1770.9851313442,1770.9851313442,1770.9851313442,1770.9851313442,1770.9851313442,1770.9851313442,1770.9851313442,1770.9851313442,1770.9851313442]},"WeightedPairWiseModelAgent":{"actual_clicks_reward_list":[22.0,23.0,24.0,18.0,25.0,24.0,22.0,22.0,20.0,16.0,24.0,21.0,20.0],"actual_watch_duration_reward_list":[1727.8640035845,1520.2173506259,1844.4022855333,927.989902605,1484.5431405523,1276.1742977706,1566.0178335328,1272.4929249322,1040.2699132643,1244.4430091519,1228.1811002649,1302.5164269836,1255.1006869512],"max_clicks_reward_list":[21.9735462515,21.9735462515,21.9735462515,21.9735462515,21.9735462515,21.9735462515,21.9735462515,21.9735462515,21.9735462515,21.9735462515,21.9735462515,21.9735462515,21.9735462515],"max_watch_duration_reward_list":[1770.9851313442,1770.9851313442,1770.9851313442,1770.9851313442,1770.9851313442,1770.9851313442,1770.9851313442,1770.9851313442,1770.9851313442,1770.9851313442,1770.9851313442,1770.9851313442,1770.9851313442]}}