{"TweedieModelAgent":{"actual_clicks_reward_list":[24.0,16.0,14.0,28.0,23.0,22.0,18.0,23.0,26.0,17.0,19.0,18.0,28.0],"actual_watch_duration_reward_list":[1491.5716562106,1155.2724556363,495.1383241431,1571.5552030443,1161.0334927842,1275.9919470206,1394.9631089136,1297.8211276557,1629.5049516903,1070.22674884,1033.8217014418,982.7745633725,1769.7208077935],"max_clicks_reward_list":[22.6352327452,22.6352327452,22.6352327452,22.6352327452,22.6352327452,22.6352327452,22.6352327452,22.6352327452,22.6352327452,22.6352327452,22.6352327452,22.6352327452,22.6352327452],"max_watch_duration_reward_list":[1488.6675444392,1488.6675444392,1488.6675444392,1488.6675444392,1488.6675444392,1488.6675444392,1488.6675444392,1488.6675444392,1488.6675444392,1488.6675444392,1488.6675444392,1488.6675444392,1488.6675444392]},"WeightedPointWiseModelAgent":{"actual_clicks_reward_list":[16.0,25.0,13.0,18.0,13.0,22.0,22.0,20.0,24.0,19.0,19.0,20.0,17.0],"actual_watch_duration_reward_list":[1418.908654842,1348.4570099808,845.6456644795,792.4817312545,794.7798939914,1472.8114140362,1742.4463323851,1185.5067999919,2115.4939676412,1132.5490023001,1637.8648343001,1267.9931943931,1301.3851807098],"max_clicks_reward_list":[22.6352327452,22.6352327452,22.6352327452,22.6352327452,22.6352327452,22.6352327452,22.6352327452,22.6352327452,22.6352327452,22.6352327452,22.6352327452,22.6352327452,22.6352327452],"max_watch_duration_reward_list":[1488.6675444392,1488.6675444392,1488.6675444392,1488.6675444392,1488.6675444392,1488.6675444392,1488.6675444392,1488.6675444392,1488.6675444392,1488.6675444392,1488.6675444392,1488.6675444392,1488.6675444392]},"PointWiseModelAgent":{"actual_clicks_reward_list":[21.0,25.0,24.0,19.0,28.0,23.0,21.0,18.0,17.0,19.0,22.0,21.0,27.0],"actual_watch_duration_reward_list":[1754.2475087291,1682.5138555281,1732.3913785551,739.737709097,1251.6448351076,1440.5939082296,1106.280237893,1222.3663912722,771.6834800881,1268.1522955519,667.4125031716,1272.059648175,1507.8095207469],"max_clicks_reward_list":[22.6352327452,22.6352327452,22.6352327452,22.6352327452,22.6352327452,22.6352327452,22.6352327452,22.6352327452,22.6352327452,22.6352327452,22.6352327452,22.6352327452,22.6352327452],"max_watch_duration_reward_list":[1488.6675444392,1488.6675444392,1488.6675444392,1488.6675444392,1488.6675444392,1488.6675444392,1488.6675444392,1488.6675444392,1488.6675444392,1488.6675444392,1488.6675444392,1488.6675444392,1488.6675444392]},"BanditAgent":{"actual_clicks_reward_list":[22.0,18.0,22.0,15.0,19.0,22.0,15.0,21.0,18.0,27.0,19.0,24.0,13.0],"actual_watch_duration_reward_list":[1188.8788938218,959.3064306616,1661.307989767,965.9386640333,1638.3983993353,1262.1115545481,779.2490609919,1221.3051791704,940.0937989027,1470.6723149903,1500.0157741,1160.7952681525,540.8872225067],"max_clicks_reward_list":[22.6352327452,22.6352327452,22.6352327452,22.6352327452,22.6352327452,22.6352327452,22.6352327452,22.6352327452,22.6352327452,22.6352327452,22.6352327452,22.6352327452,22.6352327452],"max_watch_duration_reward_list":[1488.6675444392,1488.6675444392,1488.6675444392,1488.6675444392,1488.6675444392,1488.6675444392,1488.6675444392,1488.6675444392,1488.6675444392,1488.6675444392,1488.6675444392,1488.6675444392,1488.6675444392]},"BucketSortingAgent":{"actual_clicks_reward_list":[24.0,31.0,17.0,21.0,23.0,14.0,19.0,20.0,19.0,24.0,20.0,24.0,20.0],"actual_watch_duration_reward_list":[1459.4054233648,2085.4063228384,1290.1472030131,1163.853525949,1322.68447743,766.1004994372,1162.5511463649,1325.4303552314,867.4311615298,1769.9868564955,960.3007659125,1649.4282796668,815.5703083938],"max_clicks_reward_list":[22.6352327452,22.6352327452,22.6352327452,22.6352327452,22.6352327452,22.6352327452,22.6352327452,22.6352327452,22.6352327452,22.6352327452,22.6352327452,22.6352327452,22.6352327452],"max_watch_duration_reward_list":[1488.6675444392,1488.6675444392,1488.6675444392,1488.6675444392,1488.6675444392,1488.6675444392,1488.6675444392,1488.6675444392,1488.6675444392,1488.6675444392,1488.6675444392,1488.6675444392,1488.6675444392]},"BucketSortingWatchTimeAgent":{"actual_clicks_reward_list":[17.0,20.0,25.0,18.0,21.0,14.0,29.0,17.0,22.0,17.0,17.0,30.0,18.0],"actual_watch_duration_reward_list":[1274.6173225723,1291.300621923,1345.1563314056,904.4310936117,1139.0785292796,919.9357154287,1571.6934302028,965.2462857119,1265.6370162774,1352.0568343109,1041.7775909413,1912.0010980655,1207.7620971949],"max_clicks_reward_list":[22.6352327452,22.6352327452,22.6352327452,22.6352327452,22.6352327452,22.6352327452,22.6352327452,22.6352327452,22.6352327452,22.6352327452,22.6352327452,22.6352327452,22.6352327452],"max_watch_duration_reward_list":[1488.6675444392,1488.6675444392,1488.6675444392,1488.6675444392,1488.6675444392,1488.6675444392,1488.6675444392,1488.6675444392,1488.6675444392,1488.6675444392,1488.6675444392,1488.6675444392,1488.6675444392]},"PairWiseModelAgent":{"actual_clicks_reward_list":[17.0,22.0,16.0,25.0,22.0,13.0,17.0,25.0,16.0,15.0,21.0,19.0,21.0],"actual_watch_duration_reward_list":[1297.4469778387,1312.2756406197,940.4809741928,1445.673629241,1497.456153878,789.9153226098,951.4169779956,1548.9111017456,927.7292383401,691.3951067253,1114.8032489163,951.596673075,1391.2940343001],"max_clicks_reward_list":[22.6352327452,22.6352327452,22.6352327452,22.6352327452,22.6352327452,22.6352327452,22.6352327452,22.6352327452,22.6352327452,22.6352327452,22.6352327452,22.6352327452,22.6352327452],"max_watch_duration_reward_list":[1488.6675444392,1488.6675444392,1488.6675444392,1488.6675444392,1488.6675444392,1488.6675444392,1488.6675444392,1488.6675444392,1488.6675444392,1488.6675444392,1488.6675444392,1488.6675444392,1488.6675444392]},"WeightedPairWiseModelAgent":{"actual_clicks_reward_list":[20.0,25.0,25.0,15.0,15.0,20.0,18.0,23.0,17.0,21.0,14.0,21.0,11.0],"actual_watch_duration_reward_list":[1363.078451739,1269.0661253669,1583.2726870432,822.2046433789,1012.6376957671,848.0893253961,882.7825077467,1371.4902833268,1277.0963723571,1548.4025225457,996.173212572,1342.0455140073,405.2705267809],"max_clicks_reward_list":[22.6352327452,22.6352327452,22.6352327452,22.6352327452,22.6352327452,22.6352327452,22.6352327452,22.6352327452,22.6352327452,22.6352327452,22.6352327452,22.6352327452,22.6352327452],"max_watch_duration_reward_list":[1488.6675444392,1488.6675444392,1488.6675444392,1488.6675444392,1488.6675444392,1488.6675444392,1488.6675444392,1488.6675444392,1488.6675444392,1488.6675444392,1488.6675444392,1488.6675444392,1488.6675444392]}}