{"TweedieModelAgent":{"actual_clicks_reward_list":[24.0,17.0,14.0,20.0,21.0,19.0,21.0,16.0,15.0,13.0,16.0,15.0,18.0],"actual_watch_duration_reward_list":[1079.1670523844,956.7799104483,774.9974492238,1149.9740288484,1162.4427704627,1178.6119275664,1282.235330905,947.0501401613,773.0068118651,549.4373042755,998.6535192873,814.268665934,795.5451598553],"max_clicks_reward_list":[21.0165193977,21.0165193977,21.0165193977,21.0165193977,21.0165193977,21.0165193977,21.0165193977,21.0165193977,21.0165193977,21.0165193977,21.0165193977,21.0165193977,21.0165193977],"max_watch_duration_reward_list":[1134.1147058689,1134.1147058689,1134.1147058689,1134.1147058689,1134.1147058689,1134.1147058689,1134.1147058689,1134.1147058689,1134.1147058689,1134.1147058689,1134.1147058689,1134.1147058689,1134.1147058689]},"WeightedPointWiseModelAgent":{"actual_clicks_reward_list":[16.0,17.0,30.0,29.0,16.0,12.0,14.0,22.0,20.0,24.0,19.0,17.0,23.0],"actual_watch_duration_reward_list":[827.8053521688,797.5338217951,1276.832733642,1136.4122270465,784.8754393258,520.4439888772,914.6772010745,832.535114984,778.6465723469,1174.6373145539,950.0973068102,582.7400638956,1285.2384612122],"max_clicks_reward_list":[21.0165193977,21.0165193977,21.0165193977,21.0165193977,21.0165193977,21.0165193977,21.0165193977,21.0165193977,21.0165193977,21.0165193977,21.0165193977,21.0165193977,21.0165193977],"max_watch_duration_reward_list":[1134.1147058689,1134.1147058689,1134.1147058689,1134.1147058689,1134.1147058689,1134.1147058689,1134.1147058689,1134.1147058689,1134.1147058689,1134.1147058689,1134.1147058689,1134.1147058689,1134.1147058689]},"PointWiseModelAgent":{"actual_clicks_reward_list":[16.0,21.0,16.0,21.0,21.0,19.0,11.0,24.0,20.0,19.0,18.0,20.0,28.0],"actual_watch_duration_reward_list":[635.3232780352,1556.6955131942,722.1035669694,1121.1463618264,1135.525967944,678.740688436,407.6872454752,1190.9426678178,970.4455166461,863.3902973106,717.1770057523,859.882243951,1309.2443326207],"max_clicks_reward_list":[21.0165193977,21.0165193977,21.0165193977,21.0165193977,21.0165193977,21.0165193977,21.0165193977,21.0165193977,21.0165193977,21.0165193977,21.0165193977,21.0165193977,21.0165193977],"max_watch_duration_reward_list":[1134.1147058689,1134.1147058689,1134.1147058689,1134.1147058689,1134.1147058689,1134.1147058689,1134.1147058689,1134.1147058689,1134.1147058689,1134.1147058689,1134.1147058689,1134.1147058689,1134.1147058689]},"BanditAgent":{"actual_clicks_reward_list":[17.0,24.0,13.0,21.0,28.0,18.0,16.0,14.0,21.0,16.0,24.0,15.0,22.0],"actual_watch_duration_reward_list":[1092.672619813,1286.0985037611,539.1329257979,1085.6422756444,1527.5559776904,998.4024360849,827.6079299801,537.1142144899,1210.9523667419,880.8652423597,1155.6361053351,462.8341480123,1071.4131149412],"max_clicks_reward_list":[21.0165193977,21.0165193977,21.0165193977,21.0165193977,21.0165193977,21.0165193977,21.0165193977,21.0165193977,21.0165193977,21.0165193977,21.0165193977,21.0165193977,21.0165193977],"max_watch_duration_reward_list":[1134.1147058689,1134.1147058689,1134.1147058689,1134.1147058689,1134.1147058689,1134.1147058689,1134.1147058689,1134.1147058689,1134.1147058689,1134.1147058689,1134.1147058689,1134.1147058689,1134.1147058689]},"BucketSortingAgent":{"actual_clicks_reward_list":[22.0,21.0,23.0,18.0,21.0,12.0,25.0,25.0,20.0,18.0,24.0,23.0,13.0],"actual_watch_duration_reward_list":[1198.9259711626,1062.4197631216,1360.684764461,938.7328348442,925.4501972621,787.8920355678,1364.2860521403,1400.0310340078,916.0206784189,1016.4985000243,1015.2966830435,1148.4707534649,683.8640350454],"max_clicks_reward_list":[21.0165193977,21.0165193977,21.0165193977,21.0165193977,21.0165193977,21.0165193977,21.0165193977,21.0165193977,21.0165193977,21.0165193977,21.0165193977,21.0165193977,21.0165193977],"max_watch_duration_reward_list":[1134.1147058689,1134.1147058689,1134.1147058689,1134.1147058689,1134.1147058689,1134.1147058689,1134.1147058689,1134.1147058689,1134.1147058689,1134.1147058689,1134.1147058689,1134.1147058689,1134.1147058689]},"BucketSortingWatchTimeAgent":{"actual_clicks_reward_list":[19.0,19.0,18.0,22.0,27.0,20.0,26.0,30.0,17.0,15.0,21.0,31.0,17.0],"actual_watch_duration_reward_list":[1005.948404811,928.9757150381,803.3943794191,992.6430914629,1306.7229564576,1201.9456211472,1273.0496168728,1480.9887726569,742.1865901938,827.2135466596,657.9805003262,1893.2079907939,1099.7300646329],"max_clicks_reward_list":[21.0165193977,21.0165193977,21.0165193977,21.0165193977,21.0165193977,21.0165193977,21.0165193977,21.0165193977,21.0165193977,21.0165193977,21.0165193977,21.0165193977,21.0165193977],"max_watch_duration_reward_list":[1134.1147058689,1134.1147058689,1134.1147058689,1134.1147058689,1134.1147058689,1134.1147058689,1134.1147058689,1134.1147058689,1134.1147058689,1134.1147058689,1134.1147058689,1134.1147058689,1134.1147058689]},"PairWiseModelAgent":{"actual_clicks_reward_list":[21.0,26.0,14.0,16.0,17.0,28.0,19.0,21.0,20.0,19.0,20.0,22.0,17.0],"actual_watch_duration_reward_list":[1184.3525116656,1457.4420440701,711.7971950041,560.0719493675,1103.365338741,892.0462684084,792.6597132504,777.2740959232,666.0091043245,496.0695267875,867.1686327455,840.8841026371,688.879221725],"max_clicks_reward_list":[21.0165193977,21.0165193977,21.0165193977,21.0165193977,21.0165193977,21.0165193977,21.0165193977,21.0165193977,21.0165193977,21.0165193977,21.0165193977,21.0165193977,21.0165193977],"max_watch_duration_reward_list":[1134.1147058689,1134.1147058689,1134.1147058689,1134.1147058689,1134.1147058689,1134.1147058689,1134.1147058689,1134.1147058689,1134.1147058689,1134.1147058689,1134.1147058689,1134.1147058689,1134.1147058689]},"WeightedPairWiseModelAgent":{"actual_clicks_reward_list":[21.0,18.0,29.0,19.0,25.0,18.0,18.0,20.0,12.0,20.0,23.0,27.0,26.0],"actual_watch_duration_reward_list":[1136.6509412492,890.4365981524,1699.1728972679,914.2042416773,1024.8510627866,1107.0819926169,577.305190805,1062.5599338599,482.725515011,874.2493955326,1471.9707370594,1345.7069643236,922.4606026454],"max_clicks_reward_list":[21.0165193977,21.0165193977,21.0165193977,21.0165193977,21.0165193977,21.0165193977,21.0165193977,21.0165193977,21.0165193977,21.0165193977,21.0165193977,21.0165193977,21.0165193977],"max_watch_duration_reward_list":[1134.1147058689,1134.1147058689,1134.1147058689,1134.1147058689,1134.1147058689,1134.1147058689,1134.1147058689,1134.1147058689,1134.1147058689,1134.1147058689,1134.1147058689,1134.1147058689,1134.1147058689]}}