{"TweedieModelAgent":{"actual_clicks_reward_list":[2023.0,2051.0,2100.0,2186.0,2013.0,2023.0,2360.0,2166.0,2197.0,2230.0,2168.0,2166.0,2162.0],"actual_watch_duration_reward_list":[102647.0024403423,104313.1809337756,106075.964813176,118535.3034697437,98934.7028260237,96159.3093538451,140929.4644791347,134512.821989904,161659.8962932946,161636.1251613489,162186.4009342506,163296.8417631746,162951.5920910662],"max_clicks_reward_list":[2523.7842987781,2523.7842987781,2523.7842987781,2523.7842987781,2523.7842987781,2523.7842987781,2523.7842987781,2523.7842987781,2523.7842987781,2523.7842987781,2523.7842987781,2523.7842987781,2523.7842987781],"max_watch_duration_reward_list":[220585.8868138638,220585.8868138638,220585.8868138638,220585.8868138638,220585.8868138638,220585.8868138638,220585.8868138638,220585.8868138638,220585.8868138638,220585.8868138638,220585.8868138638,220585.8868138638,220585.8868138638]},"WeightedPointWiseModelAgent":{"actual_clicks_reward_list":[2109.0,2105.0,2011.0,2002.0,1884.0,1909.0,2090.0,2029.0,2065.0,1945.0,2152.0,2057.0,2055.0],"actual_watch_duration_reward_list":[104310.7070081952,103708.7751468015,98660.973931029,107061.2469834008,92533.3630455417,103984.5049235853,113626.7774850484,103121.7315297485,105309.7929369264,99725.2596835464,112979.1501511043,103736.9368139293,108720.5908301647],"max_clicks_reward_list":[2523.7842987781,2523.7842987781,2523.7842987781,2523.7842987781,2523.7842987781,2523.7842987781,2523.7842987781,2523.7842987781,2523.7842987781,2523.7842987781,2523.7842987781,2523.7842987781,2523.7842987781],"max_watch_duration_reward_list":[220585.8868138638,220585.8868138638,220585.8868138638,220585.8868138638,220585.8868138638,220585.8868138638,220585.8868138638,220585.8868138638,220585.8868138638,220585.8868138638,220585.8868138638,220585.8868138638,220585.8868138638]},"PointWiseModelAgent":{"actual_clicks_reward_list":[2072.0,2073.0,2083.0,2017.0,2099.0,2183.0,1972.0,1921.0,1948.0,2216.0,2224.0,2354.0,2355.0],"actual_watch_duration_reward_list":[103537.7407885979,106390.9009037853,107054.9019935313,111800.8498078522,130192.5848953038,140228.036191551,117639.6824308015,122343.933677407,107046.4193726833,133895.7879567737,139280.7705422055,137634.6367264199,141531.3863791668],"max_clicks_reward_list":[2523.7842987781,2523.7842987781,2523.7842987781,2523.7842987781,2523.7842987781,2523.7842987781,2523.7842987781,2523.7842987781,2523.7842987781,2523.7842987781,2523.7842987781,2523.7842987781,2523.7842987781],"max_watch_duration_reward_list":[220585.8868138638,220585.8868138638,220585.8868138638,220585.8868138638,220585.8868138638,220585.8868138638,220585.8868138638,220585.8868138638,220585.8868138638,220585.8868138638,220585.8868138638,220585.8868138638,220585.8868138638]}}