{"TweedieModelAgent":{"actual_clicks_reward_list":[23.0,21.0,16.0,15.0,16.0,29.0,17.0,19.0,16.0,17.0,14.0,33.0,21.0],"actual_watch_duration_reward_list":[753.8870990104,1072.682848493,909.6698811269,527.2910952017,1161.225638639,1331.8065273579,520.4186636254,1463.0424463512,692.0685072562,1323.4369386612,757.7687586373,1641.0761460982,1325.4140509185],"max_clicks_reward_list":[23.1605506245,23.1605506245,23.1605506245,23.1605506245,23.1605506245,23.1605506245,23.1605506245,23.1605506245,23.1605506245,23.1605506245,23.1605506245,23.1605506245,23.1605506245],"max_watch_duration_reward_list":[1468.6587554642,1468.6587554642,1468.6587554642,1468.6587554642,1468.6587554642,1468.6587554642,1468.6587554642,1468.6587554642,1468.6587554642,1468.6587554642,1468.6587554642,1468.6587554642,1468.6587554642]},"WeightedPointWiseModelAgent":{"actual_clicks_reward_list":[35.0,23.0,20.0,27.0,28.0,24.0,18.0,25.0,27.0,25.0,24.0,23.0,21.0],"actual_watch_duration_reward_list":[1747.5052342473,1209.2036864645,715.5845877773,1198.5525796127,1564.66804709,1365.2121945989,807.2215627106,1510.0555669757,1150.6892113244,1364.1995809488,1470.9189706072,1375.3370512756,1131.2031212512],"max_clicks_reward_list":[23.1605506245,23.1605506245,23.1605506245,23.1605506245,23.1605506245,23.1605506245,23.1605506245,23.1605506245,23.1605506245,23.1605506245,23.1605506245,23.1605506245,23.1605506245],"max_watch_duration_reward_list":[1468.6587554642,1468.6587554642,1468.6587554642,1468.6587554642,1468.6587554642,1468.6587554642,1468.6587554642,1468.6587554642,1468.6587554642,1468.6587554642,1468.6587554642,1468.6587554642,1468.6587554642]},"PointWiseModelAgent":{"actual_clicks_reward_list":[22.0,12.0,20.0,18.0,26.0,12.0,21.0,27.0,19.0,25.0,33.0,16.0,17.0],"actual_watch_duration_reward_list":[620.3933223723,748.2504613378,937.2960450922,1347.2209589574,1638.7411903519,792.840819902,1273.9749193995,1038.6454935914,897.2715056104,1380.2057293684,954.7919806093,539.4148440061,801.9318404752],"max_clicks_reward_list":[23.1605506245,23.1605506245,23.1605506245,23.1605506245,23.1605506245,23.1605506245,23.1605506245,23.1605506245,23.1605506245,23.1605506245,23.1605506245,23.1605506245,23.1605506245],"max_watch_duration_reward_list":[1468.6587554642,1468.6587554642,1468.6587554642,1468.6587554642,1468.6587554642,1468.6587554642,1468.6587554642,1468.6587554642,1468.6587554642,1468.6587554642,1468.6587554642,1468.6587554642,1468.6587554642]},"BanditAgent":{"actual_clicks_reward_list":[25.0,17.0,19.0,21.0,25.0,24.0,12.0,33.0,25.0,18.0,22.0,23.0,16.0],"actual_watch_duration_reward_list":[1315.9450445232,466.2088007799,1001.5431155933,1457.0549394956,1234.6919939015,1313.2252767224,662.5104232006,1598.878929279,1520.8831171415,1140.5109188953,1021.2099317544,1479.9414642997,639.4055008452],"max_clicks_reward_list":[23.1605506245,23.1605506245,23.1605506245,23.1605506245,23.1605506245,23.1605506245,23.1605506245,23.1605506245,23.1605506245,23.1605506245,23.1605506245,23.1605506245,23.1605506245],"max_watch_duration_reward_list":[1468.6587554642,1468.6587554642,1468.6587554642,1468.6587554642,1468.6587554642,1468.6587554642,1468.6587554642,1468.6587554642,1468.6587554642,1468.6587554642,1468.6587554642,1468.6587554642,1468.6587554642]},"BucketSortingAgent":{"actual_clicks_reward_list":[25.0,18.0,25.0,22.0,24.0,19.0,24.0,16.0,24.0,14.0,18.0,30.0,27.0],"actual_watch_duration_reward_list":[1401.6149698056,960.0137458808,1146.7326523093,1345.2381921965,1334.0272820648,624.0455899423,1356.3882191823,618.7428380511,1176.3546673144,557.7143386979,1132.2570592223,1258.1657989795,1231.1013097334],"max_clicks_reward_list":[23.1605506245,23.1605506245,23.1605506245,23.1605506245,23.1605506245,23.1605506245,23.1605506245,23.1605506245,23.1605506245,23.1605506245,23.1605506245,23.1605506245,23.1605506245],"max_watch_duration_reward_list":[1468.6587554642,1468.6587554642,1468.6587554642,1468.6587554642,1468.6587554642,1468.6587554642,1468.6587554642,1468.6587554642,1468.6587554642,1468.6587554642,1468.6587554642,1468.6587554642,1468.6587554642]},"BucketSortingWatchTimeAgent":{"actual_clicks_reward_list":[35.0,28.0,25.0,17.0,17.0,19.0,22.0,25.0,24.0,28.0,26.0,23.0,18.0],"actual_watch_duration_reward_list":[1418.0916904019,1334.0339134585,1466.5067691789,1099.9694305245,1116.7241783539,1071.0736509207,1516.7156035269,1349.7248569291,1387.5334538255,1057.9264956228,1524.8408279884,1129.7463537805,816.6332177006],"max_clicks_reward_list":[23.1605506245,23.1605506245,23.1605506245,23.1605506245,23.1605506245,23.1605506245,23.1605506245,23.1605506245,23.1605506245,23.1605506245,23.1605506245,23.1605506245,23.1605506245],"max_watch_duration_reward_list":[1468.6587554642,1468.6587554642,1468.6587554642,1468.6587554642,1468.6587554642,1468.6587554642,1468.6587554642,1468.6587554642,1468.6587554642,1468.6587554642,1468.6587554642,1468.6587554642,1468.6587554642]},"PairWiseModelAgent":{"actual_clicks_reward_list":[19.0,20.0,20.0,19.0,25.0,14.0,19.0,23.0,29.0,28.0,20.0,15.0,29.0],"actual_watch_duration_reward_list":[944.7281148919,1189.2406743421,1159.0542708882,1133.6934785106,1555.4569827261,916.5436512582,1210.79080027,1201.5164733393,2006.7838981929,1604.5876404298,1057.8789236591,688.423197477,1910.7476504769],"max_clicks_reward_list":[23.1605506245,23.1605506245,23.1605506245,23.1605506245,23.1605506245,23.1605506245,23.1605506245,23.1605506245,23.1605506245,23.1605506245,23.1605506245,23.1605506245,23.1605506245],"max_watch_duration_reward_list":[1468.6587554642,1468.6587554642,1468.6587554642,1468.6587554642,1468.6587554642,1468.6587554642,1468.6587554642,1468.6587554642,1468.6587554642,1468.6587554642,1468.6587554642,1468.6587554642,1468.6587554642]},"WeightedPairWiseModelAgent":{"actual_clicks_reward_list":[18.0,17.0,16.0,20.0,17.0,14.0,18.0,25.0,22.0,21.0,29.0,16.0,18.0],"actual_watch_duration_reward_list":[881.7377267515,1098.949913079,926.5980073321,1246.6594464211,878.7350281261,438.7295382578,1180.4816188339,1168.3588377081,1693.1466640022,1140.2000866317,1487.6903405595,950.968923953,1150.6304000022],"max_clicks_reward_list":[23.1605506245,23.1605506245,23.1605506245,23.1605506245,23.1605506245,23.1605506245,23.1605506245,23.1605506245,23.1605506245,23.1605506245,23.1605506245,23.1605506245,23.1605506245],"max_watch_duration_reward_list":[1468.6587554642,1468.6587554642,1468.6587554642,1468.6587554642,1468.6587554642,1468.6587554642,1468.6587554642,1468.6587554642,1468.6587554642,1468.6587554642,1468.6587554642,1468.6587554642,1468.6587554642]}}