{"TweedieModelAgent":{"actual_clicks_reward_list":[2011.0,1987.0,2108.0,2297.0,2034.0,2443.0,2281.0,2214.0,2218.0,2136.0,2173.0,2359.0,2425.0],"actual_watch_duration_reward_list":[99069.9573537088,99412.5799199626,108353.4974200959,135494.7549607691,109186.7866205522,153796.563357388,149577.6808648288,152314.0020589074,146189.7136024748,132456.5529626606,155455.4474895659,183355.7511689578,194849.6696886393],"max_clicks_reward_list":[2631.945040818,2631.945040818,2631.945040818,2631.945040818,2631.945040818,2631.945040818,2631.945040818,2631.945040818,2631.945040818,2631.945040818,2631.945040818,2631.945040818,2631.945040818],"max_watch_duration_reward_list":[217304.9167580651,217304.9167580651,217304.9167580651,217304.9167580651,217304.9167580651,217304.9167580651,217304.9167580651,217304.9167580651,217304.9167580651,217304.9167580651,217304.9167580651,217304.9167580651,217304.9167580651]},"WeightedPointWiseModelAgent":{"actual_clicks_reward_list":[2071.0,2051.0,2048.0,2009.0,1975.0,2031.0,2082.0,2067.0,2077.0,2086.0,2094.0,2079.0,2132.0],"actual_watch_duration_reward_list":[103931.5723102579,101369.489074277,101467.9423540881,117224.279681364,119273.55096011,118352.187004125,125342.5245259749,126040.0250074708,130177.1944912086,125352.9390105431,123415.6233316299,127364.2049668763,129850.9897751407],"max_clicks_reward_list":[2631.945040818,2631.945040818,2631.945040818,2631.945040818,2631.945040818,2631.945040818,2631.945040818,2631.945040818,2631.945040818,2631.945040818,2631.945040818,2631.945040818,2631.945040818],"max_watch_duration_reward_list":[217304.9167580651,217304.9167580651,217304.9167580651,217304.9167580651,217304.9167580651,217304.9167580651,217304.9167580651,217304.9167580651,217304.9167580651,217304.9167580651,217304.9167580651,217304.9167580651,217304.9167580651]},"PointWiseModelAgent":{"actual_clicks_reward_list":[2036.0,1948.0,2073.0,1933.0,2203.0,2167.0,1971.0,1969.0,1935.0,2169.0,2003.0,2349.0,2433.0],"actual_watch_duration_reward_list":[102764.1834627595,92415.481590374,101620.5505814121,77279.643975984,109994.4775378266,91740.6476600343,95123.7159359214,136372.4757538489,89865.3670454706,123894.0026773941,101995.3113645732,148933.8356975241,130862.8053245343],"max_clicks_reward_list":[2631.945040818,2631.945040818,2631.945040818,2631.945040818,2631.945040818,2631.945040818,2631.945040818,2631.945040818,2631.945040818,2631.945040818,2631.945040818,2631.945040818,2631.945040818],"max_watch_duration_reward_list":[217304.9167580651,217304.9167580651,217304.9167580651,217304.9167580651,217304.9167580651,217304.9167580651,217304.9167580651,217304.9167580651,217304.9167580651,217304.9167580651,217304.9167580651,217304.9167580651,217304.9167580651]}}