{"TweedieModelAgent":{"actual_clicks_reward_list":[19.0,27.0,20.0,20.0,17.0,21.0,26.0,17.0,14.0,28.0,16.0,24.0,22.0],"actual_watch_duration_reward_list":[1556.7617664428,1883.8678873459,899.2589943514,1097.0530459474,1233.7293726528,1645.3912799204,1674.8355058711,1114.9958294672,928.4142974143,1677.7256712453,1016.2627104375,1928.6812574494,1213.2992974249],"max_clicks_reward_list":[21.8480873007,21.8480873007,21.8480873007,21.8480873007,21.8480873007,21.8480873007,21.8480873007,21.8480873007,21.8480873007,21.8480873007,21.8480873007,21.8480873007,21.8480873007],"max_watch_duration_reward_list":[1495.0230028889,1495.0230028889,1495.0230028889,1495.0230028889,1495.0230028889,1495.0230028889,1495.0230028889,1495.0230028889,1495.0230028889,1495.0230028889,1495.0230028889,1495.0230028889,1495.0230028889]},"RegressionModelAgent":{"actual_clicks_reward_list":[19.0,19.0,18.0,26.0,24.0,22.0,17.0,23.0,29.0,24.0,21.0,22.0,20.0],"actual_watch_duration_reward_list":[1290.6231729553,1129.2060335249,1148.7682613034,2000.2219796866,1576.0913440852,1416.1080546195,908.1595447082,1522.3697626015,1527.0161143645,1593.5161966097,1424.5217788384,1626.6412740656,890.5968767055],"max_clicks_reward_list":[21.8480873007,21.8480873007,21.8480873007,21.8480873007,21.8480873007,21.8480873007,21.8480873007,21.8480873007,21.8480873007,21.8480873007,21.8480873007,21.8480873007,21.8480873007],"max_watch_duration_reward_list":[1495.0230028889,1495.0230028889,1495.0230028889,1495.0230028889,1495.0230028889,1495.0230028889,1495.0230028889,1495.0230028889,1495.0230028889,1495.0230028889,1495.0230028889,1495.0230028889,1495.0230028889]},"WeightedPointWiseModelAgent":{"actual_clicks_reward_list":[23.0,26.0,27.0,16.0,21.0,25.0,14.0,17.0,27.0,29.0,14.0,28.0,19.0],"actual_watch_duration_reward_list":[1439.0896635569,1627.8294959042,1969.0067867853,885.8116407051,1110.5384064977,1346.3001995832,826.4510221774,844.2605575272,1661.9789492649,1554.4727018404,931.1939800087,1825.9748422141,984.0781065441],"max_clicks_reward_list":[21.8480873007,21.8480873007,21.8480873007,21.8480873007,21.8480873007,21.8480873007,21.8480873007,21.8480873007,21.8480873007,21.8480873007,21.8480873007,21.8480873007,21.8480873007],"max_watch_duration_reward_list":[1495.0230028889,1495.0230028889,1495.0230028889,1495.0230028889,1495.0230028889,1495.0230028889,1495.0230028889,1495.0230028889,1495.0230028889,1495.0230028889,1495.0230028889,1495.0230028889,1495.0230028889]},"PointWiseModelAgent":{"actual_clicks_reward_list":[18.0,31.0,13.0,13.0,13.0,16.0,19.0,18.0,21.0,20.0,23.0,22.0,28.0],"actual_watch_duration_reward_list":[1196.9009886103,2080.294889453,793.7172802234,548.6280454294,616.8049969535,1005.0658073432,1245.0321899903,1048.3894106896,1218.5709224299,851.9588843073,1403.6928066162,1230.1814252057,1538.4240511165],"max_clicks_reward_list":[21.8480873007,21.8480873007,21.8480873007,21.8480873007,21.8480873007,21.8480873007,21.8480873007,21.8480873007,21.8480873007,21.8480873007,21.8480873007,21.8480873007,21.8480873007],"max_watch_duration_reward_list":[1495.0230028889,1495.0230028889,1495.0230028889,1495.0230028889,1495.0230028889,1495.0230028889,1495.0230028889,1495.0230028889,1495.0230028889,1495.0230028889,1495.0230028889,1495.0230028889,1495.0230028889]}}