{"TweedieModelAgent":{"actual_clicks_reward_list":[1993.0,2080.0,1959.0,1890.0,2063.0,1852.0,1844.0,1959.0,1872.0,2147.0,2144.0,2091.0,2124.0],"actual_watch_duration_reward_list":[104430.7264914724,112873.8411030334,105970.7299851817,102579.1918317782,110656.9987448187,84977.9029808024,117354.3869557052,124838.4084910275,139824.3803499867,156274.9765538714,158946.2785423894,156158.9271950967,159201.462027861],"max_clicks_reward_list":[2603.0298743108,2603.0298743108,2603.0298743108,2603.0298743108,2603.0298743108,2603.0298743108,2603.0298743108,2603.0298743108,2603.0298743108,2603.0298743108,2603.0298743108,2603.0298743108,2603.0298743108],"max_watch_duration_reward_list":[223111.2010265421,223111.2010265421,223111.2010265421,223111.2010265421,223111.2010265421,223111.2010265421,223111.2010265421,223111.2010265421,223111.2010265421,223111.2010265421,223111.2010265421,223111.2010265421,223111.2010265421]},"RegressionModelAgent":{"actual_clicks_reward_list":[1970.0,2114.0,2078.0,1944.0,2144.0,2079.0,1982.0,1864.0,2107.0,2170.0,1974.0,1897.0,2078.0],"actual_watch_duration_reward_list":[105107.6299890121,116428.0850126343,114049.354167783,125050.614153153,130560.127751075,108535.028065367,103028.6929284626,100893.8469765155,126973.7740697093,135580.7114521696,113789.8311712623,108877.8139139191,128747.6149238589],"max_clicks_reward_list":[2603.0298743108,2603.0298743108,2603.0298743108,2603.0298743108,2603.0298743108,2603.0298743108,2603.0298743108,2603.0298743108,2603.0298743108,2603.0298743108,2603.0298743108,2603.0298743108,2603.0298743108],"max_watch_duration_reward_list":[223111.2010265421,223111.2010265421,223111.2010265421,223111.2010265421,223111.2010265421,223111.2010265421,223111.2010265421,223111.2010265421,223111.2010265421,223111.2010265421,223111.2010265421,223111.2010265421,223111.2010265421]},"WeightedPointWiseModelAgent":{"actual_clicks_reward_list":[2080.0,1971.0,2088.0,2119.0,1879.0,2005.0,1995.0,2098.0,1997.0,2001.0,2119.0,2025.0,2071.0],"actual_watch_duration_reward_list":[112652.1736390311,108105.8653638726,108910.3307775986,142585.4838890207,94771.8544757263,126180.0767624784,120249.0429162903,125958.8643527849,119739.9350395539,120605.901175886,129680.1407115663,120567.471732152,134394.3256250119],"max_clicks_reward_list":[2603.0298743108,2603.0298743108,2603.0298743108,2603.0298743108,2603.0298743108,2603.0298743108,2603.0298743108,2603.0298743108,2603.0298743108,2603.0298743108,2603.0298743108,2603.0298743108,2603.0298743108],"max_watch_duration_reward_list":[223111.2010265421,223111.2010265421,223111.2010265421,223111.2010265421,223111.2010265421,223111.2010265421,223111.2010265421,223111.2010265421,223111.2010265421,223111.2010265421,223111.2010265421,223111.2010265421,223111.2010265421]},"PointWiseModelAgent":{"actual_clicks_reward_list":[1991.0,2008.0,1968.0,1992.0,2029.0,2067.0,1910.0,1961.0,1911.0,2188.0,2368.0,2328.0,2328.0],"actual_watch_duration_reward_list":[108108.7801044221,108136.1381951412,107522.2915573097,114165.2189213422,124699.9678392851,109900.799572042,119971.9719729583,117175.8279991155,122645.3345819335,143013.9159445849,156115.4454154805,128077.4199142492,126580.4941165397],"max_clicks_reward_list":[2603.0298743108,2603.0298743108,2603.0298743108,2603.0298743108,2603.0298743108,2603.0298743108,2603.0298743108,2603.0298743108,2603.0298743108,2603.0298743108,2603.0298743108,2603.0298743108,2603.0298743108],"max_watch_duration_reward_list":[223111.2010265421,223111.2010265421,223111.2010265421,223111.2010265421,223111.2010265421,223111.2010265421,223111.2010265421,223111.2010265421,223111.2010265421,223111.2010265421,223111.2010265421,223111.2010265421,223111.2010265421]}}