{"TweedieModelAgent":{"actual_clicks_reward_list":[1098.0,1075.0,1081.0,1083.0,1000.0,1006.0,1169.0,1132.0,1162.0,1116.0,1095.0,1132.0,1186.0],"actual_watch_duration_reward_list":[70963.3034553754,73707.6769059736,71572.0489535738,63798.2663969732,47130.7022220378,57723.3599430795,72529.9527465192,77141.014696217,74517.8805510301,77931.7746865988,79121.6728999843,76537.9126771376,80653.4069094043],"max_clicks_reward_list":[1281.1342767475,1281.1342767475,1281.1342767475,1281.1342767475,1281.1342767475,1281.1342767475,1281.1342767475,1281.1342767475,1281.1342767475,1281.1342767475,1281.1342767475,1281.1342767475,1281.1342767475],"max_watch_duration_reward_list":[98039.4187115358,98039.4187115358,98039.4187115358,98039.4187115358,98039.4187115358,98039.4187115358,98039.4187115358,98039.4187115358,98039.4187115358,98039.4187115358,98039.4187115358,98039.4187115358,98039.4187115358]},"RegressionModelAgent":{"actual_clicks_reward_list":[1112.0,1095.0,1130.0,961.0,1017.0,1029.0,1096.0,999.0,1025.0,1151.0,1087.0,975.0,1170.0],"actual_watch_duration_reward_list":[72713.9285960332,71976.9027388294,74274.3739140547,46611.9738199315,64887.1244628366,65334.2456444676,73199.681286358,57835.8504937383,67426.5515561273,76733.8062906554,71757.822322655,46600.1553323792,84455.2160270944],"max_clicks_reward_list":[1281.1342767475,1281.1342767475,1281.1342767475,1281.1342767475,1281.1342767475,1281.1342767475,1281.1342767475,1281.1342767475,1281.1342767475,1281.1342767475,1281.1342767475,1281.1342767475,1281.1342767475],"max_watch_duration_reward_list":[98039.4187115358,98039.4187115358,98039.4187115358,98039.4187115358,98039.4187115358,98039.4187115358,98039.4187115358,98039.4187115358,98039.4187115358,98039.4187115358,98039.4187115358,98039.4187115358,98039.4187115358]},"WeightedPointWiseModelAgent":{"actual_clicks_reward_list":[1089.0,1107.0,1112.0,1069.0,1086.0,1037.0,1165.0,1089.0,1116.0,1104.0,1173.0,1069.0,1101.0],"actual_watch_duration_reward_list":[73033.9794991447,74321.6884972095,75584.6522974132,67044.4025345242,63532.3576435367,71655.0185788314,76121.3689533261,72812.7591054436,74879.5034292172,74060.9001604015,77637.3401261758,73505.5726476765,74035.1395027984],"max_clicks_reward_list":[1281.1342767475,1281.1342767475,1281.1342767475,1281.1342767475,1281.1342767475,1281.1342767475,1281.1342767475,1281.1342767475,1281.1342767475,1281.1342767475,1281.1342767475,1281.1342767475,1281.1342767475],"max_watch_duration_reward_list":[98039.4187115358,98039.4187115358,98039.4187115358,98039.4187115358,98039.4187115358,98039.4187115358,98039.4187115358,98039.4187115358,98039.4187115358,98039.4187115358,98039.4187115358,98039.4187115358,98039.4187115358]},"PointWiseModelAgent":{"actual_clicks_reward_list":[1096.0,1153.0,1132.0,1082.0,983.0,1004.0,940.0,1015.0,1065.0,970.0,1125.0,1116.0,1180.0],"actual_watch_duration_reward_list":[76624.7409419834,75981.7216439628,74730.2297617509,55852.6434906381,47499.44600372,58710.3079234296,47025.6382056704,63498.9864321053,51512.1966343677,53496.6117192046,55983.0450138715,61064.7837843883,80847.0112533393],"max_clicks_reward_list":[1281.1342767475,1281.1342767475,1281.1342767475,1281.1342767475,1281.1342767475,1281.1342767475,1281.1342767475,1281.1342767475,1281.1342767475,1281.1342767475,1281.1342767475,1281.1342767475,1281.1342767475],"max_watch_duration_reward_list":[98039.4187115358,98039.4187115358,98039.4187115358,98039.4187115358,98039.4187115358,98039.4187115358,98039.4187115358,98039.4187115358,98039.4187115358,98039.4187115358,98039.4187115358,98039.4187115358,98039.4187115358]}}