{"TweedieModelAgent":{"actual_clicks_reward_list":[22.0,15.0,26.0,13.0,24.0,21.0,20.0,18.0,21.0,15.0,26.0,19.0,19.0],"actual_watch_duration_reward_list":[956.5060971968,914.8857344198,1291.6119987046,510.6984984946,1435.1644484896,882.8131470609,1396.8200891747,1030.0646562614,1701.2282166358,771.0972843714,1381.491945657,1049.0698110472,1125.1377094088],"max_clicks_reward_list":[21.6007486574,21.6007486574,21.6007486574,21.6007486574,21.6007486574,21.6007486574,21.6007486574,21.6007486574,21.6007486574,21.6007486574,21.6007486574,21.6007486574,21.6007486574],"max_watch_duration_reward_list":[1459.1136930723,1459.1136930723,1459.1136930723,1459.1136930723,1459.1136930723,1459.1136930723,1459.1136930723,1459.1136930723,1459.1136930723,1459.1136930723,1459.1136930723,1459.1136930723,1459.1136930723]},"WeightedPointWiseModelAgent":{"actual_clicks_reward_list":[18.0,18.0,16.0,14.0,21.0,19.0,21.0,25.0,25.0,16.0,25.0,17.0,30.0],"actual_watch_duration_reward_list":[996.1844732897,1168.7545954695,997.1719973632,339.1858268033,954.1884421562,1320.586534656,1371.6255278978,998.0279175263,1457.2748795315,980.1116869381,1170.9294732941,613.2022474329,1658.9789307302],"max_clicks_reward_list":[21.6007486574,21.6007486574,21.6007486574,21.6007486574,21.6007486574,21.6007486574,21.6007486574,21.6007486574,21.6007486574,21.6007486574,21.6007486574,21.6007486574,21.6007486574],"max_watch_duration_reward_list":[1459.1136930723,1459.1136930723,1459.1136930723,1459.1136930723,1459.1136930723,1459.1136930723,1459.1136930723,1459.1136930723,1459.1136930723,1459.1136930723,1459.1136930723,1459.1136930723,1459.1136930723]},"PointWiseModelAgent":{"actual_clicks_reward_list":[21.0,17.0,20.0,12.0,9.0,14.0,22.0,20.0,17.0,27.0,19.0,28.0,24.0],"actual_watch_duration_reward_list":[1259.1652983073,858.8472056513,761.2198131616,423.4853539869,287.1886593874,428.6825802686,1078.8290801553,1530.3429786326,716.3702041441,1535.0521329725,977.4520076388,1596.1392457308,896.5298634292],"max_clicks_reward_list":[21.6007486574,21.6007486574,21.6007486574,21.6007486574,21.6007486574,21.6007486574,21.6007486574,21.6007486574,21.6007486574,21.6007486574,21.6007486574,21.6007486574,21.6007486574],"max_watch_duration_reward_list":[1459.1136930723,1459.1136930723,1459.1136930723,1459.1136930723,1459.1136930723,1459.1136930723,1459.1136930723,1459.1136930723,1459.1136930723,1459.1136930723,1459.1136930723,1459.1136930723,1459.1136930723]},"BanditAgent":{"actual_clicks_reward_list":[25.0,15.0,22.0,21.0,17.0,20.0,19.0,18.0,20.0,14.0,22.0,14.0,19.0],"actual_watch_duration_reward_list":[1374.8988501111,734.0902462943,1250.9081545922,1111.2601056367,898.7074245517,807.8750766907,1204.241962917,994.372193938,922.4774755838,843.0847278187,1298.988071006,724.681865584,1036.2834473012],"max_clicks_reward_list":[21.6007486574,21.6007486574,21.6007486574,21.6007486574,21.6007486574,21.6007486574,21.6007486574,21.6007486574,21.6007486574,21.6007486574,21.6007486574,21.6007486574,21.6007486574],"max_watch_duration_reward_list":[1459.1136930723,1459.1136930723,1459.1136930723,1459.1136930723,1459.1136930723,1459.1136930723,1459.1136930723,1459.1136930723,1459.1136930723,1459.1136930723,1459.1136930723,1459.1136930723,1459.1136930723]},"BucketSortingAgent":{"actual_clicks_reward_list":[19.0,12.0,18.0,17.0,26.0,17.0,16.0,19.0,24.0,23.0,19.0,24.0,14.0],"actual_watch_duration_reward_list":[1065.7260120722,343.1656645067,729.0207782407,1289.3145443474,1268.6665670963,1037.8303267993,1040.6650806768,1190.0696078304,1413.3089140184,1801.719897903,1095.6496643909,1338.4151418713,877.4909412313],"max_clicks_reward_list":[21.6007486574,21.6007486574,21.6007486574,21.6007486574,21.6007486574,21.6007486574,21.6007486574,21.6007486574,21.6007486574,21.6007486574,21.6007486574,21.6007486574,21.6007486574],"max_watch_duration_reward_list":[1459.1136930723,1459.1136930723,1459.1136930723,1459.1136930723,1459.1136930723,1459.1136930723,1459.1136930723,1459.1136930723,1459.1136930723,1459.1136930723,1459.1136930723,1459.1136930723,1459.1136930723]},"BucketSortingWatchTimeAgent":{"actual_clicks_reward_list":[22.0,17.0,24.0,16.0,21.0,23.0,17.0,21.0,13.0,27.0,9.0,23.0,23.0],"actual_watch_duration_reward_list":[1149.3237412931,729.1289840486,1112.7500876899,1248.5209588669,1292.4344357404,1347.3525621138,839.9581818525,1509.4972340343,677.8601357465,1812.1988757817,640.0399874837,1552.5239197345,1460.4842649367],"max_clicks_reward_list":[21.6007486574,21.6007486574,21.6007486574,21.6007486574,21.6007486574,21.6007486574,21.6007486574,21.6007486574,21.6007486574,21.6007486574,21.6007486574,21.6007486574,21.6007486574],"max_watch_duration_reward_list":[1459.1136930723,1459.1136930723,1459.1136930723,1459.1136930723,1459.1136930723,1459.1136930723,1459.1136930723,1459.1136930723,1459.1136930723,1459.1136930723,1459.1136930723,1459.1136930723,1459.1136930723]},"PairWiseModelAgent":{"actual_clicks_reward_list":[15.0,21.0,16.0,26.0,22.0,20.0,19.0,17.0,26.0,23.0,27.0,22.0,27.0],"actual_watch_duration_reward_list":[777.3843982963,1299.7524523442,641.1338044047,1343.2710096171,1226.9813047131,1113.7125324797,916.3070289483,1221.5739470098,1565.3078396661,1345.2069532819,1787.7324031289,1147.2114751153,1457.2831461236],"max_clicks_reward_list":[21.6007486574,21.6007486574,21.6007486574,21.6007486574,21.6007486574,21.6007486574,21.6007486574,21.6007486574,21.6007486574,21.6007486574,21.6007486574,21.6007486574,21.6007486574],"max_watch_duration_reward_list":[1459.1136930723,1459.1136930723,1459.1136930723,1459.1136930723,1459.1136930723,1459.1136930723,1459.1136930723,1459.1136930723,1459.1136930723,1459.1136930723,1459.1136930723,1459.1136930723,1459.1136930723]},"WeightedPairWiseModelAgent":{"actual_clicks_reward_list":[14.0,18.0,14.0,22.0,19.0,25.0,29.0,17.0,21.0,32.0,22.0,17.0,16.0],"actual_watch_duration_reward_list":[564.7275781015,957.0865522154,948.2701681588,1390.1450970922,1196.4264458282,1397.3992179094,1751.3026068345,1042.3277537952,1129.7064072701,1578.5211811959,1315.1858496929,1175.4677764777,1184.2862710268],"max_clicks_reward_list":[21.6007486574,21.6007486574,21.6007486574,21.6007486574,21.6007486574,21.6007486574,21.6007486574,21.6007486574,21.6007486574,21.6007486574,21.6007486574,21.6007486574,21.6007486574],"max_watch_duration_reward_list":[1459.1136930723,1459.1136930723,1459.1136930723,1459.1136930723,1459.1136930723,1459.1136930723,1459.1136930723,1459.1136930723,1459.1136930723,1459.1136930723,1459.1136930723,1459.1136930723,1459.1136930723]}}