{"TweedieModelAgent":{"actual_clicks_reward_list":[2011.0,2024.0,2035.0,2116.0,2046.0,2087.0,2107.0,1958.0,1879.0,2033.0,1940.0,2011.0,2065.0],"actual_watch_duration_reward_list":[102609.2160315485,102570.3208336546,101768.4511648032,127650.0176568733,123233.8218289886,125050.2447764792,118958.28471133,109568.8153057799,99493.3888846104,129692.1671766795,130742.7859243244,163202.2256613335,143147.1530054396],"max_clicks_reward_list":[2605.5452504869,2605.5452504869,2605.5452504869,2605.5452504869,2605.5452504869,2605.5452504869,2605.5452504869,2605.5452504869,2605.5452504869,2605.5452504869,2605.5452504869,2605.5452504869,2605.5452504869],"max_watch_duration_reward_list":[222583.8237264594,222583.8237264594,222583.8237264594,222583.8237264594,222583.8237264594,222583.8237264594,222583.8237264594,222583.8237264594,222583.8237264594,222583.8237264594,222583.8237264594,222583.8237264594,222583.8237264594]},"RegressionModelAgent":{"actual_clicks_reward_list":[2021.0,1973.0,2052.0,2110.0,1967.0,1951.0,1995.0,1998.0,2056.0,2149.0,1958.0,1790.0,2076.0],"actual_watch_duration_reward_list":[99191.9244563074,101149.2370003949,105608.8600767565,93430.8306410873,118201.0943384573,103358.5251525049,106783.2457275072,131327.1657456621,145758.4570303712,151022.8916739271,130892.8435545565,142708.9487072972,136983.3289918793],"max_clicks_reward_list":[2605.5452504869,2605.5452504869,2605.5452504869,2605.5452504869,2605.5452504869,2605.5452504869,2605.5452504869,2605.5452504869,2605.5452504869,2605.5452504869,2605.5452504869,2605.5452504869,2605.5452504869],"max_watch_duration_reward_list":[222583.8237264594,222583.8237264594,222583.8237264594,222583.8237264594,222583.8237264594,222583.8237264594,222583.8237264594,222583.8237264594,222583.8237264594,222583.8237264594,222583.8237264594,222583.8237264594,222583.8237264594]},"WeightedPointWiseModelAgent":{"actual_clicks_reward_list":[2028.0,1921.0,2091.0,1956.0,1996.0,1949.0,1976.0,1878.0,1955.0,1965.0,2014.0,1881.0,1874.0],"actual_watch_duration_reward_list":[104882.1689813413,95629.4832938647,106805.2006182428,64738.0215526771,85132.1383789863,93362.1110776162,94127.2706280565,83748.9349837551,90561.7146087891,94289.5395962302,89635.8351466218,82124.1919969278,90142.7298027473],"max_clicks_reward_list":[2605.5452504869,2605.5452504869,2605.5452504869,2605.5452504869,2605.5452504869,2605.5452504869,2605.5452504869,2605.5452504869,2605.5452504869,2605.5452504869,2605.5452504869,2605.5452504869,2605.5452504869],"max_watch_duration_reward_list":[222583.8237264594,222583.8237264594,222583.8237264594,222583.8237264594,222583.8237264594,222583.8237264594,222583.8237264594,222583.8237264594,222583.8237264594,222583.8237264594,222583.8237264594,222583.8237264594,222583.8237264594]},"PointWiseModelAgent":{"actual_clicks_reward_list":[2058.0,2076.0,2069.0,2176.0,2226.0,2252.0,2341.0,2217.0,2384.0,2242.0,2337.0,2365.0,2185.0],"actual_watch_duration_reward_list":[103174.4702548401,105843.0507380555,104015.5546365932,124637.1564394713,97662.8728228977,112325.3171860085,96496.2248085855,101604.4729483018,109247.8092229508,100845.3489097964,118766.9903796757,114064.7659424378,105887.1342572046],"max_clicks_reward_list":[2605.5452504869,2605.5452504869,2605.5452504869,2605.5452504869,2605.5452504869,2605.5452504869,2605.5452504869,2605.5452504869,2605.5452504869,2605.5452504869,2605.5452504869,2605.5452504869,2605.5452504869],"max_watch_duration_reward_list":[222583.8237264594,222583.8237264594,222583.8237264594,222583.8237264594,222583.8237264594,222583.8237264594,222583.8237264594,222583.8237264594,222583.8237264594,222583.8237264594,222583.8237264594,222583.8237264594,222583.8237264594]}}