{"TweedieModelAgent":{"actual_clicks_reward_list":[19.0,22.0,15.0,26.0,17.0,18.0,30.0,18.0,19.0,19.0,15.0,19.0,19.0],"actual_watch_duration_reward_list":[744.9469956592,1610.5597896761,903.3334643709,1733.0886967569,1169.9785140808,966.933599481,1722.5013500824,1109.6515865731,1593.7182956772,749.1531252653,998.9392020814,1124.3633337224,1465.8879538153],"max_clicks_reward_list":[22.5092331284,22.5092331284,22.5092331284,22.5092331284,22.5092331284,22.5092331284,22.5092331284,22.5092331284,22.5092331284,22.5092331284,22.5092331284,22.5092331284,22.5092331284],"max_watch_duration_reward_list":[1473.9890866925,1473.9890866925,1473.9890866925,1473.9890866925,1473.9890866925,1473.9890866925,1473.9890866925,1473.9890866925,1473.9890866925,1473.9890866925,1473.9890866925,1473.9890866925,1473.9890866925]},"WeightedPointWiseModelAgent":{"actual_clicks_reward_list":[16.0,24.0,24.0,17.0,15.0,19.0,25.0,18.0,16.0,23.0,24.0,23.0,21.0],"actual_watch_duration_reward_list":[688.0476525757,1326.2667193817,1426.0673388639,1013.8613218654,1217.1133400964,1108.428890419,1172.4022362011,1436.0508003347,1100.7887983959,1407.1508320149,1533.8248561018,1369.595640746,1359.9979519639],"max_clicks_reward_list":[22.5092331284,22.5092331284,22.5092331284,22.5092331284,22.5092331284,22.5092331284,22.5092331284,22.5092331284,22.5092331284,22.5092331284,22.5092331284,22.5092331284,22.5092331284],"max_watch_duration_reward_list":[1473.9890866925,1473.9890866925,1473.9890866925,1473.9890866925,1473.9890866925,1473.9890866925,1473.9890866925,1473.9890866925,1473.9890866925,1473.9890866925,1473.9890866925,1473.9890866925,1473.9890866925]},"PointWiseModelAgent":{"actual_clicks_reward_list":[23.0,17.0,28.0,12.0,24.0,20.0,17.0,24.0,26.0,27.0,21.0,22.0,19.0],"actual_watch_duration_reward_list":[1484.5019512094,1429.3293373242,992.2022036444,1081.4747981225,1538.3954571527,1082.8757835275,729.5710408055,1283.8551782446,1236.1634983039,1545.4949009562,1233.6855214804,896.2004048919,1346.7696076314],"max_clicks_reward_list":[22.5092331284,22.5092331284,22.5092331284,22.5092331284,22.5092331284,22.5092331284,22.5092331284,22.5092331284,22.5092331284,22.5092331284,22.5092331284,22.5092331284,22.5092331284],"max_watch_duration_reward_list":[1473.9890866925,1473.9890866925,1473.9890866925,1473.9890866925,1473.9890866925,1473.9890866925,1473.9890866925,1473.9890866925,1473.9890866925,1473.9890866925,1473.9890866925,1473.9890866925,1473.9890866925]},"BanditAgent":{"actual_clicks_reward_list":[26.0,22.0,12.0,18.0,16.0,15.0,19.0,14.0,20.0,22.0,20.0,15.0,14.0],"actual_watch_duration_reward_list":[1832.5741881534,1679.4387692282,484.5319418189,1166.5229187203,1495.6067517574,763.3503863302,1468.7600869041,679.4554586959,972.1910211413,1833.3563153064,1100.6274728757,943.856472487,993.75208598],"max_clicks_reward_list":[22.5092331284,22.5092331284,22.5092331284,22.5092331284,22.5092331284,22.5092331284,22.5092331284,22.5092331284,22.5092331284,22.5092331284,22.5092331284,22.5092331284,22.5092331284],"max_watch_duration_reward_list":[1473.9890866925,1473.9890866925,1473.9890866925,1473.9890866925,1473.9890866925,1473.9890866925,1473.9890866925,1473.9890866925,1473.9890866925,1473.9890866925,1473.9890866925,1473.9890866925,1473.9890866925]},"BucketSortingAgent":{"actual_clicks_reward_list":[19.0,27.0,25.0,21.0,21.0,19.0,18.0,15.0,22.0,20.0,30.0,23.0,28.0],"actual_watch_duration_reward_list":[1632.4827976995,1432.152253047,1220.3168585764,1380.7975193584,1054.9751028825,666.0498943983,970.0033952648,503.8474560526,1617.3733172548,1008.7428797006,1432.1090403643,506.5201998045,1956.5695476215],"max_clicks_reward_list":[22.5092331284,22.5092331284,22.5092331284,22.5092331284,22.5092331284,22.5092331284,22.5092331284,22.5092331284,22.5092331284,22.5092331284,22.5092331284,22.5092331284,22.5092331284],"max_watch_duration_reward_list":[1473.9890866925,1473.9890866925,1473.9890866925,1473.9890866925,1473.9890866925,1473.9890866925,1473.9890866925,1473.9890866925,1473.9890866925,1473.9890866925,1473.9890866925,1473.9890866925,1473.9890866925]},"BucketSortingWatchTimeAgent":{"actual_clicks_reward_list":[23.0,18.0,20.0,20.0,15.0,27.0,18.0,10.0,23.0,22.0,17.0,23.0,20.0],"actual_watch_duration_reward_list":[1173.4034281391,987.7015591585,905.6151961423,746.9330809127,1049.7559130957,1496.3463680688,993.776647757,685.5723153743,1074.0337619018,1520.7278151312,1024.599394738,1572.5885201051,1583.1194743631],"max_clicks_reward_list":[22.5092331284,22.5092331284,22.5092331284,22.5092331284,22.5092331284,22.5092331284,22.5092331284,22.5092331284,22.5092331284,22.5092331284,22.5092331284,22.5092331284,22.5092331284],"max_watch_duration_reward_list":[1473.9890866925,1473.9890866925,1473.9890866925,1473.9890866925,1473.9890866925,1473.9890866925,1473.9890866925,1473.9890866925,1473.9890866925,1473.9890866925,1473.9890866925,1473.9890866925,1473.9890866925]},"PairWiseModelAgent":{"actual_clicks_reward_list":[17.0,14.0,24.0,13.0,14.0,27.0,14.0,15.0,25.0,23.0,27.0,24.0,23.0],"actual_watch_duration_reward_list":[1000.4235088151,1106.1269481326,1487.0441367658,525.4116612292,394.1634455303,1607.9209458239,500.3407865015,878.1949180946,1491.8990802585,1457.4166914248,1756.0852031668,1944.3229180855,1330.4045744318],"max_clicks_reward_list":[22.5092331284,22.5092331284,22.5092331284,22.5092331284,22.5092331284,22.5092331284,22.5092331284,22.5092331284,22.5092331284,22.5092331284,22.5092331284,22.5092331284,22.5092331284],"max_watch_duration_reward_list":[1473.9890866925,1473.9890866925,1473.9890866925,1473.9890866925,1473.9890866925,1473.9890866925,1473.9890866925,1473.9890866925,1473.9890866925,1473.9890866925,1473.9890866925,1473.9890866925,1473.9890866925]},"WeightedPairWiseModelAgent":{"actual_clicks_reward_list":[22.0,16.0,23.0,14.0,13.0,18.0,18.0,30.0,24.0,14.0,26.0,17.0,19.0],"actual_watch_duration_reward_list":[1471.9720516992,1252.0935008558,1225.1093098785,634.4823647403,904.1398101206,1171.7151413941,1189.8026213554,1424.4933500518,1199.2585217842,797.1663459349,1865.4895310569,1223.6307944346,1151.3544131428],"max_clicks_reward_list":[22.5092331284,22.5092331284,22.5092331284,22.5092331284,22.5092331284,22.5092331284,22.5092331284,22.5092331284,22.5092331284,22.5092331284,22.5092331284,22.5092331284,22.5092331284],"max_watch_duration_reward_list":[1473.9890866925,1473.9890866925,1473.9890866925,1473.9890866925,1473.9890866925,1473.9890866925,1473.9890866925,1473.9890866925,1473.9890866925,1473.9890866925,1473.9890866925,1473.9890866925,1473.9890866925]}}