{"TweedieModelAgent":{"actual_clicks_reward_list":[2060.0,2030.0,2083.0,1860.0,2174.0,1889.0,2341.0,2316.0,2216.0,2276.0,2232.0,2158.0,2132.0],"actual_watch_duration_reward_list":[101594.1248146512,105857.2572173471,105091.6627701399,94845.2769747343,139831.9680973608,76182.1224882579,137788.4800469661,146747.5020920667,158343.7610227072,162566.7434029712,166530.2395246355,165831.4434684889,161794.8293512936],"max_clicks_reward_list":[2612.2806521227,2612.2806521227,2612.2806521227,2612.2806521227,2612.2806521227,2612.2806521227,2612.2806521227,2612.2806521227,2612.2806521227,2612.2806521227,2612.2806521227,2612.2806521227,2612.2806521227],"max_watch_duration_reward_list":[212108.3278879245,212108.3278879245,212108.3278879245,212108.3278879245,212108.3278879245,212108.3278879245,212108.3278879245,212108.3278879245,212108.3278879245,212108.3278879245,212108.3278879245,212108.3278879245,212108.3278879245]},"RegressionModelAgent":{"actual_clicks_reward_list":[2075.0,2119.0,2061.0,1997.0,2112.0,1970.0,2029.0,2120.0,2126.0,2265.0,1832.0,2155.0,1856.0],"actual_watch_duration_reward_list":[103200.0330602261,105447.0366212437,101621.8172554889,138063.4895251755,127019.0569882028,109723.4247810018,112196.984106879,132953.8062147362,145855.6632115416,162685.8457951777,95829.3577673515,132660.3433924053,130793.5532007419],"max_clicks_reward_list":[2612.2806521227,2612.2806521227,2612.2806521227,2612.2806521227,2612.2806521227,2612.2806521227,2612.2806521227,2612.2806521227,2612.2806521227,2612.2806521227,2612.2806521227,2612.2806521227,2612.2806521227],"max_watch_duration_reward_list":[212108.3278879245,212108.3278879245,212108.3278879245,212108.3278879245,212108.3278879245,212108.3278879245,212108.3278879245,212108.3278879245,212108.3278879245,212108.3278879245,212108.3278879245,212108.3278879245,212108.3278879245]},"WeightedPointWiseModelAgent":{"actual_clicks_reward_list":[2056.0,2141.0,2068.0,2072.0,1966.0,2131.0,1957.0,2041.0,1933.0,1959.0,2122.0,2011.0,2022.0],"actual_watch_duration_reward_list":[101377.0479377396,109087.125195425,103515.92927473,97783.4746621563,91667.3032302195,110578.6119734777,101217.3117906771,95661.7484850203,102214.7990311335,99810.1147829999,108596.8710967921,101235.1828939439,106451.6874070447],"max_clicks_reward_list":[2612.2806521227,2612.2806521227,2612.2806521227,2612.2806521227,2612.2806521227,2612.2806521227,2612.2806521227,2612.2806521227,2612.2806521227,2612.2806521227,2612.2806521227,2612.2806521227,2612.2806521227],"max_watch_duration_reward_list":[212108.3278879245,212108.3278879245,212108.3278879245,212108.3278879245,212108.3278879245,212108.3278879245,212108.3278879245,212108.3278879245,212108.3278879245,212108.3278879245,212108.3278879245,212108.3278879245,212108.3278879245]},"PointWiseModelAgent":{"actual_clicks_reward_list":[2130.0,2080.0,2058.0,1961.0,2125.0,1967.0,1944.0,2090.0,1879.0,2154.0,2148.0,2202.0,2170.0],"actual_watch_duration_reward_list":[105447.1634813163,103956.6246912884,101989.4533942009,103535.268499377,144453.6945247923,93709.2649223091,109437.1339132132,121693.9259312969,76760.9245429528,114368.9367850003,104516.4981999799,118486.1342157485,125773.9802755406],"max_clicks_reward_list":[2612.2806521227,2612.2806521227,2612.2806521227,2612.2806521227,2612.2806521227,2612.2806521227,2612.2806521227,2612.2806521227,2612.2806521227,2612.2806521227,2612.2806521227,2612.2806521227,2612.2806521227],"max_watch_duration_reward_list":[212108.3278879245,212108.3278879245,212108.3278879245,212108.3278879245,212108.3278879245,212108.3278879245,212108.3278879245,212108.3278879245,212108.3278879245,212108.3278879245,212108.3278879245,212108.3278879245,212108.3278879245]}}