{"TweedieModelAgent":{"actual_clicks_reward_list":[192.0,173.0,214.0,229.0,203.0,178.0,220.0,226.0,221.0,242.0,212.0,219.0,218.0],"actual_watch_duration_reward_list":[10222.9184238979,10282.3637395895,13163.8461307969,14436.4802849534,13603.8352749954,12934.1538549229,12902.7559142532,14887.6263296084,15918.1395547007,17062.2102261713,15939.3689426125,15286.4150224917,14530.9851708284],"max_clicks_reward_list":[244.2184340651,244.2184340651,244.2184340651,244.2184340651,244.2184340651,244.2184340651,244.2184340651,244.2184340651,244.2184340651,244.2184340651,244.2184340651,244.2184340651,244.2184340651],"max_watch_duration_reward_list":[18961.4530917384,18961.4530917384,18961.4530917384,18961.4530917384,18961.4530917384,18961.4530917384,18961.4530917384,18961.4530917384,18961.4530917384,18961.4530917384,18961.4530917384,18961.4530917384,18961.4530917384]},"WeightedPointWiseModelAgent":{"actual_clicks_reward_list":[190.0,173.0,203.0,179.0,183.0,215.0,169.0,193.0,190.0,185.0,205.0,190.0,190.0],"actual_watch_duration_reward_list":[11241.7517245897,10951.903004753,12287.1408537615,10462.7065786559,13002.1095756884,13536.3366226929,10055.562802091,12029.0962649677,12347.6949365029,11091.0861085197,13017.3274112273,11872.4755470057,11467.2027900646],"max_clicks_reward_list":[244.2184340651,244.2184340651,244.2184340651,244.2184340651,244.2184340651,244.2184340651,244.2184340651,244.2184340651,244.2184340651,244.2184340651,244.2184340651,244.2184340651,244.2184340651],"max_watch_duration_reward_list":[18961.4530917384,18961.4530917384,18961.4530917384,18961.4530917384,18961.4530917384,18961.4530917384,18961.4530917384,18961.4530917384,18961.4530917384,18961.4530917384,18961.4530917384,18961.4530917384,18961.4530917384]},"PointWiseModelAgent":{"actual_clicks_reward_list":[203.0,200.0,194.0,205.0,195.0,205.0,221.0,222.0,218.0,207.0,237.0,219.0,226.0],"actual_watch_duration_reward_list":[13072.6019130799,12353.3644343272,11637.6138546632,12182.1950503502,10267.4162336635,11772.7851653038,11794.1361208532,11086.0135274038,10046.7586769616,10942.3449415172,13891.8683458741,12997.5049747293,12466.9044737118],"max_clicks_reward_list":[244.2184340651,244.2184340651,244.2184340651,244.2184340651,244.2184340651,244.2184340651,244.2184340651,244.2184340651,244.2184340651,244.2184340651,244.2184340651,244.2184340651,244.2184340651],"max_watch_duration_reward_list":[18961.4530917384,18961.4530917384,18961.4530917384,18961.4530917384,18961.4530917384,18961.4530917384,18961.4530917384,18961.4530917384,18961.4530917384,18961.4530917384,18961.4530917384,18961.4530917384,18961.4530917384]},"BanditAgent":{"actual_clicks_reward_list":[178.0,180.0,212.0,206.0,184.0,187.0,184.0,201.0,202.0,188.0,193.0,215.0,188.0],"actual_watch_duration_reward_list":[9893.8773558926,12084.4968929408,13465.5813968272,11862.7938976325,11283.7531128245,11441.7592766581,10312.4175278539,12786.5603061224,11633.445714787,11186.537722724,11403.0994213583,12115.8005829271,10925.5095686542],"max_clicks_reward_list":[244.2184340651,244.2184340651,244.2184340651,244.2184340651,244.2184340651,244.2184340651,244.2184340651,244.2184340651,244.2184340651,244.2184340651,244.2184340651,244.2184340651,244.2184340651],"max_watch_duration_reward_list":[18961.4530917384,18961.4530917384,18961.4530917384,18961.4530917384,18961.4530917384,18961.4530917384,18961.4530917384,18961.4530917384,18961.4530917384,18961.4530917384,18961.4530917384,18961.4530917384,18961.4530917384]},"BucketSortingAgent":{"actual_clicks_reward_list":[171.0,191.0,197.0,208.0,249.0,240.0,233.0,233.0,226.0,212.0,220.0,240.0,234.0],"actual_watch_duration_reward_list":[9890.1077425474,11634.3517280133,12282.9087236441,10308.1725674,11653.4980960308,11539.7747044188,10079.8738475202,10147.2349623352,10319.0397031844,9571.1198884861,9915.7674785149,11596.2745218074,11014.6301609173],"max_clicks_reward_list":[244.2184340651,244.2184340651,244.2184340651,244.2184340651,244.2184340651,244.2184340651,244.2184340651,244.2184340651,244.2184340651,244.2184340651,244.2184340651,244.2184340651,244.2184340651],"max_watch_duration_reward_list":[18961.4530917384,18961.4530917384,18961.4530917384,18961.4530917384,18961.4530917384,18961.4530917384,18961.4530917384,18961.4530917384,18961.4530917384,18961.4530917384,18961.4530917384,18961.4530917384,18961.4530917384]},"BucketSortingWatchTimeAgent":{"actual_clicks_reward_list":[181.0,190.0,201.0,223.0,241.0,231.0,218.0,215.0,229.0,211.0,221.0,226.0,229.0],"actual_watch_duration_reward_list":[11445.7858441814,11130.2942066207,12328.6396517456,12859.0884299537,14390.6142020085,13206.3131516542,14152.758402819,14435.087373089,15920.3883982517,13594.0658470118,14342.1736504098,13726.2287063691,15988.723533619],"max_clicks_reward_list":[244.2184340651,244.2184340651,244.2184340651,244.2184340651,244.2184340651,244.2184340651,244.2184340651,244.2184340651,244.2184340651,244.2184340651,244.2184340651,244.2184340651,244.2184340651],"max_watch_duration_reward_list":[18961.4530917384,18961.4530917384,18961.4530917384,18961.4530917384,18961.4530917384,18961.4530917384,18961.4530917384,18961.4530917384,18961.4530917384,18961.4530917384,18961.4530917384,18961.4530917384,18961.4530917384]},"PairWiseModelAgent":{"actual_clicks_reward_list":[222.0,197.0,198.0,203.0,222.0,203.0,197.0,208.0,209.0,228.0,228.0,209.0,222.0],"actual_watch_duration_reward_list":[13473.8018759375,12288.3357344536,12621.4355645246,10499.6261625015,12299.2338466102,10253.0570093689,8383.7909212916,11387.0917897703,11489.9245505884,12046.4267809127,14568.5213726128,13767.3969323115,13057.8577962261],"max_clicks_reward_list":[244.2184340651,244.2184340651,244.2184340651,244.2184340651,244.2184340651,244.2184340651,244.2184340651,244.2184340651,244.2184340651,244.2184340651,244.2184340651,244.2184340651,244.2184340651],"max_watch_duration_reward_list":[18961.4530917384,18961.4530917384,18961.4530917384,18961.4530917384,18961.4530917384,18961.4530917384,18961.4530917384,18961.4530917384,18961.4530917384,18961.4530917384,18961.4530917384,18961.4530917384,18961.4530917384]},"WeightedPairWiseModelAgent":{"actual_clicks_reward_list":[163.0,209.0,197.0,217.0,178.0,204.0,170.0,193.0,205.0,156.0,184.0,203.0,213.0],"actual_watch_duration_reward_list":[8989.6872837257,12281.0340953916,12846.2922163718,12125.3558389015,9521.0967170241,12279.96552727,9544.7156205684,11209.6085893232,12837.6841653168,9354.8696406314,9913.8879632475,12208.6484651309,14454.0765396966],"max_clicks_reward_list":[244.2184340651,244.2184340651,244.2184340651,244.2184340651,244.2184340651,244.2184340651,244.2184340651,244.2184340651,244.2184340651,244.2184340651,244.2184340651,244.2184340651,244.2184340651],"max_watch_duration_reward_list":[18961.4530917384,18961.4530917384,18961.4530917384,18961.4530917384,18961.4530917384,18961.4530917384,18961.4530917384,18961.4530917384,18961.4530917384,18961.4530917384,18961.4530917384,18961.4530917384,18961.4530917384]}}