{"TweedieModelAgent":{"actual_clicks_reward_list":[1107.0,1074.0,1079.0,884.0,944.0,1118.0,1155.0,1197.0,1150.0,1070.0,1144.0,1161.0,1166.0],"actual_watch_duration_reward_list":[75947.7347713473,74575.8824491793,70914.2724327593,51824.5170818505,62411.5462808854,76469.4098534078,83513.6351055069,90501.3733633893,83729.5232438887,81014.5462963908,84507.6043084679,87279.7000658339,86319.6610259824],"max_clicks_reward_list":[1269.0670597396,1269.0670597396,1269.0670597396,1269.0670597396,1269.0670597396,1269.0670597396,1269.0670597396,1269.0670597396,1269.0670597396,1269.0670597396,1269.0670597396,1269.0670597396,1269.0670597396],"max_watch_duration_reward_list":[102811.9707693931,102811.9707693931,102811.9707693931,102811.9707693931,102811.9707693931,102811.9707693931,102811.9707693931,102811.9707693931,102811.9707693931,102811.9707693931,102811.9707693931,102811.9707693931,102811.9707693931]},"RegressionModelAgent":{"actual_clicks_reward_list":[1170.0,1101.0,1135.0,1035.0,984.0,945.0,974.0,959.0,1031.0,1023.0,888.0,1021.0,1034.0],"actual_watch_duration_reward_list":[79387.2895436684,74544.1605592228,76674.6233888049,52730.8619736677,59507.9775804642,50846.8377679366,47586.9822570632,53144.5962808197,66202.489100731,64738.7355696838,59838.8767862909,76295.2188970105,59909.3564449379],"max_clicks_reward_list":[1269.0670597396,1269.0670597396,1269.0670597396,1269.0670597396,1269.0670597396,1269.0670597396,1269.0670597396,1269.0670597396,1269.0670597396,1269.0670597396,1269.0670597396,1269.0670597396,1269.0670597396],"max_watch_duration_reward_list":[102811.9707693931,102811.9707693931,102811.9707693931,102811.9707693931,102811.9707693931,102811.9707693931,102811.9707693931,102811.9707693931,102811.9707693931,102811.9707693931,102811.9707693931,102811.9707693931,102811.9707693931]},"WeightedPointWiseModelAgent":{"actual_clicks_reward_list":[1071.0,1139.0,1156.0,1048.0,1081.0,1070.0,1072.0,1131.0,1066.0,1141.0,1034.0,1057.0,1157.0],"actual_watch_duration_reward_list":[72517.1799999797,76497.6574296537,79412.1331359358,63057.055557602,67575.6270451533,68991.6864581205,74748.1969353538,84394.2971131725,75805.683183071,81941.988081399,71755.14104519,71626.3510458083,77954.2352093464],"max_clicks_reward_list":[1269.0670597396,1269.0670597396,1269.0670597396,1269.0670597396,1269.0670597396,1269.0670597396,1269.0670597396,1269.0670597396,1269.0670597396,1269.0670597396,1269.0670597396,1269.0670597396,1269.0670597396],"max_watch_duration_reward_list":[102811.9707693931,102811.9707693931,102811.9707693931,102811.9707693931,102811.9707693931,102811.9707693931,102811.9707693931,102811.9707693931,102811.9707693931,102811.9707693931,102811.9707693931,102811.9707693931,102811.9707693931]},"PointWiseModelAgent":{"actual_clicks_reward_list":[1094.0,1092.0,1147.0,923.0,911.0,969.0,1040.0,1038.0,1117.0,1072.0,1137.0,1123.0,1155.0],"actual_watch_duration_reward_list":[74319.1760563268,71652.4719887836,76025.547035728,53247.845241372,50636.751790127,62833.9601343241,48835.4454027534,76587.1136683087,72450.8253915073,70473.2858014744,67079.6928281112,62612.4638610836,66326.8828613727],"max_clicks_reward_list":[1269.0670597396,1269.0670597396,1269.0670597396,1269.0670597396,1269.0670597396,1269.0670597396,1269.0670597396,1269.0670597396,1269.0670597396,1269.0670597396,1269.0670597396,1269.0670597396,1269.0670597396],"max_watch_duration_reward_list":[102811.9707693931,102811.9707693931,102811.9707693931,102811.9707693931,102811.9707693931,102811.9707693931,102811.9707693931,102811.9707693931,102811.9707693931,102811.9707693931,102811.9707693931,102811.9707693931,102811.9707693931]}}