{"TweedieModelAgent":{"actual_clicks_reward_list":[192.0,181.0,222.0,181.0,162.0,186.0,205.0,203.0,231.0,215.0,205.0,230.0,233.0],"actual_watch_duration_reward_list":[9678.8105764513,9506.3110159069,11710.065787157,10284.980962582,9984.5850008113,12058.5742182028,15773.4592273072,14817.7300916109,16164.0859642946,16265.8075984468,15211.0914854866,17524.0826019431,18794.4093705873],"max_clicks_reward_list":[250.1136114469,250.1136114469,250.1136114469,250.1136114469,250.1136114469,250.1136114469,250.1136114469,250.1136114469,250.1136114469,250.1136114469,250.1136114469,250.1136114469,250.1136114469],"max_watch_duration_reward_list":[19799.9659687497,19799.9659687497,19799.9659687497,19799.9659687497,19799.9659687497,19799.9659687497,19799.9659687497,19799.9659687497,19799.9659687497,19799.9659687497,19799.9659687497,19799.9659687497,19799.9659687497]},"RegressionModelAgent":{"actual_clicks_reward_list":[218.0,176.0,202.0,210.0,187.0,174.0,215.0,233.0,218.0,213.0,223.0,222.0,225.0],"actual_watch_duration_reward_list":[10569.8280302531,8541.1053248639,9464.5595493687,11159.7352300108,11869.0789826824,10153.2496421732,13213.5963228202,14464.5961000548,14650.7679573617,12528.9528186438,14151.2449919088,14694.6028429063,15183.9111848509],"max_clicks_reward_list":[250.1136114469,250.1136114469,250.1136114469,250.1136114469,250.1136114469,250.1136114469,250.1136114469,250.1136114469,250.1136114469,250.1136114469,250.1136114469,250.1136114469,250.1136114469],"max_watch_duration_reward_list":[19799.9659687497,19799.9659687497,19799.9659687497,19799.9659687497,19799.9659687497,19799.9659687497,19799.9659687497,19799.9659687497,19799.9659687497,19799.9659687497,19799.9659687497,19799.9659687497,19799.9659687497]},"WeightedPointWiseModelAgent":{"actual_clicks_reward_list":[227.0,219.0,190.0,179.0,185.0,198.0,188.0,201.0,178.0,192.0,189.0,196.0,195.0],"actual_watch_duration_reward_list":[9206.7318652534,10849.671529413,9689.873919152,11299.4530372241,11047.0830216822,11040.9639413652,11488.6707629228,12761.689288934,11848.7840406999,11535.4376271943,12500.7543623629,12315.2037316671,13145.5291137465],"max_clicks_reward_list":[250.1136114469,250.1136114469,250.1136114469,250.1136114469,250.1136114469,250.1136114469,250.1136114469,250.1136114469,250.1136114469,250.1136114469,250.1136114469,250.1136114469,250.1136114469],"max_watch_duration_reward_list":[19799.9659687497,19799.9659687497,19799.9659687497,19799.9659687497,19799.9659687497,19799.9659687497,19799.9659687497,19799.9659687497,19799.9659687497,19799.9659687497,19799.9659687497,19799.9659687497,19799.9659687497]},"PointWiseModelAgent":{"actual_clicks_reward_list":[174.0,171.0,187.0,203.0,223.0,196.0,211.0,243.0,226.0,226.0,244.0,219.0,241.0],"actual_watch_duration_reward_list":[8447.4289601738,7721.9984253363,9639.7507791149,10599.3002493725,14826.5445787484,11583.8688021139,13255.3717203509,11987.2350744377,12270.2873031971,13631.3900177199,14956.7031279551,12754.7723234073,14819.5982567203],"max_clicks_reward_list":[250.1136114469,250.1136114469,250.1136114469,250.1136114469,250.1136114469,250.1136114469,250.1136114469,250.1136114469,250.1136114469,250.1136114469,250.1136114469,250.1136114469,250.1136114469],"max_watch_duration_reward_list":[19799.9659687497,19799.9659687497,19799.9659687497,19799.9659687497,19799.9659687497,19799.9659687497,19799.9659687497,19799.9659687497,19799.9659687497,19799.9659687497,19799.9659687497,19799.9659687497,19799.9659687497]}}