{"TweedieModelAgent":{"actual_clicks_reward_list":[28.0,21.0,16.0,18.0,15.0,26.0,17.0,19.0,18.0,19.0,23.0,19.0,22.0],"actual_watch_duration_reward_list":[1936.0618052685,1240.5522318358,962.9041163718,968.7538784349,931.4800241515,1630.6002584874,1088.5268239159,1093.1149984157,1092.6852306546,981.8104033104,1454.8250410483,1142.8244912484,1274.1121150313],"max_clicks_reward_list":[22.3957312557,22.3957312557,22.3957312557,22.3957312557,22.3957312557,22.3957312557,22.3957312557,22.3957312557,22.3957312557,22.3957312557,22.3957312557,22.3957312557,22.3957312557],"max_watch_duration_reward_list":[1653.525425014,1653.525425014,1653.525425014,1653.525425014,1653.525425014,1653.525425014,1653.525425014,1653.525425014,1653.525425014,1653.525425014,1653.525425014,1653.525425014,1653.525425014]},"RegressionModelAgent":{"actual_clicks_reward_list":[17.0,17.0,11.0,13.0,14.0,20.0,16.0,23.0,20.0,17.0,21.0,19.0,18.0],"actual_watch_duration_reward_list":[916.1439330953,915.7055232574,787.0227336362,600.0731708633,824.5829759317,1169.7491817973,856.5370527862,1184.4606999445,838.7844727503,1017.120390337,1476.0731969839,818.1499587325,790.3736635156],"max_clicks_reward_list":[22.3957312557,22.3957312557,22.3957312557,22.3957312557,22.3957312557,22.3957312557,22.3957312557,22.3957312557,22.3957312557,22.3957312557,22.3957312557,22.3957312557,22.3957312557],"max_watch_duration_reward_list":[1653.525425014,1653.525425014,1653.525425014,1653.525425014,1653.525425014,1653.525425014,1653.525425014,1653.525425014,1653.525425014,1653.525425014,1653.525425014,1653.525425014,1653.525425014]},"WeightedPointWiseModelAgent":{"actual_clicks_reward_list":[24.0,11.0,18.0,22.0,21.0,22.0,19.0,21.0,26.0,28.0,12.0,18.0,14.0],"actual_watch_duration_reward_list":[1054.0364467517,814.8929547099,1084.8475726931,1461.4589714187,1246.7039540718,1293.6065760214,1584.983542482,1310.3567423964,1384.060955637,1931.3954541833,1009.8102585459,1455.5898501338,923.3011904993],"max_clicks_reward_list":[22.3957312557,22.3957312557,22.3957312557,22.3957312557,22.3957312557,22.3957312557,22.3957312557,22.3957312557,22.3957312557,22.3957312557,22.3957312557,22.3957312557,22.3957312557],"max_watch_duration_reward_list":[1653.525425014,1653.525425014,1653.525425014,1653.525425014,1653.525425014,1653.525425014,1653.525425014,1653.525425014,1653.525425014,1653.525425014,1653.525425014,1653.525425014,1653.525425014]},"PointWiseModelAgent":{"actual_clicks_reward_list":[21.0,20.0,23.0,22.0,18.0,22.0,21.0,24.0,28.0,24.0,11.0,26.0,24.0],"actual_watch_duration_reward_list":[757.5321059184,1123.24986719,1386.3781087082,1600.0770474576,1322.5020466296,1057.5437709665,1367.4990448205,1811.5323880775,2094.9693425335,1670.1103660099,844.9860085288,1757.4567879173,1868.8387503016],"max_clicks_reward_list":[22.3957312557,22.3957312557,22.3957312557,22.3957312557,22.3957312557,22.3957312557,22.3957312557,22.3957312557,22.3957312557,22.3957312557,22.3957312557,22.3957312557,22.3957312557],"max_watch_duration_reward_list":[1653.525425014,1653.525425014,1653.525425014,1653.525425014,1653.525425014,1653.525425014,1653.525425014,1653.525425014,1653.525425014,1653.525425014,1653.525425014,1653.525425014,1653.525425014]}}