{"TweedieModelAgent":{"actual_clicks_reward_list":[1156.0,1096.0,1127.0,1077.0,1052.0,1064.0,1080.0,1077.0,1111.0,1208.0,1150.0,1182.0,1163.0],"actual_watch_duration_reward_list":[58906.3648937652,55107.7705054276,55083.7236079708,60351.0460995628,68413.6171087188,71777.7575042401,79647.6242236044,71142.469026356,79493.139416143,84815.06157189,81678.4909028449,85372.1281478275,82404.3204820727],"max_clicks_reward_list":[1267.1651384114,1267.1651384114,1267.1651384114,1267.1651384114,1267.1651384114,1267.1651384114,1267.1651384114,1267.1651384114,1267.1651384114,1267.1651384114,1267.1651384114,1267.1651384114,1267.1651384114],"max_watch_duration_reward_list":[103233.9198959196,103233.9198959196,103233.9198959196,103233.9198959196,103233.9198959196,103233.9198959196,103233.9198959196,103233.9198959196,103233.9198959196,103233.9198959196,103233.9198959196,103233.9198959196,103233.9198959196]},"RegressionModelAgent":{"actual_clicks_reward_list":[1065.0,1065.0,1068.0,900.0,940.0,1085.0,1115.0,1015.0,1107.0,963.0,964.0,1090.0,1019.0],"actual_watch_duration_reward_list":[53117.1980396286,53473.8645851582,56220.3031178505,57693.5522657662,66430.031675845,68147.8097574264,77185.4645933341,58205.6110388882,61605.4534536928,53506.1937719252,60511.2479691112,77328.4735644727,69701.5672141578],"max_clicks_reward_list":[1267.1651384114,1267.1651384114,1267.1651384114,1267.1651384114,1267.1651384114,1267.1651384114,1267.1651384114,1267.1651384114,1267.1651384114,1267.1651384114,1267.1651384114,1267.1651384114,1267.1651384114],"max_watch_duration_reward_list":[103233.9198959196,103233.9198959196,103233.9198959196,103233.9198959196,103233.9198959196,103233.9198959196,103233.9198959196,103233.9198959196,103233.9198959196,103233.9198959196,103233.9198959196,103233.9198959196,103233.9198959196]},"WeightedPointWiseModelAgent":{"actual_clicks_reward_list":[1105.0,1114.0,1179.0,1123.0,1030.0,1167.0,1138.0,1128.0,1105.0,1147.0,1179.0,1144.0,1167.0],"actual_watch_duration_reward_list":[53605.6156623401,55693.2676152129,59076.9602440308,61342.095622464,51840.609948277,56364.988708639,62008.9891023951,55124.3669886271,55950.3562321037,61122.7089002458,59750.7025610153,57025.1758505048,62638.6170836128],"max_clicks_reward_list":[1267.1651384114,1267.1651384114,1267.1651384114,1267.1651384114,1267.1651384114,1267.1651384114,1267.1651384114,1267.1651384114,1267.1651384114,1267.1651384114,1267.1651384114,1267.1651384114,1267.1651384114],"max_watch_duration_reward_list":[103233.9198959196,103233.9198959196,103233.9198959196,103233.9198959196,103233.9198959196,103233.9198959196,103233.9198959196,103233.9198959196,103233.9198959196,103233.9198959196,103233.9198959196,103233.9198959196,103233.9198959196]},"PointWiseModelAgent":{"actual_clicks_reward_list":[1091.0,1146.0,1096.0,903.0,942.0,999.0,954.0,988.0,1213.0,1150.0,1154.0,1171.0,1208.0],"actual_watch_duration_reward_list":[55074.9531548109,57289.0174462736,56088.5116280135,43004.3144037667,54743.4523500485,71127.1117322877,48406.9521656283,56224.8946511306,61312.627451439,61182.2257954677,60273.8840261478,59267.9487226428,62338.1694019434],"max_clicks_reward_list":[1267.1651384114,1267.1651384114,1267.1651384114,1267.1651384114,1267.1651384114,1267.1651384114,1267.1651384114,1267.1651384114,1267.1651384114,1267.1651384114,1267.1651384114,1267.1651384114,1267.1651384114],"max_watch_duration_reward_list":[103233.9198959196,103233.9198959196,103233.9198959196,103233.9198959196,103233.9198959196,103233.9198959196,103233.9198959196,103233.9198959196,103233.9198959196,103233.9198959196,103233.9198959196,103233.9198959196,103233.9198959196]}}