{"TweedieModelAgent":{"actual_clicks_reward_list":[1112.0,1180.0,1096.0,1026.0,919.0,1114.0,1014.0,1026.0,1058.0,1059.0,1119.0,1090.0,1139.0],"actual_watch_duration_reward_list":[60717.5896090515,62937.3055746712,57837.9924874729,72842.8572346855,48743.2284285496,59350.9066622912,66115.1001288881,75004.141565008,78091.0370540158,82414.0246106284,86852.6710860551,87461.4078633407,87816.0770913625],"max_clicks_reward_list":[1254.2455635223,1254.2455635223,1254.2455635223,1254.2455635223,1254.2455635223,1254.2455635223,1254.2455635223,1254.2455635223,1254.2455635223,1254.2455635223,1254.2455635223,1254.2455635223,1254.2455635223],"max_watch_duration_reward_list":[108871.6464876833,108871.6464876833,108871.6464876833,108871.6464876833,108871.6464876833,108871.6464876833,108871.6464876833,108871.6464876833,108871.6464876833,108871.6464876833,108871.6464876833,108871.6464876833,108871.6464876833]}}