{"TweedieModelAgent":{"actual_clicks_reward_list":[184.0,193.0,152.0,231.0,188.0,183.0,188.0,201.0,209.0,220.0,210.0,206.0,210.0],"actual_watch_duration_reward_list":[7640.4627017577,9133.8317604154,7287.3231886815,14745.8258986756,10039.4860430929,9927.4048609669,12477.4005434377,13336.4617517739,15385.3456296476,15212.4168141278,17095.3529190414,16502.6502832537,16360.838532674],"max_clicks_reward_list":[254.0430465894,254.0430465894,254.0430465894,254.0430465894,254.0430465894,254.0430465894,254.0430465894,254.0430465894,254.0430465894,254.0430465894,254.0430465894,254.0430465894,254.0430465894],"max_watch_duration_reward_list":[20568.8889134166,20568.8889134166,20568.8889134166,20568.8889134166,20568.8889134166,20568.8889134166,20568.8889134166,20568.8889134166,20568.8889134166,20568.8889134166,20568.8889134166,20568.8889134166,20568.8889134166]},"WeightedPointWiseModelAgent":{"actual_clicks_reward_list":[160.0,176.0,206.0,184.0,190.0,197.0,152.0,173.0,186.0,176.0,201.0,163.0,207.0],"actual_watch_duration_reward_list":[8745.2125289084,9281.7560004026,9932.2190875636,10241.4046542863,10242.8728959425,10699.2041663945,9119.7359575589,10826.1126370492,11333.8916162037,9417.3778247949,12373.2264210596,10652.2012760842,11972.1562987875],"max_clicks_reward_list":[254.0430465894,254.0430465894,254.0430465894,254.0430465894,254.0430465894,254.0430465894,254.0430465894,254.0430465894,254.0430465894,254.0430465894,254.0430465894,254.0430465894,254.0430465894],"max_watch_duration_reward_list":[20568.8889134166,20568.8889134166,20568.8889134166,20568.8889134166,20568.8889134166,20568.8889134166,20568.8889134166,20568.8889134166,20568.8889134166,20568.8889134166,20568.8889134166,20568.8889134166,20568.8889134166]},"PointWiseModelAgent":{"actual_clicks_reward_list":[198.0,164.0,194.0,171.0,192.0,195.0,218.0,199.0,200.0,207.0,190.0,209.0,236.0],"actual_watch_duration_reward_list":[12038.8806631413,7269.3505917167,9981.6997823957,10549.6630263169,11917.4409229447,11767.2610496879,14012.1865052343,10968.0089435054,14377.322141389,13265.8351874517,11422.9486483672,12282.4150824764,14047.8975191162],"max_clicks_reward_list":[254.0430465894,254.0430465894,254.0430465894,254.0430465894,254.0430465894,254.0430465894,254.0430465894,254.0430465894,254.0430465894,254.0430465894,254.0430465894,254.0430465894,254.0430465894],"max_watch_duration_reward_list":[20568.8889134166,20568.8889134166,20568.8889134166,20568.8889134166,20568.8889134166,20568.8889134166,20568.8889134166,20568.8889134166,20568.8889134166,20568.8889134166,20568.8889134166,20568.8889134166,20568.8889134166]}}