{"TweedieModelAgent":{"actual_clicks_reward_list":[175.0,179.0,187.0,237.0,233.0,183.0,242.0,219.0,228.0,255.0,241.0,241.0,223.0],"actual_watch_duration_reward_list":[8315.1795853192,8122.7061669103,9251.8332146423,12565.9877086623,14015.5406553618,11700.3809704209,14658.6306794021,14148.2241964361,14393.3031148813,16676.7274830158,14773.0094662953,14711.1160635776,12244.3685601677],"max_clicks_reward_list":[240.1743716934,240.1743716934,240.1743716934,240.1743716934,240.1743716934,240.1743716934,240.1743716934,240.1743716934,240.1743716934,240.1743716934,240.1743716934,240.1743716934,240.1743716934],"max_watch_duration_reward_list":[17174.1120448441,17174.1120448441,17174.1120448441,17174.1120448441,17174.1120448441,17174.1120448441,17174.1120448441,17174.1120448441,17174.1120448441,17174.1120448441,17174.1120448441,17174.1120448441,17174.1120448441]},"WeightedPointWiseModelAgent":{"actual_clicks_reward_list":[199.0,174.0,169.0,205.0,191.0,201.0,179.0,169.0,177.0,178.0,208.0,158.0,189.0],"actual_watch_duration_reward_list":[9531.0221081849,8696.9446046501,7311.818973235,9582.0525722726,9063.3353203088,11811.9115547809,8980.9494710428,8431.0301036023,9295.5135942789,9275.9673668008,12220.1010501292,9178.9209553578,10323.3671843063],"max_clicks_reward_list":[240.1743716934,240.1743716934,240.1743716934,240.1743716934,240.1743716934,240.1743716934,240.1743716934,240.1743716934,240.1743716934,240.1743716934,240.1743716934,240.1743716934,240.1743716934],"max_watch_duration_reward_list":[17174.1120448441,17174.1120448441,17174.1120448441,17174.1120448441,17174.1120448441,17174.1120448441,17174.1120448441,17174.1120448441,17174.1120448441,17174.1120448441,17174.1120448441,17174.1120448441,17174.1120448441]},"PointWiseModelAgent":{"actual_clicks_reward_list":[192.0,177.0,175.0,178.0,181.0,173.0,213.0,188.0,218.0,224.0,220.0,216.0,247.0],"actual_watch_duration_reward_list":[8083.2212791855,7875.7376023163,8145.3097847166,6684.1948387688,10147.2559882353,6218.434480126,14189.6837678412,11115.7451082198,12318.7306622812,9170.3153180566,11410.6784498079,10826.6244517689,11497.6379917701],"max_clicks_reward_list":[240.1743716934,240.1743716934,240.1743716934,240.1743716934,240.1743716934,240.1743716934,240.1743716934,240.1743716934,240.1743716934,240.1743716934,240.1743716934,240.1743716934,240.1743716934],"max_watch_duration_reward_list":[17174.1120448441,17174.1120448441,17174.1120448441,17174.1120448441,17174.1120448441,17174.1120448441,17174.1120448441,17174.1120448441,17174.1120448441,17174.1120448441,17174.1120448441,17174.1120448441,17174.1120448441]}}