{"TweedieModelAgent":{"actual_clicks_reward_list":[19.0,20.0,19.0,21.0,28.0,24.0,22.0,15.0,24.0,22.0,26.0,21.0,24.0],"actual_watch_duration_reward_list":[988.0700053921,971.963689618,951.4116811232,1318.4621071834,1726.4465522717,1457.9122411611,1029.8968129664,861.6805493171,1547.2394644285,1187.0786600719,1644.8373202319,1459.9600307134,1015.5181855647],"max_clicks_reward_list":[21.6819847321,21.6819847321,21.6819847321,21.6819847321,21.6819847321,21.6819847321,21.6819847321,21.6819847321,21.6819847321,21.6819847321,21.6819847321,21.6819847321,21.6819847321],"max_watch_duration_reward_list":[1573.4391202707,1573.4391202707,1573.4391202707,1573.4391202707,1573.4391202707,1573.4391202707,1573.4391202707,1573.4391202707,1573.4391202707,1573.4391202707,1573.4391202707,1573.4391202707,1573.4391202707]},"WeightedPointWiseModelAgent":{"actual_clicks_reward_list":[16.0,29.0,21.0,16.0,17.0,22.0,18.0,23.0,12.0,25.0,23.0,24.0,24.0],"actual_watch_duration_reward_list":[908.6371367874,1106.9908482998,1166.679617955,1027.6576781408,894.2173667911,1517.7641575932,871.1737111303,1141.1222245655,527.3838412751,1066.0512693366,1147.7545875894,1037.3686095871,1361.7991648952],"max_clicks_reward_list":[21.6819847321,21.6819847321,21.6819847321,21.6819847321,21.6819847321,21.6819847321,21.6819847321,21.6819847321,21.6819847321,21.6819847321,21.6819847321,21.6819847321,21.6819847321],"max_watch_duration_reward_list":[1573.4391202707,1573.4391202707,1573.4391202707,1573.4391202707,1573.4391202707,1573.4391202707,1573.4391202707,1573.4391202707,1573.4391202707,1573.4391202707,1573.4391202707,1573.4391202707,1573.4391202707]},"PointWiseModelAgent":{"actual_clicks_reward_list":[14.0,26.0,22.0,14.0,25.0,22.0,18.0,18.0,26.0,23.0,22.0,20.0,22.0],"actual_watch_duration_reward_list":[567.2606588768,1648.7514665267,1261.1420198924,680.5572825285,1684.5856007533,1015.9398380114,963.9413288368,665.2476389536,1027.6288067841,1118.3128363959,1070.2674307427,975.6332314773,1135.1572287228],"max_clicks_reward_list":[21.6819847321,21.6819847321,21.6819847321,21.6819847321,21.6819847321,21.6819847321,21.6819847321,21.6819847321,21.6819847321,21.6819847321,21.6819847321,21.6819847321,21.6819847321],"max_watch_duration_reward_list":[1573.4391202707,1573.4391202707,1573.4391202707,1573.4391202707,1573.4391202707,1573.4391202707,1573.4391202707,1573.4391202707,1573.4391202707,1573.4391202707,1573.4391202707,1573.4391202707,1573.4391202707]},"BanditAgent":{"actual_clicks_reward_list":[15.0,24.0,23.0,17.0,23.0,17.0,20.0,17.0,17.0,25.0,22.0,19.0,14.0],"actual_watch_duration_reward_list":[1135.9878886982,1305.1288885492,1307.3564448184,1167.8225016681,1372.8923230765,774.3883476079,1336.8915767049,1065.9961847877,1078.0438292651,1987.6006954082,1292.9333919187,997.8144072784,952.6762030111],"max_clicks_reward_list":[21.6819847321,21.6819847321,21.6819847321,21.6819847321,21.6819847321,21.6819847321,21.6819847321,21.6819847321,21.6819847321,21.6819847321,21.6819847321,21.6819847321,21.6819847321],"max_watch_duration_reward_list":[1573.4391202707,1573.4391202707,1573.4391202707,1573.4391202707,1573.4391202707,1573.4391202707,1573.4391202707,1573.4391202707,1573.4391202707,1573.4391202707,1573.4391202707,1573.4391202707,1573.4391202707]},"BucketSortingAgent":{"actual_clicks_reward_list":[23.0,27.0,21.0,23.0,10.0,15.0,22.0,24.0,26.0,18.0,18.0,16.0,26.0],"actual_watch_duration_reward_list":[837.5234849809,1971.978406759,1228.6742882549,1476.1622748188,522.9623796178,740.9516978588,986.8435955147,1263.6427356824,1201.0603652738,1163.1317573313,899.0194796451,1031.2732549601,1254.2240092626],"max_clicks_reward_list":[21.6819847321,21.6819847321,21.6819847321,21.6819847321,21.6819847321,21.6819847321,21.6819847321,21.6819847321,21.6819847321,21.6819847321,21.6819847321,21.6819847321,21.6819847321],"max_watch_duration_reward_list":[1573.4391202707,1573.4391202707,1573.4391202707,1573.4391202707,1573.4391202707,1573.4391202707,1573.4391202707,1573.4391202707,1573.4391202707,1573.4391202707,1573.4391202707,1573.4391202707,1573.4391202707]},"BucketSortingWatchTimeAgent":{"actual_clicks_reward_list":[22.0,18.0,22.0,15.0,11.0,27.0,19.0,20.0,28.0,26.0,17.0,12.0,19.0],"actual_watch_duration_reward_list":[1633.1624353004,873.9112152791,1161.6659208686,948.16110639,603.1751382921,1561.2617162997,884.6536264874,1506.0704865072,2039.5199596994,1856.3300281688,1337.6646346032,866.4895879667,1459.8581331644],"max_clicks_reward_list":[21.6819847321,21.6819847321,21.6819847321,21.6819847321,21.6819847321,21.6819847321,21.6819847321,21.6819847321,21.6819847321,21.6819847321,21.6819847321,21.6819847321,21.6819847321],"max_watch_duration_reward_list":[1573.4391202707,1573.4391202707,1573.4391202707,1573.4391202707,1573.4391202707,1573.4391202707,1573.4391202707,1573.4391202707,1573.4391202707,1573.4391202707,1573.4391202707,1573.4391202707,1573.4391202707]},"PairWiseModelAgent":{"actual_clicks_reward_list":[28.0,11.0,20.0,18.0,18.0,22.0,21.0,18.0,17.0,17.0,17.0,13.0,19.0],"actual_watch_duration_reward_list":[1359.0053350639,662.5747327752,612.2041220111,792.6942469898,1015.9126037917,714.2975447335,888.0495236121,790.979981433,721.7866068584,585.1829759928,827.9834191374,479.3216445011,1033.8880123353],"max_clicks_reward_list":[21.6819847321,21.6819847321,21.6819847321,21.6819847321,21.6819847321,21.6819847321,21.6819847321,21.6819847321,21.6819847321,21.6819847321,21.6819847321,21.6819847321,21.6819847321],"max_watch_duration_reward_list":[1573.4391202707,1573.4391202707,1573.4391202707,1573.4391202707,1573.4391202707,1573.4391202707,1573.4391202707,1573.4391202707,1573.4391202707,1573.4391202707,1573.4391202707,1573.4391202707,1573.4391202707]},"WeightedPairWiseModelAgent":{"actual_clicks_reward_list":[23.0,18.0,30.0,14.0,21.0,16.0,17.0,23.0,22.0,19.0,17.0,19.0,17.0],"actual_watch_duration_reward_list":[1099.9053281597,913.3806279565,1910.9213242009,1267.26764617,1543.748156927,1236.9192508239,805.0897340726,1446.9480350219,1352.447316101,1199.7543652668,1212.8664034763,1495.1604250229,1466.3205233358],"max_clicks_reward_list":[21.6819847321,21.6819847321,21.6819847321,21.6819847321,21.6819847321,21.6819847321,21.6819847321,21.6819847321,21.6819847321,21.6819847321,21.6819847321,21.6819847321,21.6819847321],"max_watch_duration_reward_list":[1573.4391202707,1573.4391202707,1573.4391202707,1573.4391202707,1573.4391202707,1573.4391202707,1573.4391202707,1573.4391202707,1573.4391202707,1573.4391202707,1573.4391202707,1573.4391202707,1573.4391202707]}}