{"TweedieModelAgent":{"actual_clicks_reward_list":[182.0,199.0,198.0,206.0,168.0,235.0,260.0,236.0,207.0,200.0,218.0,232.0,196.0],"actual_watch_duration_reward_list":[11046.8333318159,11786.9381568811,11564.8920279715,10182.2522463921,9844.5355776383,12907.1560197314,13159.3156643505,13293.4847348966,11229.0150775183,9376.1072653717,11434.7646883684,13044.0161102181,10886.7380721261],"max_clicks_reward_list":[245.034469475,245.034469475,245.034469475,245.034469475,245.034469475,245.034469475,245.034469475,245.034469475,245.034469475,245.034469475,245.034469475,245.034469475,245.034469475],"max_watch_duration_reward_list":[17908.5279633205,17908.5279633205,17908.5279633205,17908.5279633205,17908.5279633205,17908.5279633205,17908.5279633205,17908.5279633205,17908.5279633205,17908.5279633205,17908.5279633205,17908.5279633205,17908.5279633205]},"RegressionModelAgent":{"actual_clicks_reward_list":[169.0,185.0,195.0,228.0,186.0,205.0,180.0,204.0,218.0,198.0,214.0,178.0,212.0],"actual_watch_duration_reward_list":[10000.3886477646,9994.4511506493,12133.239000713,13017.3526497907,11893.9147399765,11865.6710156633,13077.908062043,13547.3105093059,13441.5881735062,15029.77974265,15385.0190878549,12493.938165664,15458.2160341151],"max_clicks_reward_list":[245.034469475,245.034469475,245.034469475,245.034469475,245.034469475,245.034469475,245.034469475,245.034469475,245.034469475,245.034469475,245.034469475,245.034469475,245.034469475],"max_watch_duration_reward_list":[17908.5279633205,17908.5279633205,17908.5279633205,17908.5279633205,17908.5279633205,17908.5279633205,17908.5279633205,17908.5279633205,17908.5279633205,17908.5279633205,17908.5279633205,17908.5279633205,17908.5279633205]},"WeightedPointWiseModelAgent":{"actual_clicks_reward_list":[194.0,194.0,207.0,168.0,190.0,185.0,196.0,199.0,190.0,206.0,168.0,215.0,191.0],"actual_watch_duration_reward_list":[12311.4500432985,11549.7175855442,13789.0513350997,12429.4631228563,11826.545959987,10405.3389486066,11814.5172661064,12020.9903955392,12286.239000882,13636.511284196,9784.5823297086,14316.3104564777,11764.3602138913],"max_clicks_reward_list":[245.034469475,245.034469475,245.034469475,245.034469475,245.034469475,245.034469475,245.034469475,245.034469475,245.034469475,245.034469475,245.034469475,245.034469475,245.034469475],"max_watch_duration_reward_list":[17908.5279633205,17908.5279633205,17908.5279633205,17908.5279633205,17908.5279633205,17908.5279633205,17908.5279633205,17908.5279633205,17908.5279633205,17908.5279633205,17908.5279633205,17908.5279633205,17908.5279633205]},"PointWiseModelAgent":{"actual_clicks_reward_list":[192.0,179.0,202.0,195.0,179.0,174.0,180.0,221.0,193.0,241.0,234.0,220.0,212.0],"actual_watch_duration_reward_list":[10724.8526597135,10603.0791576932,12426.4545219008,14876.4682238811,8356.7265985212,10333.6274840172,10797.4176726265,15166.1460875957,12021.1747260985,14509.1086989623,13427.1226112102,12384.8925081197,9586.3764365505],"max_clicks_reward_list":[245.034469475,245.034469475,245.034469475,245.034469475,245.034469475,245.034469475,245.034469475,245.034469475,245.034469475,245.034469475,245.034469475,245.034469475,245.034469475],"max_watch_duration_reward_list":[17908.5279633205,17908.5279633205,17908.5279633205,17908.5279633205,17908.5279633205,17908.5279633205,17908.5279633205,17908.5279633205,17908.5279633205,17908.5279633205,17908.5279633205,17908.5279633205,17908.5279633205]}}