{"TweedieModelAgent":{"actual_clicks_reward_list":[26.0,18.0,18.0,24.0,29.0,27.0,21.0,19.0,18.0,29.0,14.0,25.0,21.0],"actual_watch_duration_reward_list":[1472.4985448184,1084.563996893,842.3551161315,1688.804284669,1995.8439482735,1780.3067649407,1634.2476688877,1035.5911663735,1335.9191640258,1757.1912747805,716.4084822027,1887.666935493,1512.75384231],"max_clicks_reward_list":[24.1600868639,24.1600868639,24.1600868639,24.1600868639,24.1600868639,24.1600868639,24.1600868639,24.1600868639,24.1600868639,24.1600868639,24.1600868639,24.1600868639,24.1600868639],"max_watch_duration_reward_list":[1697.9713313421,1697.9713313421,1697.9713313421,1697.9713313421,1697.9713313421,1697.9713313421,1697.9713313421,1697.9713313421,1697.9713313421,1697.9713313421,1697.9713313421,1697.9713313421,1697.9713313421]},"WeightedPointWiseModelAgent":{"actual_clicks_reward_list":[21.0,23.0,24.0,23.0,21.0,18.0,24.0,22.0,14.0,22.0,20.0,22.0,28.0],"actual_watch_duration_reward_list":[933.0396919294,1701.4407713232,1677.4680650544,1661.6462137236,1579.5807610642,1253.6253297773,1390.2608661976,1493.5617160829,1003.8731240029,1766.5148044279,1380.434247829,1513.3250715681,1890.7439181578],"max_clicks_reward_list":[24.1600868639,24.1600868639,24.1600868639,24.1600868639,24.1600868639,24.1600868639,24.1600868639,24.1600868639,24.1600868639,24.1600868639,24.1600868639,24.1600868639,24.1600868639],"max_watch_duration_reward_list":[1697.9713313421,1697.9713313421,1697.9713313421,1697.9713313421,1697.9713313421,1697.9713313421,1697.9713313421,1697.9713313421,1697.9713313421,1697.9713313421,1697.9713313421,1697.9713313421,1697.9713313421]},"PointWiseModelAgent":{"actual_clicks_reward_list":[28.0,21.0,17.0,23.0,27.0,18.0,21.0,24.0,36.0,28.0,25.0,26.0,24.0],"actual_watch_duration_reward_list":[1768.6629702919,774.2101401861,1044.7774355768,1643.6463180724,1933.3875000461,939.0692414326,969.8908396786,1281.15562795,1517.9301104242,1394.206976568,1658.9184242376,1203.230111732,1013.4196534717],"max_clicks_reward_list":[24.1600868639,24.1600868639,24.1600868639,24.1600868639,24.1600868639,24.1600868639,24.1600868639,24.1600868639,24.1600868639,24.1600868639,24.1600868639,24.1600868639,24.1600868639],"max_watch_duration_reward_list":[1697.9713313421,1697.9713313421,1697.9713313421,1697.9713313421,1697.9713313421,1697.9713313421,1697.9713313421,1697.9713313421,1697.9713313421,1697.9713313421,1697.9713313421,1697.9713313421,1697.9713313421]}}