{"TweedieModelAgent":{"actual_clicks_reward_list":[4262.0,4277.0,4278.0,4026.0,3996.0,3710.0,4124.0,4068.0,4229.0,3930.0,4320.0,4484.0,4367.0],"actual_watch_duration_reward_list":[259188.5012669428,261989.4597340952,259358.6955139573,220817.5511629948,303189.7416445056,183398.0065362296,223119.5285606933,178396.5495220445,188801.8400738602,298204.2612936298,360044.5403578477,355736.9753021438,353104.2995514791],"max_clicks_reward_list":[5268.7933152558,5268.7933152558,5268.7933152558,5268.7933152558,5268.7933152558,5268.7933152558,5268.7933152558,5268.7933152558,5268.7933152558,5268.7933152558,5268.7933152558,5268.7933152558,5268.7933152558],"max_watch_duration_reward_list":[448834.8387903584,448834.8387903584,448834.8387903584,448834.8387903584,448834.8387903584,448834.8387903584,448834.8387903584,448834.8387903584,448834.8387903584,448834.8387903584,448834.8387903584,448834.8387903584,448834.8387903584]}}