{"TweedieModelAgent":{"actual_clicks_reward_list":[21.0,23.0,22.0,15.0,21.0,16.0,19.0,17.0,21.0,23.0,25.0,26.0,14.0],"actual_watch_duration_reward_list":[1141.1177864401,1150.7226734948,1021.2891975079,1304.7296258478,1241.9282198167,1332.2692673807,1154.3044232685,1116.8868226192,1373.0485919993,1305.8635012583,1485.2081830446,1560.3649359945,647.9728854063],"max_clicks_reward_list":[20.8674593194,20.8674593194,20.8674593194,20.8674593194,20.8674593194,20.8674593194,20.8674593194,20.8674593194,20.8674593194,20.8674593194,20.8674593194,20.8674593194,20.8674593194],"max_watch_duration_reward_list":[1286.2775933783,1286.2775933783,1286.2775933783,1286.2775933783,1286.2775933783,1286.2775933783,1286.2775933783,1286.2775933783,1286.2775933783,1286.2775933783,1286.2775933783,1286.2775933783,1286.2775933783]},"WeightedPointWiseModelAgent":{"actual_clicks_reward_list":[13.0,22.0,18.0,21.0,10.0,16.0,22.0,18.0,13.0,19.0,24.0,17.0,21.0],"actual_watch_duration_reward_list":[765.3215309667,1015.4464472854,1019.1919899652,822.7481997872,538.2387253563,661.0020479188,812.8561217351,1112.9807502984,836.3551768049,556.942704918,988.528458884,734.5621734285,1124.9673435537],"max_clicks_reward_list":[20.8674593194,20.8674593194,20.8674593194,20.8674593194,20.8674593194,20.8674593194,20.8674593194,20.8674593194,20.8674593194,20.8674593194,20.8674593194,20.8674593194,20.8674593194],"max_watch_duration_reward_list":[1286.2775933783,1286.2775933783,1286.2775933783,1286.2775933783,1286.2775933783,1286.2775933783,1286.2775933783,1286.2775933783,1286.2775933783,1286.2775933783,1286.2775933783,1286.2775933783,1286.2775933783]},"PointWiseModelAgent":{"actual_clicks_reward_list":[16.0,29.0,24.0,19.0,13.0,16.0,19.0,12.0,15.0,8.0,16.0,20.0,25.0],"actual_watch_duration_reward_list":[618.2453679847,1477.407328469,1110.4329393838,1401.8872523952,872.8700779208,1014.095272616,1081.3140260334,695.8457442572,1039.2443483647,597.7691182773,1043.3550774474,1067.1386289918,1580.4013285287],"max_clicks_reward_list":[20.8674593194,20.8674593194,20.8674593194,20.8674593194,20.8674593194,20.8674593194,20.8674593194,20.8674593194,20.8674593194,20.8674593194,20.8674593194,20.8674593194,20.8674593194],"max_watch_duration_reward_list":[1286.2775933783,1286.2775933783,1286.2775933783,1286.2775933783,1286.2775933783,1286.2775933783,1286.2775933783,1286.2775933783,1286.2775933783,1286.2775933783,1286.2775933783,1286.2775933783,1286.2775933783]},"BanditAgent":{"actual_clicks_reward_list":[14.0,17.0,18.0,19.0,15.0,9.0,11.0,14.0,19.0,26.0,16.0,16.0,27.0],"actual_watch_duration_reward_list":[530.4086239601,937.2368719498,1007.7191132601,811.7926088608,718.4120754074,410.0920314996,602.9764270742,1185.7130023434,917.8158854222,1353.1085372389,964.2411411924,1070.7513721015,1477.4212295655],"max_clicks_reward_list":[20.8674593194,20.8674593194,20.8674593194,20.8674593194,20.8674593194,20.8674593194,20.8674593194,20.8674593194,20.8674593194,20.8674593194,20.8674593194,20.8674593194,20.8674593194],"max_watch_duration_reward_list":[1286.2775933783,1286.2775933783,1286.2775933783,1286.2775933783,1286.2775933783,1286.2775933783,1286.2775933783,1286.2775933783,1286.2775933783,1286.2775933783,1286.2775933783,1286.2775933783,1286.2775933783]},"BucketSortingAgent":{"actual_clicks_reward_list":[22.0,22.0,26.0,16.0,17.0,17.0,15.0,26.0,33.0,15.0,26.0,24.0,23.0],"actual_watch_duration_reward_list":[904.0770568284,744.6141937295,1534.515543258,790.2880420255,903.0606058403,1148.0008381385,1030.5501343184,1017.0067247332,1595.1292145016,824.8083073977,1397.1407296403,1241.7004482034,1240.7403284704],"max_clicks_reward_list":[20.8674593194,20.8674593194,20.8674593194,20.8674593194,20.8674593194,20.8674593194,20.8674593194,20.8674593194,20.8674593194,20.8674593194,20.8674593194,20.8674593194,20.8674593194],"max_watch_duration_reward_list":[1286.2775933783,1286.2775933783,1286.2775933783,1286.2775933783,1286.2775933783,1286.2775933783,1286.2775933783,1286.2775933783,1286.2775933783,1286.2775933783,1286.2775933783,1286.2775933783,1286.2775933783]},"BucketSortingWatchTimeAgent":{"actual_clicks_reward_list":[19.0,20.0,21.0,14.0,10.0,25.0,16.0,26.0,12.0,13.0,17.0,19.0,19.0],"actual_watch_duration_reward_list":[816.3574296597,937.8245888676,1401.5459234782,636.3936385742,480.5002050055,1355.2753234835,766.5199062656,1633.2388536559,545.8293679849,728.0142821116,1267.4762485029,857.1712671253,1074.8619765245],"max_clicks_reward_list":[20.8674593194,20.8674593194,20.8674593194,20.8674593194,20.8674593194,20.8674593194,20.8674593194,20.8674593194,20.8674593194,20.8674593194,20.8674593194,20.8674593194,20.8674593194],"max_watch_duration_reward_list":[1286.2775933783,1286.2775933783,1286.2775933783,1286.2775933783,1286.2775933783,1286.2775933783,1286.2775933783,1286.2775933783,1286.2775933783,1286.2775933783,1286.2775933783,1286.2775933783,1286.2775933783]},"PairWiseModelAgent":{"actual_clicks_reward_list":[19.0,25.0,17.0,18.0,18.0,24.0,19.0,26.0,24.0,22.0,19.0,19.0,30.0],"actual_watch_duration_reward_list":[893.8091041634,1123.4163763093,675.093109511,1104.8088343002,928.5864723106,1428.1264676466,1098.4131359882,1635.7258353486,1251.7304232092,1133.8982523504,950.7609011611,803.0635420223,1348.8241388601],"max_clicks_reward_list":[20.8674593194,20.8674593194,20.8674593194,20.8674593194,20.8674593194,20.8674593194,20.8674593194,20.8674593194,20.8674593194,20.8674593194,20.8674593194,20.8674593194,20.8674593194],"max_watch_duration_reward_list":[1286.2775933783,1286.2775933783,1286.2775933783,1286.2775933783,1286.2775933783,1286.2775933783,1286.2775933783,1286.2775933783,1286.2775933783,1286.2775933783,1286.2775933783,1286.2775933783,1286.2775933783]},"WeightedPairWiseModelAgent":{"actual_clicks_reward_list":[20.0,29.0,16.0,23.0,21.0,18.0,23.0,11.0,21.0,29.0,25.0,19.0,22.0],"actual_watch_duration_reward_list":[1013.8940631917,911.618495507,1134.8636216976,1297.1223842707,1514.1452283591,1287.9689554016,1246.7511889223,367.209748029,1313.8092058814,1994.8931707008,1544.1334916314,1293.6908263945,1045.1517463253],"max_clicks_reward_list":[20.8674593194,20.8674593194,20.8674593194,20.8674593194,20.8674593194,20.8674593194,20.8674593194,20.8674593194,20.8674593194,20.8674593194,20.8674593194,20.8674593194,20.8674593194],"max_watch_duration_reward_list":[1286.2775933783,1286.2775933783,1286.2775933783,1286.2775933783,1286.2775933783,1286.2775933783,1286.2775933783,1286.2775933783,1286.2775933783,1286.2775933783,1286.2775933783,1286.2775933783,1286.2775933783]}}