{"TweedieModelAgent":{"actual_clicks_reward_list":[1976.0,2011.0,2050.0,1994.0,1969.0,2055.0,2023.0,2105.0,2170.0,2113.0,2070.0,2085.0,2083.0],"actual_watch_duration_reward_list":[129211.335135222,129621.7635092262,135278.7046511029,114377.8597777144,109297.2803052224,164507.6881607399,160666.6705325928,163184.3403844799,170312.202444121,167472.7046053935,161505.1981661279,166374.8454545538,165562.5694728275],"max_clicks_reward_list":[2604.6364533823,2604.6364533823,2604.6364533823,2604.6364533823,2604.6364533823,2604.6364533823,2604.6364533823,2604.6364533823,2604.6364533823,2604.6364533823,2604.6364533823,2604.6364533823,2604.6364533823],"max_watch_duration_reward_list":[217660.1140386688,217660.1140386688,217660.1140386688,217660.1140386688,217660.1140386688,217660.1140386688,217660.1140386688,217660.1140386688,217660.1140386688,217660.1140386688,217660.1140386688,217660.1140386688,217660.1140386688]},"RegressionModelAgent":{"actual_clicks_reward_list":[1978.0,1978.0,2069.0,2186.0,1905.0,1925.0,2169.0,2161.0,2118.0,2189.0,2003.0,2166.0,2123.0],"actual_watch_duration_reward_list":[129334.9208435141,132196.7009154735,135159.3960033172,144376.5832033235,120404.8412553961,107580.3465843101,119810.8497025733,155772.0899876185,154308.2266075403,161598.5491321721,154430.5391263739,162211.7067365068,169067.2919942249],"max_clicks_reward_list":[2604.6364533823,2604.6364533823,2604.6364533823,2604.6364533823,2604.6364533823,2604.6364533823,2604.6364533823,2604.6364533823,2604.6364533823,2604.6364533823,2604.6364533823,2604.6364533823,2604.6364533823],"max_watch_duration_reward_list":[217660.1140386688,217660.1140386688,217660.1140386688,217660.1140386688,217660.1140386688,217660.1140386688,217660.1140386688,217660.1140386688,217660.1140386688,217660.1140386688,217660.1140386688,217660.1140386688,217660.1140386688]},"WeightedPointWiseModelAgent":{"actual_clicks_reward_list":[2067.0,2022.0,2021.0,2170.0,2072.0,1921.0,2009.0,2084.0,2056.0,2002.0,2126.0,2114.0,2036.0],"actual_watch_duration_reward_list":[133004.9931426763,137157.248472614,134490.207485547,107185.9673290814,126896.6053782693,125798.8309948177,127496.2855787779,136759.4366414773,134576.0377696468,128448.3004043014,135186.5119112517,132249.1760732706,130895.6820275272],"max_clicks_reward_list":[2604.6364533823,2604.6364533823,2604.6364533823,2604.6364533823,2604.6364533823,2604.6364533823,2604.6364533823,2604.6364533823,2604.6364533823,2604.6364533823,2604.6364533823,2604.6364533823,2604.6364533823],"max_watch_duration_reward_list":[217660.1140386688,217660.1140386688,217660.1140386688,217660.1140386688,217660.1140386688,217660.1140386688,217660.1140386688,217660.1140386688,217660.1140386688,217660.1140386688,217660.1140386688,217660.1140386688,217660.1140386688]},"PointWiseModelAgent":{"actual_clicks_reward_list":[2080.0,2024.0,2034.0,1979.0,1963.0,2089.0,2159.0,2003.0,2023.0,1963.0,2224.0,2272.0,2342.0],"actual_watch_duration_reward_list":[141401.0899094419,140573.2476763254,132586.7588217604,93976.3623199627,130298.4870904184,112375.8625667325,141527.6606456979,91487.7878518974,150098.3924279507,115381.8617755887,139277.9708797823,149631.8019242577,155854.0688846812],"max_clicks_reward_list":[2604.6364533823,2604.6364533823,2604.6364533823,2604.6364533823,2604.6364533823,2604.6364533823,2604.6364533823,2604.6364533823,2604.6364533823,2604.6364533823,2604.6364533823,2604.6364533823,2604.6364533823],"max_watch_duration_reward_list":[217660.1140386688,217660.1140386688,217660.1140386688,217660.1140386688,217660.1140386688,217660.1140386688,217660.1140386688,217660.1140386688,217660.1140386688,217660.1140386688,217660.1140386688,217660.1140386688,217660.1140386688]}}