{"TweedieModelAgent":{"actual_clicks_reward_list":[27.0,12.0,22.0,11.0,15.0,24.0,22.0,12.0,19.0,21.0,19.0,15.0,18.0],"actual_watch_duration_reward_list":[1399.2462453728,376.7470431203,1247.9397185465,329.4022132345,779.9334388138,1513.0485508704,1453.4775521536,962.7179896223,1187.6102540287,1521.6151272312,1500.1353074867,1062.9652986799,1399.480378265],"max_clicks_reward_list":[21.6445812399,21.6445812399,21.6445812399,21.6445812399,21.6445812399,21.6445812399,21.6445812399,21.6445812399,21.6445812399,21.6445812399,21.6445812399,21.6445812399,21.6445812399],"max_watch_duration_reward_list":[1518.5972787047,1518.5972787047,1518.5972787047,1518.5972787047,1518.5972787047,1518.5972787047,1518.5972787047,1518.5972787047,1518.5972787047,1518.5972787047,1518.5972787047,1518.5972787047,1518.5972787047]},"RegressionModelAgent":{"actual_clicks_reward_list":[14.0,26.0,23.0,13.0,28.0,20.0,22.0,23.0,12.0,18.0,19.0,21.0,16.0],"actual_watch_duration_reward_list":[686.0032176791,1364.1576278319,1074.3885911793,1119.9382825106,2189.1284470588,1016.0781968067,1803.9888512517,1685.83178962,860.4820592034,1108.2272525472,1248.8693870176,1904.9481792037,1097.3465543483],"max_clicks_reward_list":[21.6445812399,21.6445812399,21.6445812399,21.6445812399,21.6445812399,21.6445812399,21.6445812399,21.6445812399,21.6445812399,21.6445812399,21.6445812399,21.6445812399,21.6445812399],"max_watch_duration_reward_list":[1518.5972787047,1518.5972787047,1518.5972787047,1518.5972787047,1518.5972787047,1518.5972787047,1518.5972787047,1518.5972787047,1518.5972787047,1518.5972787047,1518.5972787047,1518.5972787047,1518.5972787047]},"WeightedPointWiseModelAgent":{"actual_clicks_reward_list":[26.0,22.0,24.0,22.0,19.0,23.0,25.0,12.0,20.0,21.0,19.0,19.0,26.0],"actual_watch_duration_reward_list":[867.0928269796,1099.1430473033,764.867014159,1106.3580792181,638.0597183548,885.6001137404,919.6631905214,145.1509963952,1067.9922015598,937.03769653,1036.1124249129,816.2576638838,1112.6323435011],"max_clicks_reward_list":[21.6445812399,21.6445812399,21.6445812399,21.6445812399,21.6445812399,21.6445812399,21.6445812399,21.6445812399,21.6445812399,21.6445812399,21.6445812399,21.6445812399,21.6445812399],"max_watch_duration_reward_list":[1518.5972787047,1518.5972787047,1518.5972787047,1518.5972787047,1518.5972787047,1518.5972787047,1518.5972787047,1518.5972787047,1518.5972787047,1518.5972787047,1518.5972787047,1518.5972787047,1518.5972787047]},"PointWiseModelAgent":{"actual_clicks_reward_list":[25.0,16.0,15.0,21.0,19.0,15.0,16.0,19.0,21.0,20.0,25.0,21.0,18.0],"actual_watch_duration_reward_list":[996.8271928312,569.5541239711,764.9482075282,1330.2041913429,1204.084638433,1134.3933423472,975.8143670568,1031.9209436936,1068.5572210016,811.7136268685,1788.4549211364,1197.3255946789,914.6349151626],"max_clicks_reward_list":[21.6445812399,21.6445812399,21.6445812399,21.6445812399,21.6445812399,21.6445812399,21.6445812399,21.6445812399,21.6445812399,21.6445812399,21.6445812399,21.6445812399,21.6445812399],"max_watch_duration_reward_list":[1518.5972787047,1518.5972787047,1518.5972787047,1518.5972787047,1518.5972787047,1518.5972787047,1518.5972787047,1518.5972787047,1518.5972787047,1518.5972787047,1518.5972787047,1518.5972787047,1518.5972787047]}}