{"TweedieModelAgent":{"actual_clicks_reward_list":[19.0,14.0,20.0,17.0,18.0,24.0,22.0,31.0,23.0,16.0,20.0,20.0,15.0],"actual_watch_duration_reward_list":[923.4440291082,724.3301369892,774.5774316321,961.1956221438,665.8687905018,864.5690751439,733.2755694532,1591.7192649713,1169.6850815483,589.4340323701,894.3956174866,1161.4360805621,829.2669133888],"max_clicks_reward_list":[23.6910919887,23.6910919887,23.6910919887,23.6910919887,23.6910919887,23.6910919887,23.6910919887,23.6910919887,23.6910919887,23.6910919887,23.6910919887,23.6910919887,23.6910919887],"max_watch_duration_reward_list":[1703.9803846442,1703.9803846442,1703.9803846442,1703.9803846442,1703.9803846442,1703.9803846442,1703.9803846442,1703.9803846442,1703.9803846442,1703.9803846442,1703.9803846442,1703.9803846442,1703.9803846442]},"RegressionModelAgent":{"actual_clicks_reward_list":[33.0,19.0,17.0,18.0,19.0,19.0,27.0,11.0,18.0,24.0,25.0,28.0,19.0],"actual_watch_duration_reward_list":[1805.7958318085,882.6882845583,870.3329573917,889.0363256372,1163.0542192064,1014.958723365,1461.2925964756,639.7889775268,967.8923220468,1516.5222894159,1468.1654851155,2018.1390395677,1256.0517810014],"max_clicks_reward_list":[23.6910919887,23.6910919887,23.6910919887,23.6910919887,23.6910919887,23.6910919887,23.6910919887,23.6910919887,23.6910919887,23.6910919887,23.6910919887,23.6910919887,23.6910919887],"max_watch_duration_reward_list":[1703.9803846442,1703.9803846442,1703.9803846442,1703.9803846442,1703.9803846442,1703.9803846442,1703.9803846442,1703.9803846442,1703.9803846442,1703.9803846442,1703.9803846442,1703.9803846442,1703.9803846442]},"WeightedPointWiseModelAgent":{"actual_clicks_reward_list":[20.0,23.0,15.0,28.0,11.0,20.0,21.0,27.0,22.0,20.0,18.0,16.0,24.0],"actual_watch_duration_reward_list":[842.3737943463,1126.4877462309,659.1991459765,1809.285445713,952.8466324284,1238.5317405679,1434.9881527769,1995.2455286749,1174.7137205719,1508.0278640341,863.0698470592,1148.6977096154,1510.9048138057],"max_clicks_reward_list":[23.6910919887,23.6910919887,23.6910919887,23.6910919887,23.6910919887,23.6910919887,23.6910919887,23.6910919887,23.6910919887,23.6910919887,23.6910919887,23.6910919887,23.6910919887],"max_watch_duration_reward_list":[1703.9803846442,1703.9803846442,1703.9803846442,1703.9803846442,1703.9803846442,1703.9803846442,1703.9803846442,1703.9803846442,1703.9803846442,1703.9803846442,1703.9803846442,1703.9803846442,1703.9803846442]},"PointWiseModelAgent":{"actual_clicks_reward_list":[22.0,26.0,23.0,19.0,21.0,21.0,20.0,25.0,19.0,15.0,22.0,18.0,25.0],"actual_watch_duration_reward_list":[1139.0456165656,1477.5998297559,1152.6053342432,1000.1700356541,1157.1688543268,1228.8862568922,935.2906691127,1152.0689090595,980.9774236487,973.0994407896,1430.663298853,1091.2268614732,1514.1711727684],"max_clicks_reward_list":[23.6910919887,23.6910919887,23.6910919887,23.6910919887,23.6910919887,23.6910919887,23.6910919887,23.6910919887,23.6910919887,23.6910919887,23.6910919887,23.6910919887,23.6910919887],"max_watch_duration_reward_list":[1703.9803846442,1703.9803846442,1703.9803846442,1703.9803846442,1703.9803846442,1703.9803846442,1703.9803846442,1703.9803846442,1703.9803846442,1703.9803846442,1703.9803846442,1703.9803846442,1703.9803846442]}}