{"TweedieModelAgent":{"actual_clicks_reward_list":[16.0,19.0,18.0,21.0,19.0,18.0,16.0,18.0,21.0,20.0,19.0,24.0,18.0],"actual_watch_duration_reward_list":[1283.8510847882,1606.4320727647,1156.6672429004,1686.667626904,945.0568944066,766.1264960647,1467.5266340908,1829.8340748997,952.9064367509,1360.7642739236,826.1198585045,1264.0405314449,968.9042678873],"max_clicks_reward_list":[21.2375944704,21.2375944704,21.2375944704,21.2375944704,21.2375944704,21.2375944704,21.2375944704,21.2375944704,21.2375944704,21.2375944704,21.2375944704,21.2375944704,21.2375944704],"max_watch_duration_reward_list":[1447.9907680713,1447.9907680713,1447.9907680713,1447.9907680713,1447.9907680713,1447.9907680713,1447.9907680713,1447.9907680713,1447.9907680713,1447.9907680713,1447.9907680713,1447.9907680713,1447.9907680713]},"RegressionModelAgent":{"actual_clicks_reward_list":[17.0,20.0,22.0,16.0,20.0,9.0,21.0,22.0,11.0,20.0,17.0,15.0,19.0],"actual_watch_duration_reward_list":[1115.2831915803,1927.7320847518,1433.6016409479,1121.4813946128,1193.8437289716,504.3459993913,1150.5803349198,1723.6674100067,769.6006030473,1340.119162411,895.1597165487,616.8888545848,1683.967755706],"max_clicks_reward_list":[21.2375944704,21.2375944704,21.2375944704,21.2375944704,21.2375944704,21.2375944704,21.2375944704,21.2375944704,21.2375944704,21.2375944704,21.2375944704,21.2375944704,21.2375944704],"max_watch_duration_reward_list":[1447.9907680713,1447.9907680713,1447.9907680713,1447.9907680713,1447.9907680713,1447.9907680713,1447.9907680713,1447.9907680713,1447.9907680713,1447.9907680713,1447.9907680713,1447.9907680713,1447.9907680713]},"WeightedPointWiseModelAgent":{"actual_clicks_reward_list":[22.0,22.0,14.0,27.0,17.0,23.0,31.0,25.0,26.0,18.0,18.0,22.0,25.0],"actual_watch_duration_reward_list":[1365.3397568345,1572.3003416774,442.8458550694,1509.3895994617,993.1834863663,1679.9447300058,2091.4156193003,1671.4852948542,1783.6250410509,1233.6638493369,1418.2938383884,1745.2754194521,1858.793549309],"max_clicks_reward_list":[21.2375944704,21.2375944704,21.2375944704,21.2375944704,21.2375944704,21.2375944704,21.2375944704,21.2375944704,21.2375944704,21.2375944704,21.2375944704,21.2375944704,21.2375944704],"max_watch_duration_reward_list":[1447.9907680713,1447.9907680713,1447.9907680713,1447.9907680713,1447.9907680713,1447.9907680713,1447.9907680713,1447.9907680713,1447.9907680713,1447.9907680713,1447.9907680713,1447.9907680713,1447.9907680713]},"PointWiseModelAgent":{"actual_clicks_reward_list":[18.0,25.0,22.0,17.0,15.0,14.0,27.0,22.0,24.0,24.0,23.0,22.0,19.0],"actual_watch_duration_reward_list":[817.1840217868,1925.1186249853,1624.6254620398,643.0508826276,896.1521228832,997.491049082,1473.0560892216,1665.6475587605,1444.6356612135,1639.6188222529,1080.6598092295,1199.7072934563,1388.1739404543],"max_clicks_reward_list":[21.2375944704,21.2375944704,21.2375944704,21.2375944704,21.2375944704,21.2375944704,21.2375944704,21.2375944704,21.2375944704,21.2375944704,21.2375944704,21.2375944704,21.2375944704],"max_watch_duration_reward_list":[1447.9907680713,1447.9907680713,1447.9907680713,1447.9907680713,1447.9907680713,1447.9907680713,1447.9907680713,1447.9907680713,1447.9907680713,1447.9907680713,1447.9907680713,1447.9907680713,1447.9907680713]}}