{"TweedieModelAgent":{"actual_clicks_reward_list":[182.0,165.0,185.0,203.0,223.0,216.0,217.0,204.0,219.0,221.0,209.0,227.0,200.0],"actual_watch_duration_reward_list":[7634.3264115309,7693.8901648996,7955.1869543669,12384.1572783684,13629.2526682508,13040.7706422048,14183.7042838899,12941.4231357601,14908.5424781208,14057.5071132879,14229.2539270827,14889.2202316442,13085.7629421218],"max_clicks_reward_list":[236.458945015,236.458945015,236.458945015,236.458945015,236.458945015,236.458945015,236.458945015,236.458945015,236.458945015,236.458945015,236.458945015,236.458945015,236.458945015],"max_watch_duration_reward_list":[16553.9904892976,16553.9904892976,16553.9904892976,16553.9904892976,16553.9904892976,16553.9904892976,16553.9904892976,16553.9904892976,16553.9904892976,16553.9904892976,16553.9904892976,16553.9904892976,16553.9904892976]},"RegressionModelAgent":{"actual_clicks_reward_list":[216.0,167.0,159.0,183.0,189.0,203.0,209.0,226.0,213.0,186.0,220.0,203.0,218.0],"actual_watch_duration_reward_list":[10381.1906043871,7830.868536591,7964.0519035917,11973.7857490295,10578.007740526,10495.0012086297,13553.547754651,16384.81736046,15196.7730762661,11724.8300165247,14732.5613915455,13537.5265128898,14740.1302089396],"max_clicks_reward_list":[236.458945015,236.458945015,236.458945015,236.458945015,236.458945015,236.458945015,236.458945015,236.458945015,236.458945015,236.458945015,236.458945015,236.458945015,236.458945015],"max_watch_duration_reward_list":[16553.9904892976,16553.9904892976,16553.9904892976,16553.9904892976,16553.9904892976,16553.9904892976,16553.9904892976,16553.9904892976,16553.9904892976,16553.9904892976,16553.9904892976,16553.9904892976,16553.9904892976]},"WeightedPointWiseModelAgent":{"actual_clicks_reward_list":[170.0,169.0,204.0,177.0,184.0,200.0,183.0,231.0,211.0,211.0,187.0,200.0,194.0],"actual_watch_duration_reward_list":[7917.2232441338,8598.4983450259,9548.6404920052,8213.465925772,9219.2400185268,10447.116422469,7650.7626325374,10595.225355564,10597.1999609687,11335.4895739172,8291.5355060367,9727.7075566783,9743.7775017183],"max_clicks_reward_list":[236.458945015,236.458945015,236.458945015,236.458945015,236.458945015,236.458945015,236.458945015,236.458945015,236.458945015,236.458945015,236.458945015,236.458945015,236.458945015],"max_watch_duration_reward_list":[16553.9904892976,16553.9904892976,16553.9904892976,16553.9904892976,16553.9904892976,16553.9904892976,16553.9904892976,16553.9904892976,16553.9904892976,16553.9904892976,16553.9904892976,16553.9904892976,16553.9904892976]},"PointWiseModelAgent":{"actual_clicks_reward_list":[201.0,175.0,198.0,188.0,201.0,204.0,207.0,218.0,214.0,226.0,210.0,231.0,208.0],"actual_watch_duration_reward_list":[9104.4796720135,7184.8229086856,8567.6037030013,10338.3574593955,13458.0722302912,9609.307412843,9263.1380324155,9459.8030256304,9461.0843258864,9963.8939677583,8394.0086988512,10073.834340079,7941.4961668659],"max_clicks_reward_list":[236.458945015,236.458945015,236.458945015,236.458945015,236.458945015,236.458945015,236.458945015,236.458945015,236.458945015,236.458945015,236.458945015,236.458945015,236.458945015],"max_watch_duration_reward_list":[16553.9904892976,16553.9904892976,16553.9904892976,16553.9904892976,16553.9904892976,16553.9904892976,16553.9904892976,16553.9904892976,16553.9904892976,16553.9904892976,16553.9904892976,16553.9904892976,16553.9904892976]},"BanditAgent":{"actual_clicks_reward_list":[197.0,179.0,198.0,196.0,181.0,211.0,190.0,189.0,183.0,212.0,203.0,224.0,208.0],"actual_watch_duration_reward_list":[9157.5696060751,9072.1608401948,9775.499448767,9574.01027215,9825.9314910486,10440.0718525158,10227.1631160883,11258.9249490337,9843.3552502351,11542.8851578256,11354.7890297203,11216.2177677378,12078.3180286773],"max_clicks_reward_list":[236.458945015,236.458945015,236.458945015,236.458945015,236.458945015,236.458945015,236.458945015,236.458945015,236.458945015,236.458945015,236.458945015,236.458945015,236.458945015],"max_watch_duration_reward_list":[16553.9904892976,16553.9904892976,16553.9904892976,16553.9904892976,16553.9904892976,16553.9904892976,16553.9904892976,16553.9904892976,16553.9904892976,16553.9904892976,16553.9904892976,16553.9904892976,16553.9904892976]},"BucketSortingAgent":{"actual_clicks_reward_list":[188.0,176.0,183.0,214.0,214.0,213.0,229.0,207.0,239.0,175.0,221.0,195.0,214.0],"actual_watch_duration_reward_list":[9708.0807126032,8472.6385212027,9253.635139315,11671.7307466249,8966.579668544,10109.9222742691,11607.1195827994,12640.8368457623,14344.7300724817,11072.2867239107,12082.2546669664,11338.3330771796,10053.8596824823],"max_clicks_reward_list":[236.458945015,236.458945015,236.458945015,236.458945015,236.458945015,236.458945015,236.458945015,236.458945015,236.458945015,236.458945015,236.458945015,236.458945015,236.458945015],"max_watch_duration_reward_list":[16553.9904892976,16553.9904892976,16553.9904892976,16553.9904892976,16553.9904892976,16553.9904892976,16553.9904892976,16553.9904892976,16553.9904892976,16553.9904892976,16553.9904892976,16553.9904892976,16553.9904892976]},"BucketSortingWatchTimeAgent":{"actual_clicks_reward_list":[180.0,198.0,187.0,254.0,213.0,237.0,231.0,195.0,223.0,203.0,206.0,226.0,215.0],"actual_watch_duration_reward_list":[8377.8271227654,9403.1985221836,8312.2594561634,16611.6203504848,14140.9784021034,16315.162478567,15872.3322660474,13962.2834465771,15028.0968339834,15284.8326170227,13690.7198930384,14695.2555592254,14389.4900392522],"max_clicks_reward_list":[236.458945015,236.458945015,236.458945015,236.458945015,236.458945015,236.458945015,236.458945015,236.458945015,236.458945015,236.458945015,236.458945015,236.458945015,236.458945015],"max_watch_duration_reward_list":[16553.9904892976,16553.9904892976,16553.9904892976,16553.9904892976,16553.9904892976,16553.9904892976,16553.9904892976,16553.9904892976,16553.9904892976,16553.9904892976,16553.9904892976,16553.9904892976,16553.9904892976]},"PairWiseModelAgent":{"actual_clicks_reward_list":[182.0,199.0,179.0,180.0,224.0,210.0,211.0,222.0,214.0,241.0,223.0,218.0,206.0],"actual_watch_duration_reward_list":[9533.103706243,9784.9284965926,7835.5452073672,10176.581578268,11771.678809182,11236.9520701334,13030.0140377218,10915.3301236898,10726.767752301,11458.8447037517,11510.1657292302,10584.4337361888,9700.303458667],"max_clicks_reward_list":[236.458945015,236.458945015,236.458945015,236.458945015,236.458945015,236.458945015,236.458945015,236.458945015,236.458945015,236.458945015,236.458945015,236.458945015,236.458945015],"max_watch_duration_reward_list":[16553.9904892976,16553.9904892976,16553.9904892976,16553.9904892976,16553.9904892976,16553.9904892976,16553.9904892976,16553.9904892976,16553.9904892976,16553.9904892976,16553.9904892976,16553.9904892976,16553.9904892976]},"WeightedPairWiseModelAgent":{"actual_clicks_reward_list":[162.0,204.0,186.0,211.0,226.0,192.0,198.0,232.0,169.0,238.0,231.0,227.0,223.0],"actual_watch_duration_reward_list":[8761.5985332902,9727.4916800216,8693.1382954381,10242.0208321891,11983.9350657122,10314.8369399739,9481.8569304505,13153.4571533547,11982.3954160849,16028.2152078978,15155.0212179172,14276.9733204794,14897.134364049],"max_clicks_reward_list":[236.458945015,236.458945015,236.458945015,236.458945015,236.458945015,236.458945015,236.458945015,236.458945015,236.458945015,236.458945015,236.458945015,236.458945015,236.458945015],"max_watch_duration_reward_list":[16553.9904892976,16553.9904892976,16553.9904892976,16553.9904892976,16553.9904892976,16553.9904892976,16553.9904892976,16553.9904892976,16553.9904892976,16553.9904892976,16553.9904892976,16553.9904892976,16553.9904892976]}}