{"TweedieModelAgent":{"actual_clicks_reward_list":[16.0,21.0,22.0,19.0,17.0,19.0,28.0,20.0,18.0,30.0,19.0,18.0,20.0],"actual_watch_duration_reward_list":[941.7810414217,1129.9839204991,1852.3602615544,1285.254167125,1220.8124203524,1302.0010979495,1279.7388966412,2035.782727558,1401.5536588744,1976.5471253264,1310.9254956749,1026.0683459538,1174.3650617853],"max_clicks_reward_list":[21.5511133048,21.5511133048,21.5511133048,21.5511133048,21.5511133048,21.5511133048,21.5511133048,21.5511133048,21.5511133048,21.5511133048,21.5511133048,21.5511133048,21.5511133048],"max_watch_duration_reward_list":[1479.8872891568,1479.8872891568,1479.8872891568,1479.8872891568,1479.8872891568,1479.8872891568,1479.8872891568,1479.8872891568,1479.8872891568,1479.8872891568,1479.8872891568,1479.8872891568,1479.8872891568]},"WeightedPointWiseModelAgent":{"actual_clicks_reward_list":[15.0,20.0,20.0,20.0,25.0,25.0,17.0,20.0,22.0,22.0,10.0,26.0,20.0],"actual_watch_duration_reward_list":[895.0026021558,1109.1194625495,937.4871659029,1196.5840827912,1341.6085652178,1789.3374712301,1230.5823706394,1438.7264974698,1902.1967072219,1829.7756327103,792.6718259164,1457.664986062,992.339051314],"max_clicks_reward_list":[21.5511133048,21.5511133048,21.5511133048,21.5511133048,21.5511133048,21.5511133048,21.5511133048,21.5511133048,21.5511133048,21.5511133048,21.5511133048,21.5511133048,21.5511133048],"max_watch_duration_reward_list":[1479.8872891568,1479.8872891568,1479.8872891568,1479.8872891568,1479.8872891568,1479.8872891568,1479.8872891568,1479.8872891568,1479.8872891568,1479.8872891568,1479.8872891568,1479.8872891568,1479.8872891568]},"PointWiseModelAgent":{"actual_clicks_reward_list":[19.0,27.0,23.0,18.0,13.0,15.0,19.0,23.0,20.0,27.0,15.0,24.0,16.0],"actual_watch_duration_reward_list":[649.6135534036,1416.175489447,1181.0618129286,1130.0549823786,935.5925264259,806.5521940733,676.8251575227,1820.3326959486,617.043522434,1471.546012254,723.8301534791,1074.1760004889,851.9806351598],"max_clicks_reward_list":[21.5511133048,21.5511133048,21.5511133048,21.5511133048,21.5511133048,21.5511133048,21.5511133048,21.5511133048,21.5511133048,21.5511133048,21.5511133048,21.5511133048,21.5511133048],"max_watch_duration_reward_list":[1479.8872891568,1479.8872891568,1479.8872891568,1479.8872891568,1479.8872891568,1479.8872891568,1479.8872891568,1479.8872891568,1479.8872891568,1479.8872891568,1479.8872891568,1479.8872891568,1479.8872891568]},"BanditAgent":{"actual_clicks_reward_list":[20.0,17.0,17.0,21.0,17.0,24.0,17.0,19.0,27.0,20.0,15.0,14.0,15.0],"actual_watch_duration_reward_list":[1021.7355447634,1024.3023135636,774.9947382317,1384.8310831383,1025.3885808994,1741.1537464741,973.2939456479,1139.0270776867,1553.4995405642,971.5472532052,1143.7408123936,788.0698185665,926.3414649326],"max_clicks_reward_list":[21.5511133048,21.5511133048,21.5511133048,21.5511133048,21.5511133048,21.5511133048,21.5511133048,21.5511133048,21.5511133048,21.5511133048,21.5511133048,21.5511133048,21.5511133048],"max_watch_duration_reward_list":[1479.8872891568,1479.8872891568,1479.8872891568,1479.8872891568,1479.8872891568,1479.8872891568,1479.8872891568,1479.8872891568,1479.8872891568,1479.8872891568,1479.8872891568,1479.8872891568,1479.8872891568]},"BucketSortingAgent":{"actual_clicks_reward_list":[20.0,16.0,10.0,14.0,22.0,21.0,27.0,11.0,25.0,18.0,16.0,20.0,18.0],"actual_watch_duration_reward_list":[1045.1316547487,971.3455684935,782.8962425245,720.7285598308,1197.1997281922,895.4085332492,1349.1121234903,638.8728623249,1604.3381530986,580.828077307,882.4398918104,909.7577855218,867.760350442],"max_clicks_reward_list":[21.5511133048,21.5511133048,21.5511133048,21.5511133048,21.5511133048,21.5511133048,21.5511133048,21.5511133048,21.5511133048,21.5511133048,21.5511133048,21.5511133048,21.5511133048],"max_watch_duration_reward_list":[1479.8872891568,1479.8872891568,1479.8872891568,1479.8872891568,1479.8872891568,1479.8872891568,1479.8872891568,1479.8872891568,1479.8872891568,1479.8872891568,1479.8872891568,1479.8872891568,1479.8872891568]},"BucketSortingWatchTimeAgent":{"actual_clicks_reward_list":[12.0,22.0,9.0,26.0,14.0,19.0,18.0,19.0,12.0,15.0,15.0,27.0,15.0],"actual_watch_duration_reward_list":[528.0938976191,1102.8895587116,291.5888197151,1235.3570062226,949.8375568733,1398.1779431867,1097.7596887649,1503.4549552802,923.0636696352,1062.8489815601,945.0495334217,1695.3891637237,889.2500373535],"max_clicks_reward_list":[21.5511133048,21.5511133048,21.5511133048,21.5511133048,21.5511133048,21.5511133048,21.5511133048,21.5511133048,21.5511133048,21.5511133048,21.5511133048,21.5511133048,21.5511133048],"max_watch_duration_reward_list":[1479.8872891568,1479.8872891568,1479.8872891568,1479.8872891568,1479.8872891568,1479.8872891568,1479.8872891568,1479.8872891568,1479.8872891568,1479.8872891568,1479.8872891568,1479.8872891568,1479.8872891568]},"PairWiseModelAgent":{"actual_clicks_reward_list":[23.0,20.0,18.0,20.0,23.0,22.0,17.0,15.0,11.0,11.0,19.0,21.0,22.0],"actual_watch_duration_reward_list":[1142.3767196121,983.4376992951,1234.5290950209,1028.3406608521,1277.1540908413,1019.653076591,740.0478150502,426.9267232216,564.818765172,614.3192348727,803.0697325632,1210.6096574607,795.8711790519],"max_clicks_reward_list":[21.5511133048,21.5511133048,21.5511133048,21.5511133048,21.5511133048,21.5511133048,21.5511133048,21.5511133048,21.5511133048,21.5511133048,21.5511133048,21.5511133048,21.5511133048],"max_watch_duration_reward_list":[1479.8872891568,1479.8872891568,1479.8872891568,1479.8872891568,1479.8872891568,1479.8872891568,1479.8872891568,1479.8872891568,1479.8872891568,1479.8872891568,1479.8872891568,1479.8872891568,1479.8872891568]},"WeightedPairWiseModelAgent":{"actual_clicks_reward_list":[24.0,17.0,23.0,20.0,17.0,23.0,20.0,27.0,18.0,15.0,19.0,16.0,12.0],"actual_watch_duration_reward_list":[1854.9494135935,977.7117551063,1225.665894001,1050.5041616427,1145.6923543484,1710.2412784649,1498.4384478877,1895.0588188487,1249.2769509134,1271.1530833749,1609.7053422535,805.8698577088,643.1370349376],"max_clicks_reward_list":[21.5511133048,21.5511133048,21.5511133048,21.5511133048,21.5511133048,21.5511133048,21.5511133048,21.5511133048,21.5511133048,21.5511133048,21.5511133048,21.5511133048,21.5511133048],"max_watch_duration_reward_list":[1479.8872891568,1479.8872891568,1479.8872891568,1479.8872891568,1479.8872891568,1479.8872891568,1479.8872891568,1479.8872891568,1479.8872891568,1479.8872891568,1479.8872891568,1479.8872891568,1479.8872891568]}}