{"TweedieModelAgent":{"actual_clicks_reward_list":[186.0,217.0,177.0,208.0,226.0,212.0,213.0,233.0,206.0,189.0,235.0,221.0,221.0],"actual_watch_duration_reward_list":[10854.3125617919,11087.7267562684,9403.853302449,15309.3824475812,18157.4792543336,16649.932015675,16179.5113330343,19120.9944065079,17040.9203728665,17982.9839257192,18368.24698234,18933.7885097306,16793.5619454645],"max_clicks_reward_list":[245.2981474274,245.2981474274,245.2981474274,245.2981474274,245.2981474274,245.2981474274,245.2981474274,245.2981474274,245.2981474274,245.2981474274,245.2981474274,245.2981474274,245.2981474274],"max_watch_duration_reward_list":[21874.3871066184,21874.3871066184,21874.3871066184,21874.3871066184,21874.3871066184,21874.3871066184,21874.3871066184,21874.3871066184,21874.3871066184,21874.3871066184,21874.3871066184,21874.3871066184,21874.3871066184]},"RegressionModelAgent":{"actual_clicks_reward_list":[179.0,194.0,190.0,216.0,194.0,206.0,205.0,213.0,213.0,215.0,162.0,211.0,221.0],"actual_watch_duration_reward_list":[9500.3224628665,11267.9180594805,9891.7177901081,14194.9849787789,11493.8305967304,14439.9317632667,11585.2037889541,15417.9750895899,15841.8709127478,17599.5967041758,13996.7456019102,17747.9292335454,20312.3128952836],"max_clicks_reward_list":[245.2981474274,245.2981474274,245.2981474274,245.2981474274,245.2981474274,245.2981474274,245.2981474274,245.2981474274,245.2981474274,245.2981474274,245.2981474274,245.2981474274,245.2981474274],"max_watch_duration_reward_list":[21874.3871066184,21874.3871066184,21874.3871066184,21874.3871066184,21874.3871066184,21874.3871066184,21874.3871066184,21874.3871066184,21874.3871066184,21874.3871066184,21874.3871066184,21874.3871066184,21874.3871066184]},"WeightedPointWiseModelAgent":{"actual_clicks_reward_list":[188.0,195.0,165.0,191.0,183.0,180.0,201.0,170.0,196.0,179.0,169.0,180.0,168.0],"actual_watch_duration_reward_list":[9908.351056918,10509.4945711481,10279.0505311973,11102.775237357,11213.7052026313,10116.764957341,13601.8162150231,10944.4535157817,12700.8716868486,11037.6881513049,11559.3048807121,10834.7804544083,11210.398635254],"max_clicks_reward_list":[245.2981474274,245.2981474274,245.2981474274,245.2981474274,245.2981474274,245.2981474274,245.2981474274,245.2981474274,245.2981474274,245.2981474274,245.2981474274,245.2981474274,245.2981474274],"max_watch_duration_reward_list":[21874.3871066184,21874.3871066184,21874.3871066184,21874.3871066184,21874.3871066184,21874.3871066184,21874.3871066184,21874.3871066184,21874.3871066184,21874.3871066184,21874.3871066184,21874.3871066184,21874.3871066184]},"PointWiseModelAgent":{"actual_clicks_reward_list":[202.0,174.0,199.0,171.0,207.0,221.0,238.0,203.0,248.0,186.0,212.0,184.0,230.0],"actual_watch_duration_reward_list":[11087.7656932936,8930.4621923441,11867.7282358533,8875.8470262125,10948.3510384187,15450.6969050206,13321.0541917547,11413.4411514425,16183.4253916928,11483.0027751068,12112.7826648937,10989.3334379718,14097.3255211424],"max_clicks_reward_list":[245.2981474274,245.2981474274,245.2981474274,245.2981474274,245.2981474274,245.2981474274,245.2981474274,245.2981474274,245.2981474274,245.2981474274,245.2981474274,245.2981474274,245.2981474274],"max_watch_duration_reward_list":[21874.3871066184,21874.3871066184,21874.3871066184,21874.3871066184,21874.3871066184,21874.3871066184,21874.3871066184,21874.3871066184,21874.3871066184,21874.3871066184,21874.3871066184,21874.3871066184,21874.3871066184]}}