{"TweedieModelAgent":{"actual_clicks_reward_list":[178.0,163.0,185.0,219.0,215.0,229.0,220.0,222.0,231.0,230.0,250.0,229.0,216.0],"actual_watch_duration_reward_list":[7939.3970879183,7192.2656729484,8000.8415510122,13906.1618144454,13893.8094953153,13961.2010058275,14706.6753916838,13888.7849431757,15456.9023606097,14555.8034717697,16646.8379555471,15921.9406031479,14725.6092183986],"max_clicks_reward_list":[242.9922732268,242.9922732268,242.9922732268,242.9922732268,242.9922732268,242.9922732268,242.9922732268,242.9922732268,242.9922732268,242.9922732268,242.9922732268,242.9922732268,242.9922732268],"max_watch_duration_reward_list":[17686.5026586586,17686.5026586586,17686.5026586586,17686.5026586586,17686.5026586586,17686.5026586586,17686.5026586586,17686.5026586586,17686.5026586586,17686.5026586586,17686.5026586586,17686.5026586586,17686.5026586586]},"WeightedPointWiseModelAgent":{"actual_clicks_reward_list":[183.0,177.0,166.0,183.0,184.0,184.0,166.0,199.0,195.0,194.0,190.0,175.0,183.0],"actual_watch_duration_reward_list":[7473.6174526125,7124.2543011513,6648.892981767,8184.9918685899,8628.4628702327,8878.1529476336,8210.2196418546,9416.9401077814,9571.7320051438,10178.5306643436,8960.1288042115,8661.4268046038,9209.3373900142],"max_clicks_reward_list":[242.9922732268,242.9922732268,242.9922732268,242.9922732268,242.9922732268,242.9922732268,242.9922732268,242.9922732268,242.9922732268,242.9922732268,242.9922732268,242.9922732268,242.9922732268],"max_watch_duration_reward_list":[17686.5026586586,17686.5026586586,17686.5026586586,17686.5026586586,17686.5026586586,17686.5026586586,17686.5026586586,17686.5026586586,17686.5026586586,17686.5026586586,17686.5026586586,17686.5026586586,17686.5026586586]},"PointWiseModelAgent":{"actual_clicks_reward_list":[183.0,194.0,182.0,203.0,203.0,172.0,210.0,182.0,184.0,233.0,218.0,245.0,226.0],"actual_watch_duration_reward_list":[8364.0428709852,7692.1428198826,7615.8031515989,12838.8315587358,11660.0516398228,10624.4849102602,12008.590626715,11093.1286608546,10637.3349430964,14311.7454617724,13022.4160088466,14042.0513948772,13920.732865297],"max_clicks_reward_list":[242.9922732268,242.9922732268,242.9922732268,242.9922732268,242.9922732268,242.9922732268,242.9922732268,242.9922732268,242.9922732268,242.9922732268,242.9922732268,242.9922732268,242.9922732268],"max_watch_duration_reward_list":[17686.5026586586,17686.5026586586,17686.5026586586,17686.5026586586,17686.5026586586,17686.5026586586,17686.5026586586,17686.5026586586,17686.5026586586,17686.5026586586,17686.5026586586,17686.5026586586,17686.5026586586]},"BanditAgent":{"actual_clicks_reward_list":[193.0,191.0,197.0,191.0,201.0,190.0,187.0,195.0,169.0,220.0,215.0,185.0,193.0],"actual_watch_duration_reward_list":[8404.138810849,8154.0816033978,8482.9403284532,10919.471612774,10530.4516001828,10951.8036305353,10007.1912808599,9999.9489191307,10039.3591930324,12830.6832173259,12828.607562096,10809.3698109011,10730.5630239327],"max_clicks_reward_list":[242.9922732268,242.9922732268,242.9922732268,242.9922732268,242.9922732268,242.9922732268,242.9922732268,242.9922732268,242.9922732268,242.9922732268,242.9922732268,242.9922732268,242.9922732268],"max_watch_duration_reward_list":[17686.5026586586,17686.5026586586,17686.5026586586,17686.5026586586,17686.5026586586,17686.5026586586,17686.5026586586,17686.5026586586,17686.5026586586,17686.5026586586,17686.5026586586,17686.5026586586,17686.5026586586]},"BucketSortingAgent":{"actual_clicks_reward_list":[210.0,183.0,184.0,242.0,262.0,236.0,214.0,201.0,220.0,227.0,225.0,223.0,233.0],"actual_watch_duration_reward_list":[8990.1447970331,8370.2758620638,8184.9457094742,15375.4654424274,17403.7243763885,13902.5734197893,12273.74097628,13004.1251213381,13282.0724594782,15005.4526980982,13977.6581762829,13705.9992171052,14412.3537615283],"max_clicks_reward_list":[242.9922732268,242.9922732268,242.9922732268,242.9922732268,242.9922732268,242.9922732268,242.9922732268,242.9922732268,242.9922732268,242.9922732268,242.9922732268,242.9922732268,242.9922732268],"max_watch_duration_reward_list":[17686.5026586586,17686.5026586586,17686.5026586586,17686.5026586586,17686.5026586586,17686.5026586586,17686.5026586586,17686.5026586586,17686.5026586586,17686.5026586586,17686.5026586586,17686.5026586586,17686.5026586586]},"BucketSortingWatchTimeAgent":{"actual_clicks_reward_list":[187.0,178.0,190.0,227.0,224.0,212.0,226.0,234.0,232.0,223.0,241.0,223.0,238.0],"actual_watch_duration_reward_list":[7957.0890851602,7824.0046352599,8249.7446791755,13599.1036638962,14351.7471333377,13525.3192931849,13305.729903204,15377.279890435,15167.0094853838,13428.1090984894,16072.7244441141,13955.5561406215,14576.986069943],"max_clicks_reward_list":[242.9922732268,242.9922732268,242.9922732268,242.9922732268,242.9922732268,242.9922732268,242.9922732268,242.9922732268,242.9922732268,242.9922732268,242.9922732268,242.9922732268,242.9922732268],"max_watch_duration_reward_list":[17686.5026586586,17686.5026586586,17686.5026586586,17686.5026586586,17686.5026586586,17686.5026586586,17686.5026586586,17686.5026586586,17686.5026586586,17686.5026586586,17686.5026586586,17686.5026586586,17686.5026586586]},"PairWiseModelAgent":{"actual_clicks_reward_list":[164.0,168.0,188.0,193.0,229.0,242.0,239.0,198.0,192.0,217.0,207.0,176.0,203.0],"actual_watch_duration_reward_list":[6900.544722522,8061.7571639663,7928.4009698137,11599.1433335493,13601.4109276459,14533.3563209295,12697.5082612454,12015.603433825,10085.5804572863,12251.411433973,10680.6442396597,10041.5190318264,9733.3396222289],"max_clicks_reward_list":[242.9922732268,242.9922732268,242.9922732268,242.9922732268,242.9922732268,242.9922732268,242.9922732268,242.9922732268,242.9922732268,242.9922732268,242.9922732268,242.9922732268,242.9922732268],"max_watch_duration_reward_list":[17686.5026586586,17686.5026586586,17686.5026586586,17686.5026586586,17686.5026586586,17686.5026586586,17686.5026586586,17686.5026586586,17686.5026586586,17686.5026586586,17686.5026586586,17686.5026586586,17686.5026586586]},"WeightedPairWiseModelAgent":{"actual_clicks_reward_list":[185.0,177.0,181.0,195.0,214.0,184.0,223.0,165.0,179.0,188.0,173.0,187.0,209.0],"actual_watch_duration_reward_list":[7571.7778286066,7710.8030899847,6981.0446866225,10588.5325079889,12964.3230726365,8945.1530249928,11839.8774626007,9788.3345754582,9404.1073636442,10357.5175372717,9462.0959600032,11618.9114302418,13133.0006672249],"max_clicks_reward_list":[242.9922732268,242.9922732268,242.9922732268,242.9922732268,242.9922732268,242.9922732268,242.9922732268,242.9922732268,242.9922732268,242.9922732268,242.9922732268,242.9922732268,242.9922732268],"max_watch_duration_reward_list":[17686.5026586586,17686.5026586586,17686.5026586586,17686.5026586586,17686.5026586586,17686.5026586586,17686.5026586586,17686.5026586586,17686.5026586586,17686.5026586586,17686.5026586586,17686.5026586586,17686.5026586586]}}