{"TweedieModelAgent":{"actual_clicks_reward_list":[19.0,22.0,15.0,28.0,27.0,15.0,21.0,12.0,20.0,27.0,23.0,28.0,15.0],"actual_watch_duration_reward_list":[834.7131260613,1154.9508472884,671.5620783863,2253.0213810413,1736.0960424303,958.3083021177,966.1544888523,689.2578598062,1104.6028573292,1413.4881235115,1299.7994941774,1199.615721827,903.3646753304],"max_clicks_reward_list":[22.251763302,22.251763302,22.251763302,22.251763302,22.251763302,22.251763302,22.251763302,22.251763302,22.251763302,22.251763302,22.251763302,22.251763302,22.251763302],"max_watch_duration_reward_list":[1629.1718583066,1629.1718583066,1629.1718583066,1629.1718583066,1629.1718583066,1629.1718583066,1629.1718583066,1629.1718583066,1629.1718583066,1629.1718583066,1629.1718583066,1629.1718583066,1629.1718583066]},"WeightedPointWiseModelAgent":{"actual_clicks_reward_list":[19.0,23.0,32.0,25.0,14.0,20.0,18.0,22.0,22.0,24.0,24.0,23.0,25.0],"actual_watch_duration_reward_list":[1071.446529233,841.8120797288,912.7542592653,1092.5138369886,711.1208317107,1306.9870227394,902.3306915856,1129.8251779396,1518.4125248917,1582.390098439,1463.949069996,1656.0122283534,1949.3202860606],"max_clicks_reward_list":[22.251763302,22.251763302,22.251763302,22.251763302,22.251763302,22.251763302,22.251763302,22.251763302,22.251763302,22.251763302,22.251763302,22.251763302,22.251763302],"max_watch_duration_reward_list":[1629.1718583066,1629.1718583066,1629.1718583066,1629.1718583066,1629.1718583066,1629.1718583066,1629.1718583066,1629.1718583066,1629.1718583066,1629.1718583066,1629.1718583066,1629.1718583066,1629.1718583066]},"PointWiseModelAgent":{"actual_clicks_reward_list":[20.0,21.0,16.0,17.0,21.0,23.0,22.0,24.0,17.0,24.0,13.0,21.0,15.0],"actual_watch_duration_reward_list":[841.5698477517,955.7429886454,1078.2690626805,953.8931318095,869.171878853,1270.1642314989,1130.9292436609,988.2782530507,883.655348573,1122.7797021208,580.4242037837,982.7399573239,782.1248486702],"max_clicks_reward_list":[22.251763302,22.251763302,22.251763302,22.251763302,22.251763302,22.251763302,22.251763302,22.251763302,22.251763302,22.251763302,22.251763302,22.251763302,22.251763302],"max_watch_duration_reward_list":[1629.1718583066,1629.1718583066,1629.1718583066,1629.1718583066,1629.1718583066,1629.1718583066,1629.1718583066,1629.1718583066,1629.1718583066,1629.1718583066,1629.1718583066,1629.1718583066,1629.1718583066]},"BanditAgent":{"actual_clicks_reward_list":[15.0,24.0,14.0,17.0,16.0,19.0,20.0,18.0,25.0,20.0,17.0,25.0,14.0],"actual_watch_duration_reward_list":[670.9987588987,1152.5700812952,818.3017264696,952.2874412675,1026.9191839289,933.9303198491,1144.7890293989,1258.9148082029,1438.2508361118,1487.0828479221,845.0872822717,1364.1948802404,666.4205437736],"max_clicks_reward_list":[22.251763302,22.251763302,22.251763302,22.251763302,22.251763302,22.251763302,22.251763302,22.251763302,22.251763302,22.251763302,22.251763302,22.251763302,22.251763302],"max_watch_duration_reward_list":[1629.1718583066,1629.1718583066,1629.1718583066,1629.1718583066,1629.1718583066,1629.1718583066,1629.1718583066,1629.1718583066,1629.1718583066,1629.1718583066,1629.1718583066,1629.1718583066,1629.1718583066]},"BucketSortingAgent":{"actual_clicks_reward_list":[17.0,25.0,20.0,15.0,28.0,19.0,17.0,17.0,23.0,21.0,21.0,28.0,15.0],"actual_watch_duration_reward_list":[732.2794617049,1302.0342823359,1048.8769172417,844.1451481757,1274.9032744919,1324.8572867736,944.6136304904,917.5411369943,1561.754419981,1233.4283870379,959.8779980111,1212.1677395334,747.1904839048],"max_clicks_reward_list":[22.251763302,22.251763302,22.251763302,22.251763302,22.251763302,22.251763302,22.251763302,22.251763302,22.251763302,22.251763302,22.251763302,22.251763302,22.251763302],"max_watch_duration_reward_list":[1629.1718583066,1629.1718583066,1629.1718583066,1629.1718583066,1629.1718583066,1629.1718583066,1629.1718583066,1629.1718583066,1629.1718583066,1629.1718583066,1629.1718583066,1629.1718583066,1629.1718583066]},"BucketSortingWatchTimeAgent":{"actual_clicks_reward_list":[18.0,25.0,17.0,15.0,22.0,26.0,23.0,24.0,17.0,20.0,22.0,19.0,18.0],"actual_watch_duration_reward_list":[909.2098579129,1138.8401869368,714.0873839909,753.5688000327,1254.8741177505,1914.7754074415,1303.3226377654,2168.9818054961,1323.0111371587,1328.3676023426,1824.8486085454,1287.1151374701,1036.3108982339],"max_clicks_reward_list":[22.251763302,22.251763302,22.251763302,22.251763302,22.251763302,22.251763302,22.251763302,22.251763302,22.251763302,22.251763302,22.251763302,22.251763302,22.251763302],"max_watch_duration_reward_list":[1629.1718583066,1629.1718583066,1629.1718583066,1629.1718583066,1629.1718583066,1629.1718583066,1629.1718583066,1629.1718583066,1629.1718583066,1629.1718583066,1629.1718583066,1629.1718583066,1629.1718583066]},"PairWiseModelAgent":{"actual_clicks_reward_list":[28.0,9.0,24.0,17.0,27.0,20.0,23.0,20.0,21.0,8.0,20.0,19.0,21.0],"actual_watch_duration_reward_list":[1680.3637086243,407.2738226428,659.8360629153,1284.1258774711,1938.5449898998,1219.6609910286,1347.699136842,752.0510693929,1017.1092745829,258.6196430963,1240.8334182888,1025.9123253264,860.9113583891],"max_clicks_reward_list":[22.251763302,22.251763302,22.251763302,22.251763302,22.251763302,22.251763302,22.251763302,22.251763302,22.251763302,22.251763302,22.251763302,22.251763302,22.251763302],"max_watch_duration_reward_list":[1629.1718583066,1629.1718583066,1629.1718583066,1629.1718583066,1629.1718583066,1629.1718583066,1629.1718583066,1629.1718583066,1629.1718583066,1629.1718583066,1629.1718583066,1629.1718583066,1629.1718583066]},"WeightedPairWiseModelAgent":{"actual_clicks_reward_list":[28.0,27.0,19.0,18.0,15.0,23.0,23.0,14.0,22.0,14.0,22.0,20.0,22.0],"actual_watch_duration_reward_list":[1300.5918191529,1394.6645381025,1026.0613044236,820.2342211769,902.4625282837,1373.6653651378,1036.1263875691,841.023099719,1226.3785071734,668.1861512111,973.9598180765,1136.9086551714,867.0763739131],"max_clicks_reward_list":[22.251763302,22.251763302,22.251763302,22.251763302,22.251763302,22.251763302,22.251763302,22.251763302,22.251763302,22.251763302,22.251763302,22.251763302,22.251763302],"max_watch_duration_reward_list":[1629.1718583066,1629.1718583066,1629.1718583066,1629.1718583066,1629.1718583066,1629.1718583066,1629.1718583066,1629.1718583066,1629.1718583066,1629.1718583066,1629.1718583066,1629.1718583066,1629.1718583066]}}