{"TweedieModelAgent":{"actual_clicks_reward_list":[177.0,186.0,183.0,219.0,192.0,218.0,199.0,207.0,167.0,181.0,189.0,197.0,173.0],"actual_watch_duration_reward_list":[8792.8944750039,8461.521670808,9734.8204536662,12282.4939140029,12121.225454685,12119.5784744343,12838.3002588369,13392.8218578568,12069.4423090175,13039.5470741621,12164.024738845,12200.9482599168,13047.0866426031],"max_clicks_reward_list":[243.9230145335,243.9230145335,243.9230145335,243.9230145335,243.9230145335,243.9230145335,243.9230145335,243.9230145335,243.9230145335,243.9230145335,243.9230145335,243.9230145335,243.9230145335],"max_watch_duration_reward_list":[16879.9505240681,16879.9505240681,16879.9505240681,16879.9505240681,16879.9505240681,16879.9505240681,16879.9505240681,16879.9505240681,16879.9505240681,16879.9505240681,16879.9505240681,16879.9505240681,16879.9505240681]},"WeightedPointWiseModelAgent":{"actual_clicks_reward_list":[204.0,195.0,192.0,186.0,169.0,168.0,198.0,179.0,168.0,204.0,188.0,181.0,176.0],"actual_watch_duration_reward_list":[9708.7081305247,9019.1758670904,9258.9559623812,9048.9062056819,8535.5576829504,9175.8167010263,10555.5823214907,7938.353143975,7783.7054484197,10178.7445563698,9477.4821801932,9378.1159936527,8687.2841107121],"max_clicks_reward_list":[243.9230145335,243.9230145335,243.9230145335,243.9230145335,243.9230145335,243.9230145335,243.9230145335,243.9230145335,243.9230145335,243.9230145335,243.9230145335,243.9230145335,243.9230145335],"max_watch_duration_reward_list":[16879.9505240681,16879.9505240681,16879.9505240681,16879.9505240681,16879.9505240681,16879.9505240681,16879.9505240681,16879.9505240681,16879.9505240681,16879.9505240681,16879.9505240681,16879.9505240681,16879.9505240681]},"PointWiseModelAgent":{"actual_clicks_reward_list":[219.0,217.0,174.0,205.0,200.0,233.0,197.0,230.0,233.0,239.0,236.0,222.0,235.0],"actual_watch_duration_reward_list":[12084.9507620358,10459.1604596351,9456.5164571423,9382.080817882,8486.1831799812,12977.2622220059,13145.0546068795,12698.0132905565,12436.5633584334,11537.4398110317,12828.0406110772,11093.1318757709,12595.4809930756],"max_clicks_reward_list":[243.9230145335,243.9230145335,243.9230145335,243.9230145335,243.9230145335,243.9230145335,243.9230145335,243.9230145335,243.9230145335,243.9230145335,243.9230145335,243.9230145335,243.9230145335],"max_watch_duration_reward_list":[16879.9505240681,16879.9505240681,16879.9505240681,16879.9505240681,16879.9505240681,16879.9505240681,16879.9505240681,16879.9505240681,16879.9505240681,16879.9505240681,16879.9505240681,16879.9505240681,16879.9505240681]},"BanditAgent":{"actual_clicks_reward_list":[191.0,181.0,196.0,191.0,191.0,221.0,205.0,224.0,207.0,212.0,189.0,209.0,190.0],"actual_watch_duration_reward_list":[8179.7858144378,9603.4843735319,9617.1272191722,9555.1862217946,9354.7318546544,13445.6884495242,11366.0747082952,12070.305058564,11100.0353075186,10183.5532808513,9284.8755137166,11877.6243426402,11465.0349116126],"max_clicks_reward_list":[243.9230145335,243.9230145335,243.9230145335,243.9230145335,243.9230145335,243.9230145335,243.9230145335,243.9230145335,243.9230145335,243.9230145335,243.9230145335,243.9230145335,243.9230145335],"max_watch_duration_reward_list":[16879.9505240681,16879.9505240681,16879.9505240681,16879.9505240681,16879.9505240681,16879.9505240681,16879.9505240681,16879.9505240681,16879.9505240681,16879.9505240681,16879.9505240681,16879.9505240681,16879.9505240681]},"BucketSortingAgent":{"actual_clicks_reward_list":[196.0,189.0,185.0,230.0,225.0,233.0,207.0,215.0,213.0,242.0,238.0,237.0,246.0],"actual_watch_duration_reward_list":[10514.3053476209,9992.7785038127,8745.7680046494,12335.6900479634,11502.2085618311,11562.7864659811,11704.9378409146,12603.6827280907,11640.6640483464,12861.7900981142,12541.1204029343,12583.6069289281,12595.2297215567],"max_clicks_reward_list":[243.9230145335,243.9230145335,243.9230145335,243.9230145335,243.9230145335,243.9230145335,243.9230145335,243.9230145335,243.9230145335,243.9230145335,243.9230145335,243.9230145335,243.9230145335],"max_watch_duration_reward_list":[16879.9505240681,16879.9505240681,16879.9505240681,16879.9505240681,16879.9505240681,16879.9505240681,16879.9505240681,16879.9505240681,16879.9505240681,16879.9505240681,16879.9505240681,16879.9505240681,16879.9505240681]},"BucketSortingWatchTimeAgent":{"actual_clicks_reward_list":[197.0,181.0,182.0,232.0,219.0,201.0,247.0,274.0,239.0,255.0,261.0,242.0,206.0],"actual_watch_duration_reward_list":[9460.4484526132,9990.3446965634,9447.4683317468,12481.3066995057,10761.7276324348,10514.2910934533,14291.1024818019,16147.095608448,13701.5012403844,15292.4660480966,16035.6205073319,14245.4084963126,12436.4851925992],"max_clicks_reward_list":[243.9230145335,243.9230145335,243.9230145335,243.9230145335,243.9230145335,243.9230145335,243.9230145335,243.9230145335,243.9230145335,243.9230145335,243.9230145335,243.9230145335,243.9230145335],"max_watch_duration_reward_list":[16879.9505240681,16879.9505240681,16879.9505240681,16879.9505240681,16879.9505240681,16879.9505240681,16879.9505240681,16879.9505240681,16879.9505240681,16879.9505240681,16879.9505240681,16879.9505240681,16879.9505240681]},"PairWiseModelAgent":{"actual_clicks_reward_list":[178.0,210.0,196.0,218.0,237.0,213.0,211.0,257.0,234.0,228.0,215.0,240.0,219.0],"actual_watch_duration_reward_list":[8712.7353744225,10300.1097512189,9979.4034982951,10314.8333612922,12837.1849264124,10598.8914737367,12369.6205733411,13626.2765427808,11198.8578505515,9216.9008784467,9173.0269004506,9190.0708583766,10988.9024821436],"max_clicks_reward_list":[243.9230145335,243.9230145335,243.9230145335,243.9230145335,243.9230145335,243.9230145335,243.9230145335,243.9230145335,243.9230145335,243.9230145335,243.9230145335,243.9230145335,243.9230145335],"max_watch_duration_reward_list":[16879.9505240681,16879.9505240681,16879.9505240681,16879.9505240681,16879.9505240681,16879.9505240681,16879.9505240681,16879.9505240681,16879.9505240681,16879.9505240681,16879.9505240681,16879.9505240681,16879.9505240681]},"WeightedPairWiseModelAgent":{"actual_clicks_reward_list":[220.0,190.0,191.0,238.0,209.0,215.0,182.0,219.0,187.0,213.0,209.0,219.0,184.0],"actual_watch_duration_reward_list":[10835.032787383,8909.1553862198,9614.1177841808,14900.7266382453,10722.4179839416,13740.4817076537,10646.8172398076,15051.473163103,12127.7725467617,13762.6684861785,12419.8123896385,13986.8962709076,11605.04563558],"max_clicks_reward_list":[243.9230145335,243.9230145335,243.9230145335,243.9230145335,243.9230145335,243.9230145335,243.9230145335,243.9230145335,243.9230145335,243.9230145335,243.9230145335,243.9230145335,243.9230145335],"max_watch_duration_reward_list":[16879.9505240681,16879.9505240681,16879.9505240681,16879.9505240681,16879.9505240681,16879.9505240681,16879.9505240681,16879.9505240681,16879.9505240681,16879.9505240681,16879.9505240681,16879.9505240681,16879.9505240681]}}