{"TweedieModelAgent":{"actual_clicks_reward_list":[174.0,170.0,188.0,227.0,221.0,207.0,228.0,226.0,201.0,227.0,221.0,220.0,223.0],"actual_watch_duration_reward_list":[9207.9765996204,9103.2570730388,10952.8594362182,14919.7812794574,13161.6941980148,10969.1336504575,16618.1617061563,15930.010453024,13980.4306130641,16058.1880618788,15843.4593173531,16478.0594696297,16227.2930940604],"max_clicks_reward_list":[251.340982509,251.340982509,251.340982509,251.340982509,251.340982509,251.340982509,251.340982509,251.340982509,251.340982509,251.340982509,251.340982509,251.340982509,251.340982509],"max_watch_duration_reward_list":[20139.3020542866,20139.3020542866,20139.3020542866,20139.3020542866,20139.3020542866,20139.3020542866,20139.3020542866,20139.3020542866,20139.3020542866,20139.3020542866,20139.3020542866,20139.3020542866,20139.3020542866]},"WeightedPointWiseModelAgent":{"actual_clicks_reward_list":[191.0,207.0,166.0,200.0,210.0,196.0,223.0,216.0,247.0,212.0,235.0,224.0,206.0],"actual_watch_duration_reward_list":[10229.8532834861,10712.5278038197,9436.1664227009,11818.2749589437,11414.3660643381,10346.8339638905,12746.6350502562,11481.0159598129,14274.2122725605,13368.3379002217,13999.8279923442,13452.4901764966,14065.9554902095],"max_clicks_reward_list":[251.340982509,251.340982509,251.340982509,251.340982509,251.340982509,251.340982509,251.340982509,251.340982509,251.340982509,251.340982509,251.340982509,251.340982509,251.340982509],"max_watch_duration_reward_list":[20139.3020542866,20139.3020542866,20139.3020542866,20139.3020542866,20139.3020542866,20139.3020542866,20139.3020542866,20139.3020542866,20139.3020542866,20139.3020542866,20139.3020542866,20139.3020542866,20139.3020542866]},"PointWiseModelAgent":{"actual_clicks_reward_list":[178.0,177.0,173.0,203.0,207.0,207.0,234.0,235.0,264.0,214.0,175.0,202.0,240.0],"actual_watch_duration_reward_list":[9819.3860610355,10972.0792502113,9191.0311054002,11084.2347855152,12858.9308697118,12543.0166469379,12333.6136763982,12640.6013471748,12674.5107397158,10478.1471395855,9181.7733837755,12065.0914220227,15623.157590965],"max_clicks_reward_list":[251.340982509,251.340982509,251.340982509,251.340982509,251.340982509,251.340982509,251.340982509,251.340982509,251.340982509,251.340982509,251.340982509,251.340982509,251.340982509],"max_watch_duration_reward_list":[20139.3020542866,20139.3020542866,20139.3020542866,20139.3020542866,20139.3020542866,20139.3020542866,20139.3020542866,20139.3020542866,20139.3020542866,20139.3020542866,20139.3020542866,20139.3020542866,20139.3020542866]},"BanditAgent":{"actual_clicks_reward_list":[211.0,201.0,196.0,203.0,207.0,184.0,228.0,207.0,190.0,207.0,207.0,218.0,207.0],"actual_watch_duration_reward_list":[11223.4036628366,12124.3803667762,10788.36230803,11799.6226583717,13070.9332406408,10183.173235484,13558.2197717695,13317.9387734258,10567.6042540827,12003.3202262574,11888.6311286551,11327.2482467483,12200.705974095],"max_clicks_reward_list":[251.340982509,251.340982509,251.340982509,251.340982509,251.340982509,251.340982509,251.340982509,251.340982509,251.340982509,251.340982509,251.340982509,251.340982509,251.340982509],"max_watch_duration_reward_list":[20139.3020542866,20139.3020542866,20139.3020542866,20139.3020542866,20139.3020542866,20139.3020542866,20139.3020542866,20139.3020542866,20139.3020542866,20139.3020542866,20139.3020542866,20139.3020542866,20139.3020542866]},"BucketSortingAgent":{"actual_clicks_reward_list":[183.0,174.0,189.0,248.0,209.0,229.0,233.0,245.0,251.0,232.0,244.0,249.0,243.0],"actual_watch_duration_reward_list":[10962.4584477235,8498.9074806708,10084.717274201,17231.9596697099,13136.7830412627,14344.4595280142,15557.9963406714,16559.845817496,16124.8968482715,13596.934717004,14500.7041876395,14191.7075041045,16235.7917361084],"max_clicks_reward_list":[251.340982509,251.340982509,251.340982509,251.340982509,251.340982509,251.340982509,251.340982509,251.340982509,251.340982509,251.340982509,251.340982509,251.340982509,251.340982509],"max_watch_duration_reward_list":[20139.3020542866,20139.3020542866,20139.3020542866,20139.3020542866,20139.3020542866,20139.3020542866,20139.3020542866,20139.3020542866,20139.3020542866,20139.3020542866,20139.3020542866,20139.3020542866,20139.3020542866]},"BucketSortingWatchTimeAgent":{"actual_clicks_reward_list":[206.0,173.0,197.0,255.0,250.0,223.0,218.0,221.0,223.0,217.0,237.0,247.0,226.0],"actual_watch_duration_reward_list":[11244.8133198295,9492.8222101117,12005.3248382189,17955.2068410444,17709.4499424867,15781.0928595747,13470.2731957119,15032.0632196521,14996.9349199292,15597.1346236406,15446.9758333628,16714.3148620204,15697.7078201548],"max_clicks_reward_list":[251.340982509,251.340982509,251.340982509,251.340982509,251.340982509,251.340982509,251.340982509,251.340982509,251.340982509,251.340982509,251.340982509,251.340982509,251.340982509],"max_watch_duration_reward_list":[20139.3020542866,20139.3020542866,20139.3020542866,20139.3020542866,20139.3020542866,20139.3020542866,20139.3020542866,20139.3020542866,20139.3020542866,20139.3020542866,20139.3020542866,20139.3020542866,20139.3020542866]},"PairWiseModelAgent":{"actual_clicks_reward_list":[200.0,154.0,192.0,232.0,226.0,195.0,198.0,229.0,215.0,214.0,220.0,240.0,199.0],"actual_watch_duration_reward_list":[9039.4044588474,8752.2896998603,9914.8510637883,15360.4679024444,10604.8790377584,9206.0343176711,8178.3627873074,9283.6538860275,9308.5308416163,9721.1061125866,10724.4707189449,12180.369841942,10248.5529308147],"max_clicks_reward_list":[251.340982509,251.340982509,251.340982509,251.340982509,251.340982509,251.340982509,251.340982509,251.340982509,251.340982509,251.340982509,251.340982509,251.340982509,251.340982509],"max_watch_duration_reward_list":[20139.3020542866,20139.3020542866,20139.3020542866,20139.3020542866,20139.3020542866,20139.3020542866,20139.3020542866,20139.3020542866,20139.3020542866,20139.3020542866,20139.3020542866,20139.3020542866,20139.3020542866]},"WeightedPairWiseModelAgent":{"actual_clicks_reward_list":[193.0,211.0,208.0,226.0,192.0,194.0,194.0,179.0,201.0,199.0,195.0,194.0,192.0],"actual_watch_duration_reward_list":[11255.215711467,11065.3656977551,11970.6855129628,13030.5160703455,12951.7981003993,14112.976093688,12960.4741327847,15380.7848975098,11458.4632629857,15224.7468270379,14392.7438728823,15522.2784255839,14397.0159070614],"max_clicks_reward_list":[251.340982509,251.340982509,251.340982509,251.340982509,251.340982509,251.340982509,251.340982509,251.340982509,251.340982509,251.340982509,251.340982509,251.340982509,251.340982509],"max_watch_duration_reward_list":[20139.3020542866,20139.3020542866,20139.3020542866,20139.3020542866,20139.3020542866,20139.3020542866,20139.3020542866,20139.3020542866,20139.3020542866,20139.3020542866,20139.3020542866,20139.3020542866,20139.3020542866]}}