{"TweedieModelAgent":{"actual_clicks_reward_list":[24.0,19.0,16.0,23.0,19.0,17.0,18.0,20.0,22.0,14.0,16.0,21.0,13.0],"actual_watch_duration_reward_list":[1413.3498296636,780.3323492461,755.4619456007,1127.3946678699,1115.989094485,928.9132248928,1184.413121203,1584.8341750919,1692.889792557,964.7080694117,1316.9709375249,1138.9293916781,850.6982092008],"max_clicks_reward_list":[23.2826964597,23.2826964597,23.2826964597,23.2826964597,23.2826964597,23.2826964597,23.2826964597,23.2826964597,23.2826964597,23.2826964597,23.2826964597,23.2826964597,23.2826964597],"max_watch_duration_reward_list":[1530.6986127933,1530.6986127933,1530.6986127933,1530.6986127933,1530.6986127933,1530.6986127933,1530.6986127933,1530.6986127933,1530.6986127933,1530.6986127933,1530.6986127933,1530.6986127933,1530.6986127933]},"WeightedPointWiseModelAgent":{"actual_clicks_reward_list":[32.0,24.0,18.0,28.0,16.0,21.0,21.0,24.0,13.0,31.0,22.0,25.0,26.0],"actual_watch_duration_reward_list":[2076.3366574175,1017.9010346175,1057.8202926232,2167.6872593193,886.2337878201,1022.6752586645,1451.7068813675,1825.6822904302,1031.2401923506,2261.5247303357,1430.7956572576,1578.6402125331,1460.9167006292],"max_clicks_reward_list":[23.2826964597,23.2826964597,23.2826964597,23.2826964597,23.2826964597,23.2826964597,23.2826964597,23.2826964597,23.2826964597,23.2826964597,23.2826964597,23.2826964597,23.2826964597],"max_watch_duration_reward_list":[1530.6986127933,1530.6986127933,1530.6986127933,1530.6986127933,1530.6986127933,1530.6986127933,1530.6986127933,1530.6986127933,1530.6986127933,1530.6986127933,1530.6986127933,1530.6986127933,1530.6986127933]},"PointWiseModelAgent":{"actual_clicks_reward_list":[31.0,24.0,17.0,22.0,25.0,20.0,21.0,18.0,22.0,22.0,23.0,24.0,16.0],"actual_watch_duration_reward_list":[1928.3628167896,1736.1497680068,1194.8950640598,1109.5568078917,856.3327375867,662.2622723274,1186.7473480307,669.5002646606,935.8544385694,1085.7164447832,1031.7851373017,1427.5628109415,888.9532276012],"max_clicks_reward_list":[23.2826964597,23.2826964597,23.2826964597,23.2826964597,23.2826964597,23.2826964597,23.2826964597,23.2826964597,23.2826964597,23.2826964597,23.2826964597,23.2826964597,23.2826964597],"max_watch_duration_reward_list":[1530.6986127933,1530.6986127933,1530.6986127933,1530.6986127933,1530.6986127933,1530.6986127933,1530.6986127933,1530.6986127933,1530.6986127933,1530.6986127933,1530.6986127933,1530.6986127933,1530.6986127933]},"BanditAgent":{"actual_clicks_reward_list":[23.0,22.0,19.0,23.0,26.0,24.0,29.0,21.0,28.0,19.0,23.0,17.0,24.0],"actual_watch_duration_reward_list":[1061.9713065244,1397.983323746,1247.9376536564,798.7972198275,1219.1275939795,1889.3942017305,1806.7519855296,1061.829084695,1317.0973246563,886.7611431903,1244.3604155537,1109.8549654622,1144.6826263975],"max_clicks_reward_list":[23.2826964597,23.2826964597,23.2826964597,23.2826964597,23.2826964597,23.2826964597,23.2826964597,23.2826964597,23.2826964597,23.2826964597,23.2826964597,23.2826964597,23.2826964597],"max_watch_duration_reward_list":[1530.6986127933,1530.6986127933,1530.6986127933,1530.6986127933,1530.6986127933,1530.6986127933,1530.6986127933,1530.6986127933,1530.6986127933,1530.6986127933,1530.6986127933,1530.6986127933,1530.6986127933]},"BucketSortingAgent":{"actual_clicks_reward_list":[31.0,33.0,22.0,23.0,20.0,18.0,21.0,29.0,22.0,29.0,15.0,22.0,28.0],"actual_watch_duration_reward_list":[1906.5687777974,1996.857537367,1361.5157301363,1404.2948714593,1084.6219408883,1485.0361454319,1148.9249132769,2284.2419294237,1458.2415992819,1687.2636928486,677.3783320373,1218.4341629988,1543.8742865004],"max_clicks_reward_list":[23.2826964597,23.2826964597,23.2826964597,23.2826964597,23.2826964597,23.2826964597,23.2826964597,23.2826964597,23.2826964597,23.2826964597,23.2826964597,23.2826964597,23.2826964597],"max_watch_duration_reward_list":[1530.6986127933,1530.6986127933,1530.6986127933,1530.6986127933,1530.6986127933,1530.6986127933,1530.6986127933,1530.6986127933,1530.6986127933,1530.6986127933,1530.6986127933,1530.6986127933,1530.6986127933]},"BucketSortingWatchTimeAgent":{"actual_clicks_reward_list":[19.0,17.0,18.0,18.0,23.0,30.0,27.0,31.0,17.0,21.0,19.0,24.0,19.0],"actual_watch_duration_reward_list":[1230.3360853863,787.2181859785,774.5292424948,1008.4746122462,1087.1238911842,1887.7705239059,1763.5004799465,1481.5039493138,647.6676660939,1426.1684038879,818.2427119896,1612.4320929163,1112.1534004999],"max_clicks_reward_list":[23.2826964597,23.2826964597,23.2826964597,23.2826964597,23.2826964597,23.2826964597,23.2826964597,23.2826964597,23.2826964597,23.2826964597,23.2826964597,23.2826964597,23.2826964597],"max_watch_duration_reward_list":[1530.6986127933,1530.6986127933,1530.6986127933,1530.6986127933,1530.6986127933,1530.6986127933,1530.6986127933,1530.6986127933,1530.6986127933,1530.6986127933,1530.6986127933,1530.6986127933,1530.6986127933]},"PairWiseModelAgent":{"actual_clicks_reward_list":[27.0,32.0,23.0,17.0,11.0,24.0,19.0,19.0,21.0,18.0,18.0,19.0,22.0],"actual_watch_duration_reward_list":[1611.720230838,2013.3650370811,1137.1270225248,491.9493684296,506.290738975,1020.720783567,956.7643080291,666.4889722257,824.6746054027,643.9784702913,829.6513857428,1022.5890494581,1173.8619835961],"max_clicks_reward_list":[23.2826964597,23.2826964597,23.2826964597,23.2826964597,23.2826964597,23.2826964597,23.2826964597,23.2826964597,23.2826964597,23.2826964597,23.2826964597,23.2826964597,23.2826964597],"max_watch_duration_reward_list":[1530.6986127933,1530.6986127933,1530.6986127933,1530.6986127933,1530.6986127933,1530.6986127933,1530.6986127933,1530.6986127933,1530.6986127933,1530.6986127933,1530.6986127933,1530.6986127933,1530.6986127933]},"WeightedPairWiseModelAgent":{"actual_clicks_reward_list":[18.0,17.0,22.0,20.0,26.0,27.0,21.0,17.0,21.0,12.0,19.0,25.0,25.0],"actual_watch_duration_reward_list":[870.6992390273,1020.0583290091,1148.7726321038,1065.0146990843,1489.795510561,1385.651562541,1324.8812974063,1280.5467210647,1180.663252469,790.131678656,1108.9892437637,1337.0652241693,1178.4260124596],"max_clicks_reward_list":[23.2826964597,23.2826964597,23.2826964597,23.2826964597,23.2826964597,23.2826964597,23.2826964597,23.2826964597,23.2826964597,23.2826964597,23.2826964597,23.2826964597,23.2826964597],"max_watch_duration_reward_list":[1530.6986127933,1530.6986127933,1530.6986127933,1530.6986127933,1530.6986127933,1530.6986127933,1530.6986127933,1530.6986127933,1530.6986127933,1530.6986127933,1530.6986127933,1530.6986127933,1530.6986127933]}}