{"TweedieModelAgent":{"actual_clicks_reward_list":[2069.0,2021.0,2095.0,1647.0,1800.0,2025.0,1926.0,1979.0,1886.0,2034.0,1955.0,1965.0,1865.0],"actual_watch_duration_reward_list":[117077.5849358441,113542.3672513152,119522.7756897014,108847.6163264443,119972.1081397035,146307.4791148208,160816.6888348817,164100.1412184738,165956.1422995703,172194.6228099639,160968.138774901,161450.4777499636,153661.0362225249],"max_clicks_reward_list":[2545.4581018522,2545.4581018522,2545.4581018522,2545.4581018522,2545.4581018522,2545.4581018522,2545.4581018522,2545.4581018522,2545.4581018522,2545.4581018522,2545.4581018522,2545.4581018522,2545.4581018522],"max_watch_duration_reward_list":[228841.2473470129,228841.2473470129,228841.2473470129,228841.2473470129,228841.2473470129,228841.2473470129,228841.2473470129,228841.2473470129,228841.2473470129,228841.2473470129,228841.2473470129,228841.2473470129,228841.2473470129]},"WeightedPointWiseModelAgent":{"actual_clicks_reward_list":[2109.0,2123.0,2096.0,2226.0,1984.0,2053.0,2012.0,2020.0,2143.0,2213.0,2174.0,2156.0,2089.0],"actual_watch_duration_reward_list":[122234.4285930947,120118.6495842389,117697.6395039284,131333.650138561,122183.251206157,122488.6491221857,116728.3614204584,123675.3735956632,128680.63581584,131213.7424144153,128721.3625163977,131813.1302381887,130436.2897081057],"max_clicks_reward_list":[2545.4581018522,2545.4581018522,2545.4581018522,2545.4581018522,2545.4581018522,2545.4581018522,2545.4581018522,2545.4581018522,2545.4581018522,2545.4581018522,2545.4581018522,2545.4581018522,2545.4581018522],"max_watch_duration_reward_list":[228841.2473470129,228841.2473470129,228841.2473470129,228841.2473470129,228841.2473470129,228841.2473470129,228841.2473470129,228841.2473470129,228841.2473470129,228841.2473470129,228841.2473470129,228841.2473470129,228841.2473470129]},"PointWiseModelAgent":{"actual_clicks_reward_list":[2108.0,2112.0,2068.0,2090.0,2004.0,1959.0,2148.0,2000.0,1994.0,1857.0,2265.0,2304.0,2363.0],"actual_watch_duration_reward_list":[120435.9623946494,118161.966653565,117935.2923328266,111307.6125410722,138168.584488337,107017.9914312265,97747.9742002339,130563.9265906307,126424.5302401336,109470.4768112861,139725.5328564589,150903.1518260601,142202.07175955],"max_clicks_reward_list":[2545.4581018522,2545.4581018522,2545.4581018522,2545.4581018522,2545.4581018522,2545.4581018522,2545.4581018522,2545.4581018522,2545.4581018522,2545.4581018522,2545.4581018522,2545.4581018522,2545.4581018522],"max_watch_duration_reward_list":[228841.2473470129,228841.2473470129,228841.2473470129,228841.2473470129,228841.2473470129,228841.2473470129,228841.2473470129,228841.2473470129,228841.2473470129,228841.2473470129,228841.2473470129,228841.2473470129,228841.2473470129]}}