{"TweedieModelAgent":{"actual_clicks_reward_list":[15.0,21.0,27.0,16.0,18.0,14.0,17.0,19.0,8.0,15.0,22.0,16.0,15.0],"actual_watch_duration_reward_list":[1048.3185189051,1089.8069934325,1753.4722502674,1318.3248394888,1152.6080135445,960.7200891368,1199.0526151826,1241.4223945361,453.6732706812,720.8267212702,1200.3864498345,1094.8169795827,1062.4869312826],"max_clicks_reward_list":[21.9397742013,21.9397742013,21.9397742013,21.9397742013,21.9397742013,21.9397742013,21.9397742013,21.9397742013,21.9397742013,21.9397742013,21.9397742013,21.9397742013,21.9397742013],"max_watch_duration_reward_list":[1570.5418333663,1570.5418333663,1570.5418333663,1570.5418333663,1570.5418333663,1570.5418333663,1570.5418333663,1570.5418333663,1570.5418333663,1570.5418333663,1570.5418333663,1570.5418333663,1570.5418333663]},"RegressionModelAgent":{"actual_clicks_reward_list":[24.0,23.0,25.0,15.0,20.0,25.0,20.0,24.0,21.0,19.0,22.0,27.0,22.0],"actual_watch_duration_reward_list":[1673.4661170462,1438.9623388711,1545.5534765869,785.8309656611,1171.3261015021,1007.0169116826,1554.9800280387,1797.4623065826,1259.1856721375,1048.1417696336,1284.3070414324,1494.4279313637,1290.5176340106],"max_clicks_reward_list":[21.9397742013,21.9397742013,21.9397742013,21.9397742013,21.9397742013,21.9397742013,21.9397742013,21.9397742013,21.9397742013,21.9397742013,21.9397742013,21.9397742013,21.9397742013],"max_watch_duration_reward_list":[1570.5418333663,1570.5418333663,1570.5418333663,1570.5418333663,1570.5418333663,1570.5418333663,1570.5418333663,1570.5418333663,1570.5418333663,1570.5418333663,1570.5418333663,1570.5418333663,1570.5418333663]},"WeightedPointWiseModelAgent":{"actual_clicks_reward_list":[23.0,22.0,25.0,19.0,12.0,23.0,14.0,19.0,19.0,28.0,23.0,24.0,21.0],"actual_watch_duration_reward_list":[1461.0355179188,1387.8860903405,1794.2805131961,1261.2992254703,823.5240209329,1446.2281009017,426.5764400308,825.2044288193,1028.9942159312,2026.2537631909,1129.0114294965,1402.6792842275,1365.1556275634],"max_clicks_reward_list":[21.9397742013,21.9397742013,21.9397742013,21.9397742013,21.9397742013,21.9397742013,21.9397742013,21.9397742013,21.9397742013,21.9397742013,21.9397742013,21.9397742013,21.9397742013],"max_watch_duration_reward_list":[1570.5418333663,1570.5418333663,1570.5418333663,1570.5418333663,1570.5418333663,1570.5418333663,1570.5418333663,1570.5418333663,1570.5418333663,1570.5418333663,1570.5418333663,1570.5418333663,1570.5418333663]},"PointWiseModelAgent":{"actual_clicks_reward_list":[22.0,13.0,17.0,19.0,26.0,11.0,27.0,21.0,20.0,15.0,23.0,17.0,23.0],"actual_watch_duration_reward_list":[1245.2022842999,780.7075284577,961.9422537752,1278.3466209621,1597.6218593082,587.0006029839,1828.8256036585,1326.6915383049,1030.4774586646,991.7845294359,1088.3791998108,812.4983702905,927.3761330163],"max_clicks_reward_list":[21.9397742013,21.9397742013,21.9397742013,21.9397742013,21.9397742013,21.9397742013,21.9397742013,21.9397742013,21.9397742013,21.9397742013,21.9397742013,21.9397742013,21.9397742013],"max_watch_duration_reward_list":[1570.5418333663,1570.5418333663,1570.5418333663,1570.5418333663,1570.5418333663,1570.5418333663,1570.5418333663,1570.5418333663,1570.5418333663,1570.5418333663,1570.5418333663,1570.5418333663,1570.5418333663]}}