{"TweedieModelAgent":{"actual_clicks_reward_list":[13.0,23.0,32.0,27.0,23.0,29.0,19.0,17.0,23.0,33.0,16.0,21.0,27.0],"actual_watch_duration_reward_list":[1142.483091239,1198.317552134,2115.1730226202,1957.9416831073,1921.2764328572,2229.3096168187,1579.144004517,1294.4032773911,1973.8833499548,2548.069728932,935.6478056723,1579.8386473971,2539.3180687659],"max_clicks_reward_list":[24.1478464685,24.1478464685,24.1478464685,24.1478464685,24.1478464685,24.1478464685,24.1478464685,24.1478464685,24.1478464685,24.1478464685,24.1478464685,24.1478464685,24.1478464685],"max_watch_duration_reward_list":[2016.7057802435,2016.7057802435,2016.7057802435,2016.7057802435,2016.7057802435,2016.7057802435,2016.7057802435,2016.7057802435,2016.7057802435,2016.7057802435,2016.7057802435,2016.7057802435,2016.7057802435]},"RegressionModelAgent":{"actual_clicks_reward_list":[13.0,27.0,12.0,19.0,29.0,23.0,22.0,25.0,23.0,15.0,19.0,23.0,27.0],"actual_watch_duration_reward_list":[845.8345503536,1761.1127385288,660.3516801182,1622.6983136201,2363.6639192904,2136.5112665658,2168.5029079328,1844.3623827565,1603.3857345166,1350.6373140998,1440.960177333,1667.7657532027,1935.5670757562],"max_clicks_reward_list":[24.1478464685,24.1478464685,24.1478464685,24.1478464685,24.1478464685,24.1478464685,24.1478464685,24.1478464685,24.1478464685,24.1478464685,24.1478464685,24.1478464685,24.1478464685],"max_watch_duration_reward_list":[2016.7057802435,2016.7057802435,2016.7057802435,2016.7057802435,2016.7057802435,2016.7057802435,2016.7057802435,2016.7057802435,2016.7057802435,2016.7057802435,2016.7057802435,2016.7057802435,2016.7057802435]},"WeightedPointWiseModelAgent":{"actual_clicks_reward_list":[13.0,21.0,19.0,33.0,21.0,30.0,28.0,22.0,21.0,24.0,22.0,25.0,20.0],"actual_watch_duration_reward_list":[507.0081393127,1142.5357749297,748.3831401712,2246.2548321495,1651.2001396379,2628.8082562188,2308.9540808395,1376.3298687087,1417.462064101,1924.4139272958,2193.4271936313,1499.786617525,1848.9276814729],"max_clicks_reward_list":[24.1478464685,24.1478464685,24.1478464685,24.1478464685,24.1478464685,24.1478464685,24.1478464685,24.1478464685,24.1478464685,24.1478464685,24.1478464685,24.1478464685,24.1478464685],"max_watch_duration_reward_list":[2016.7057802435,2016.7057802435,2016.7057802435,2016.7057802435,2016.7057802435,2016.7057802435,2016.7057802435,2016.7057802435,2016.7057802435,2016.7057802435,2016.7057802435,2016.7057802435,2016.7057802435]},"PointWiseModelAgent":{"actual_clicks_reward_list":[14.0,10.0,14.0,16.0,18.0,20.0,20.0,25.0,18.0,25.0,33.0,20.0,12.0],"actual_watch_duration_reward_list":[881.3351292189,552.7150662623,1032.1595414365,683.5095865555,1242.5326087169,1264.1351523628,1207.2407255433,1485.0709868117,1355.5943065553,1982.9283687727,2219.4638989969,950.1570566219,439.4249089222],"max_clicks_reward_list":[24.1478464685,24.1478464685,24.1478464685,24.1478464685,24.1478464685,24.1478464685,24.1478464685,24.1478464685,24.1478464685,24.1478464685,24.1478464685,24.1478464685,24.1478464685],"max_watch_duration_reward_list":[2016.7057802435,2016.7057802435,2016.7057802435,2016.7057802435,2016.7057802435,2016.7057802435,2016.7057802435,2016.7057802435,2016.7057802435,2016.7057802435,2016.7057802435,2016.7057802435,2016.7057802435]}}