{"TweedieModelAgent":{"actual_clicks_reward_list":[2085.0,2104.0,2135.0,2153.0,2050.0,2232.0,1847.0,1931.0,2331.0,2198.0,2152.0,2401.0,2187.0],"actual_watch_duration_reward_list":[105448.9111443799,106404.2772131015,106766.0670112755,123353.605406329,107752.699878394,139380.1723064966,104238.9340947381,115485.2274365513,129186.2096003752,147412.0856914573,150171.6655676917,170640.0914270791,168026.1319923972],"max_clicks_reward_list":[2514.8647445986,2514.8647445986,2514.8647445986,2514.8647445986,2514.8647445986,2514.8647445986,2514.8647445986,2514.8647445986,2514.8647445986,2514.8647445986,2514.8647445986,2514.8647445986,2514.8647445986],"max_watch_duration_reward_list":[202581.602120701,202581.602120701,202581.602120701,202581.602120701,202581.602120701,202581.602120701,202581.602120701,202581.602120701,202581.602120701,202581.602120701,202581.602120701,202581.602120701,202581.602120701]},"RegressionModelAgent":{"actual_clicks_reward_list":[2109.0,1998.0,2179.0,2099.0,1988.0,1954.0,1942.0,2007.0,2124.0,1867.0,1918.0,2292.0,2019.0],"actual_watch_duration_reward_list":[105750.3790104897,96026.1245312052,106323.1128457692,129283.0699229468,121367.1320987149,120757.7376082392,114262.2276352577,96313.9637464113,140771.7522782514,124462.38687063,101611.8750429445,110937.2850209515,152120.6446035531],"max_clicks_reward_list":[2514.8647445986,2514.8647445986,2514.8647445986,2514.8647445986,2514.8647445986,2514.8647445986,2514.8647445986,2514.8647445986,2514.8647445986,2514.8647445986,2514.8647445986,2514.8647445986,2514.8647445986],"max_watch_duration_reward_list":[202581.602120701,202581.602120701,202581.602120701,202581.602120701,202581.602120701,202581.602120701,202581.602120701,202581.602120701,202581.602120701,202581.602120701,202581.602120701,202581.602120701,202581.602120701]},"WeightedPointWiseModelAgent":{"actual_clicks_reward_list":[2097.0,2105.0,2006.0,2180.0,2171.0,2257.0,2257.0,2232.0,2210.0,2109.0,2189.0,2193.0,2215.0],"actual_watch_duration_reward_list":[104966.9312175293,107158.4237149871,97712.6616515154,108765.3938155624,117502.6264089526,110960.9752320185,125675.9284577026,121894.8493555852,122449.8223196147,112967.5163075989,115874.3587127784,115443.140346658,122328.6853374104],"max_clicks_reward_list":[2514.8647445986,2514.8647445986,2514.8647445986,2514.8647445986,2514.8647445986,2514.8647445986,2514.8647445986,2514.8647445986,2514.8647445986,2514.8647445986,2514.8647445986,2514.8647445986,2514.8647445986],"max_watch_duration_reward_list":[202581.602120701,202581.602120701,202581.602120701,202581.602120701,202581.602120701,202581.602120701,202581.602120701,202581.602120701,202581.602120701,202581.602120701,202581.602120701,202581.602120701,202581.602120701]},"PointWiseModelAgent":{"actual_clicks_reward_list":[2111.0,2068.0,2067.0,1969.0,1930.0,1930.0,2401.0,2359.0,2234.0,2179.0,2310.0,2252.0,2355.0],"actual_watch_duration_reward_list":[101906.515225154,102178.0974332571,102742.5886707577,92369.6205527928,106702.2878716859,96738.7056781488,148657.2252825432,135087.9283811038,134673.3774394392,126408.6919917112,144092.6477715631,118267.790097067,126595.5553899804],"max_clicks_reward_list":[2514.8647445986,2514.8647445986,2514.8647445986,2514.8647445986,2514.8647445986,2514.8647445986,2514.8647445986,2514.8647445986,2514.8647445986,2514.8647445986,2514.8647445986,2514.8647445986,2514.8647445986],"max_watch_duration_reward_list":[202581.602120701,202581.602120701,202581.602120701,202581.602120701,202581.602120701,202581.602120701,202581.602120701,202581.602120701,202581.602120701,202581.602120701,202581.602120701,202581.602120701,202581.602120701]}}