{"TweedieModelAgent":{"actual_clicks_reward_list":[2026.0,1990.0,1981.0,1856.0,1909.0,1927.0,1912.0,1991.0,2096.0,2019.0,2094.0,2052.0,2180.0],"actual_watch_duration_reward_list":[94556.0689008837,93871.8167648295,93593.9069801683,105909.2884146538,86622.8845250962,123250.7696580677,141043.6150272321,158042.21514021,164410.2501241967,136776.8954933059,125092.5542804864,161418.633014636,165800.9801094063],"max_clicks_reward_list":[2649.4562767407,2649.4562767407,2649.4562767407,2649.4562767407,2649.4562767407,2649.4562767407,2649.4562767407,2649.4562767407,2649.4562767407,2649.4562767407,2649.4562767407,2649.4562767407,2649.4562767407],"max_watch_duration_reward_list":[230031.290697291,230031.290697291,230031.290697291,230031.290697291,230031.290697291,230031.290697291,230031.290697291,230031.290697291,230031.290697291,230031.290697291,230031.290697291,230031.290697291,230031.290697291]},"RegressionModelAgent":{"actual_clicks_reward_list":[1977.0,2045.0,2064.0,2254.0,2233.0,1993.0,1848.0,2073.0,1937.0,1938.0,2066.0,2032.0,2037.0],"actual_watch_duration_reward_list":[97302.690443631,94595.7483968129,98059.7018942303,133812.3629611064,155209.4103118203,103473.4212589567,106046.6542972261,113757.641269535,116095.318228438,124960.2489780464,130339.7761138159,112226.0062658306,104917.0522689965],"max_clicks_reward_list":[2649.4562767407,2649.4562767407,2649.4562767407,2649.4562767407,2649.4562767407,2649.4562767407,2649.4562767407,2649.4562767407,2649.4562767407,2649.4562767407,2649.4562767407,2649.4562767407,2649.4562767407],"max_watch_duration_reward_list":[230031.290697291,230031.290697291,230031.290697291,230031.290697291,230031.290697291,230031.290697291,230031.290697291,230031.290697291,230031.290697291,230031.290697291,230031.290697291,230031.290697291,230031.290697291]},"WeightedPointWiseModelAgent":{"actual_clicks_reward_list":[2012.0,1990.0,2129.0,1926.0,2074.0,2031.0,2021.0,2002.0,2005.0,1979.0,1990.0,2015.0,2016.0],"actual_watch_duration_reward_list":[94560.7081023826,93319.5005820912,102653.6644540733,113288.1098180278,98044.1193134102,92266.9821477968,94941.036697365,96124.1848189786,94262.3573355042,88553.2643152057,92595.8370546902,95383.0775878568,95764.4869413743],"max_clicks_reward_list":[2649.4562767407,2649.4562767407,2649.4562767407,2649.4562767407,2649.4562767407,2649.4562767407,2649.4562767407,2649.4562767407,2649.4562767407,2649.4562767407,2649.4562767407,2649.4562767407,2649.4562767407],"max_watch_duration_reward_list":[230031.290697291,230031.290697291,230031.290697291,230031.290697291,230031.290697291,230031.290697291,230031.290697291,230031.290697291,230031.290697291,230031.290697291,230031.290697291,230031.290697291,230031.290697291]},"PointWiseModelAgent":{"actual_clicks_reward_list":[2073.0,2053.0,2120.0,2078.0,1953.0,2217.0,2016.0,1871.0,1991.0,2108.0,2085.0,2310.0,2491.0],"actual_watch_duration_reward_list":[98063.2108105706,97127.6138863456,101394.9223300869,122149.9207773463,139691.6955285351,96165.8340504413,95790.1540950705,133264.6897011848,95222.6192879867,122631.854756483,111996.4969845656,122077.8308361762,128375.6070926851],"max_clicks_reward_list":[2649.4562767407,2649.4562767407,2649.4562767407,2649.4562767407,2649.4562767407,2649.4562767407,2649.4562767407,2649.4562767407,2649.4562767407,2649.4562767407,2649.4562767407,2649.4562767407,2649.4562767407],"max_watch_duration_reward_list":[230031.290697291,230031.290697291,230031.290697291,230031.290697291,230031.290697291,230031.290697291,230031.290697291,230031.290697291,230031.290697291,230031.290697291,230031.290697291,230031.290697291,230031.290697291]}}