{"TweedieModelAgent":{"actual_clicks_reward_list":[23.0,15.0,23.0,18.0,19.0,29.0,19.0,17.0,22.0,27.0,25.0,23.0,12.0],"actual_watch_duration_reward_list":[1301.9323514931,765.1293553404,1232.9603058404,1041.8631239059,859.2788172844,1357.8925006545,984.0601542898,633.8942536916,1132.1607973962,2060.0081556672,1342.0939252715,1443.6274141827,609.5894663767],"max_clicks_reward_list":[22.767829261,22.767829261,22.767829261,22.767829261,22.767829261,22.767829261,22.767829261,22.767829261,22.767829261,22.767829261,22.767829261,22.767829261,22.767829261],"max_watch_duration_reward_list":[1408.222601317,1408.222601317,1408.222601317,1408.222601317,1408.222601317,1408.222601317,1408.222601317,1408.222601317,1408.222601317,1408.222601317,1408.222601317,1408.222601317,1408.222601317]},"WeightedPointWiseModelAgent":{"actual_clicks_reward_list":[22.0,24.0,15.0,25.0,17.0,18.0,23.0,21.0,25.0,22.0,23.0,28.0,31.0],"actual_watch_duration_reward_list":[1485.1288563297,1209.9598536282,757.3036311726,1414.7216126443,954.2965483833,1007.796568481,1930.6395607552,879.7760413218,1235.6025923358,1044.5902409962,1071.2958049165,1265.8562326662,1805.7513924354],"max_clicks_reward_list":[22.767829261,22.767829261,22.767829261,22.767829261,22.767829261,22.767829261,22.767829261,22.767829261,22.767829261,22.767829261,22.767829261,22.767829261,22.767829261],"max_watch_duration_reward_list":[1408.222601317,1408.222601317,1408.222601317,1408.222601317,1408.222601317,1408.222601317,1408.222601317,1408.222601317,1408.222601317,1408.222601317,1408.222601317,1408.222601317,1408.222601317]},"PointWiseModelAgent":{"actual_clicks_reward_list":[19.0,25.0,23.0,19.0,27.0,16.0,24.0,33.0,17.0,20.0,23.0,19.0,26.0],"actual_watch_duration_reward_list":[976.4695720276,1466.0015328339,1290.0676888258,1042.1347297598,1048.8501444669,493.1677719502,1093.7196142921,1882.4829194107,884.5838743609,1009.3878016452,1059.6442173881,1095.4286349187,1279.482747588],"max_clicks_reward_list":[22.767829261,22.767829261,22.767829261,22.767829261,22.767829261,22.767829261,22.767829261,22.767829261,22.767829261,22.767829261,22.767829261,22.767829261,22.767829261],"max_watch_duration_reward_list":[1408.222601317,1408.222601317,1408.222601317,1408.222601317,1408.222601317,1408.222601317,1408.222601317,1408.222601317,1408.222601317,1408.222601317,1408.222601317,1408.222601317,1408.222601317]},"BanditAgent":{"actual_clicks_reward_list":[21.0,25.0,16.0,29.0,24.0,20.0,19.0,25.0,29.0,24.0,25.0,22.0,27.0],"actual_watch_duration_reward_list":[960.0981293987,1552.4889253405,990.7393899508,1391.7607102528,1175.2446201768,1354.3449352386,597.3586537176,959.7953322666,1392.6268665726,1279.91523541,1242.9048223467,1208.8468545074,1132.1270110311],"max_clicks_reward_list":[22.767829261,22.767829261,22.767829261,22.767829261,22.767829261,22.767829261,22.767829261,22.767829261,22.767829261,22.767829261,22.767829261,22.767829261,22.767829261],"max_watch_duration_reward_list":[1408.222601317,1408.222601317,1408.222601317,1408.222601317,1408.222601317,1408.222601317,1408.222601317,1408.222601317,1408.222601317,1408.222601317,1408.222601317,1408.222601317,1408.222601317]},"BucketSortingAgent":{"actual_clicks_reward_list":[23.0,25.0,15.0,21.0,25.0,26.0,18.0,30.0,23.0,21.0,19.0,18.0,26.0],"actual_watch_duration_reward_list":[1254.7488320769,1285.3119081095,812.2340797284,927.5225526932,1770.4948769181,1323.2413317414,1002.1419463404,2142.1529783733,1112.9982943092,1388.5921149495,1260.219881702,1060.7757790406,1632.3435753805],"max_clicks_reward_list":[22.767829261,22.767829261,22.767829261,22.767829261,22.767829261,22.767829261,22.767829261,22.767829261,22.767829261,22.767829261,22.767829261,22.767829261,22.767829261],"max_watch_duration_reward_list":[1408.222601317,1408.222601317,1408.222601317,1408.222601317,1408.222601317,1408.222601317,1408.222601317,1408.222601317,1408.222601317,1408.222601317,1408.222601317,1408.222601317,1408.222601317]},"BucketSortingWatchTimeAgent":{"actual_clicks_reward_list":[22.0,14.0,25.0,16.0,19.0,33.0,28.0,18.0,22.0,26.0,27.0,19.0,19.0],"actual_watch_duration_reward_list":[1187.0286048973,705.4055506092,1330.0699674798,863.9507042281,1063.7289702236,2099.609584496,1603.803802985,1054.4443304575,1187.3569051638,1788.4815495,1874.1522207715,1179.6948854336,1383.8602477971],"max_clicks_reward_list":[22.767829261,22.767829261,22.767829261,22.767829261,22.767829261,22.767829261,22.767829261,22.767829261,22.767829261,22.767829261,22.767829261,22.767829261,22.767829261],"max_watch_duration_reward_list":[1408.222601317,1408.222601317,1408.222601317,1408.222601317,1408.222601317,1408.222601317,1408.222601317,1408.222601317,1408.222601317,1408.222601317,1408.222601317,1408.222601317,1408.222601317]},"PairWiseModelAgent":{"actual_clicks_reward_list":[17.0,22.0,25.0,24.0,21.0,20.0,28.0,20.0,27.0,22.0,14.0,17.0,26.0],"actual_watch_duration_reward_list":[1284.8626703029,1232.6139823751,1276.6766529506,1059.0306364027,1267.8739822794,1041.9867390426,1313.8191252998,1034.5668421925,1755.0252643471,1562.9790699264,1077.0127381101,1358.4692505229,1277.6478919349],"max_clicks_reward_list":[22.767829261,22.767829261,22.767829261,22.767829261,22.767829261,22.767829261,22.767829261,22.767829261,22.767829261,22.767829261,22.767829261,22.767829261,22.767829261],"max_watch_duration_reward_list":[1408.222601317,1408.222601317,1408.222601317,1408.222601317,1408.222601317,1408.222601317,1408.222601317,1408.222601317,1408.222601317,1408.222601317,1408.222601317,1408.222601317,1408.222601317]},"WeightedPairWiseModelAgent":{"actual_clicks_reward_list":[23.0,16.0,18.0,17.0,21.0,14.0,17.0,19.0,24.0,23.0,12.0,19.0,26.0],"actual_watch_duration_reward_list":[1386.1053490883,1078.5804953495,759.1776193255,1002.0316495302,1411.1703318805,858.6908430633,759.3444393059,1291.5911083144,1289.4083439471,1296.7606732462,730.6991225031,1218.8609186045,1451.8799655122],"max_clicks_reward_list":[22.767829261,22.767829261,22.767829261,22.767829261,22.767829261,22.767829261,22.767829261,22.767829261,22.767829261,22.767829261,22.767829261,22.767829261,22.767829261],"max_watch_duration_reward_list":[1408.222601317,1408.222601317,1408.222601317,1408.222601317,1408.222601317,1408.222601317,1408.222601317,1408.222601317,1408.222601317,1408.222601317,1408.222601317,1408.222601317,1408.222601317]}}