{"TweedieModelAgent":{"actual_clicks_reward_list":[21.0,21.0,17.0,17.0,28.0,19.0,12.0,16.0,22.0,17.0,32.0,25.0,22.0],"actual_watch_duration_reward_list":[1383.5989835366,1485.1249513904,1080.517074264,1186.0225215728,2280.2839144991,1302.7110354172,902.0018008666,1066.6976879969,1384.6643789624,1198.0497181361,2107.7569638805,1675.2336281723,1386.9923461974],"max_clicks_reward_list":[22.2835011933,22.2835011933,22.2835011933,22.2835011933,22.2835011933,22.2835011933,22.2835011933,22.2835011933,22.2835011933,22.2835011933,22.2835011933,22.2835011933,22.2835011933],"max_watch_duration_reward_list":[1836.0031700712,1836.0031700712,1836.0031700712,1836.0031700712,1836.0031700712,1836.0031700712,1836.0031700712,1836.0031700712,1836.0031700712,1836.0031700712,1836.0031700712,1836.0031700712,1836.0031700712]},"RegressionModelAgent":{"actual_clicks_reward_list":[25.0,17.0,26.0,10.0,23.0,33.0,23.0,28.0,19.0,31.0,19.0,27.0,21.0],"actual_watch_duration_reward_list":[1930.2101286235,1132.538773972,1849.0314416263,770.0544537857,1752.589536246,2569.921891416,1461.0217003734,2575.1938383983,1667.733958066,2543.6032075029,1639.6793961896,2120.4825343336,1586.9509774585],"max_clicks_reward_list":[22.2835011933,22.2835011933,22.2835011933,22.2835011933,22.2835011933,22.2835011933,22.2835011933,22.2835011933,22.2835011933,22.2835011933,22.2835011933,22.2835011933,22.2835011933],"max_watch_duration_reward_list":[1836.0031700712,1836.0031700712,1836.0031700712,1836.0031700712,1836.0031700712,1836.0031700712,1836.0031700712,1836.0031700712,1836.0031700712,1836.0031700712,1836.0031700712,1836.0031700712,1836.0031700712]},"WeightedPointWiseModelAgent":{"actual_clicks_reward_list":[24.0,19.0,15.0,31.0,30.0,14.0,17.0,27.0,23.0,19.0,20.0,31.0,28.0],"actual_watch_duration_reward_list":[2122.8371489222,1186.1689552761,1453.4875094812,2311.3587030369,2276.6490841837,770.5324018183,1166.0982062603,2157.1964603368,1934.5597775893,1485.3524117273,1099.0053182374,2331.6786849372,1974.0605646673],"max_clicks_reward_list":[22.2835011933,22.2835011933,22.2835011933,22.2835011933,22.2835011933,22.2835011933,22.2835011933,22.2835011933,22.2835011933,22.2835011933,22.2835011933,22.2835011933,22.2835011933],"max_watch_duration_reward_list":[1836.0031700712,1836.0031700712,1836.0031700712,1836.0031700712,1836.0031700712,1836.0031700712,1836.0031700712,1836.0031700712,1836.0031700712,1836.0031700712,1836.0031700712,1836.0031700712,1836.0031700712]},"PointWiseModelAgent":{"actual_clicks_reward_list":[21.0,16.0,14.0,20.0,20.0,19.0,20.0,22.0,15.0,22.0,23.0,26.0,16.0],"actual_watch_duration_reward_list":[1316.6576446815,1210.9187117259,743.7169544835,1545.1031735476,1078.6467530645,1495.8074961633,1149.6524733462,1601.0556227732,1043.7196817071,1773.5687471823,1454.7541744247,2146.4575156053,975.6476630904],"max_clicks_reward_list":[22.2835011933,22.2835011933,22.2835011933,22.2835011933,22.2835011933,22.2835011933,22.2835011933,22.2835011933,22.2835011933,22.2835011933,22.2835011933,22.2835011933,22.2835011933],"max_watch_duration_reward_list":[1836.0031700712,1836.0031700712,1836.0031700712,1836.0031700712,1836.0031700712,1836.0031700712,1836.0031700712,1836.0031700712,1836.0031700712,1836.0031700712,1836.0031700712,1836.0031700712,1836.0031700712]}}