{"TweedieModelAgent":{"actual_clicks_reward_list":[175.0,195.0,178.0,207.0,211.0,228.0,227.0,245.0,178.0,248.0,215.0,243.0,254.0],"actual_watch_duration_reward_list":[9586.1997475127,9639.6116113416,9483.925229542,12837.6314089006,11739.9063712386,15895.1430346005,13278.9485504443,17102.4006592883,11746.1204402566,15581.9439113062,14371.5064507543,16146.0719134184,15901.0836209776],"max_clicks_reward_list":[252.0570443335,252.0570443335,252.0570443335,252.0570443335,252.0570443335,252.0570443335,252.0570443335,252.0570443335,252.0570443335,252.0570443335,252.0570443335,252.0570443335,252.0570443335],"max_watch_duration_reward_list":[18273.5176979748,18273.5176979748,18273.5176979748,18273.5176979748,18273.5176979748,18273.5176979748,18273.5176979748,18273.5176979748,18273.5176979748,18273.5176979748,18273.5176979748,18273.5176979748,18273.5176979748]},"WeightedPointWiseModelAgent":{"actual_clicks_reward_list":[208.0,176.0,206.0,196.0,191.0,213.0,196.0,195.0,196.0,186.0,186.0,194.0,186.0],"actual_watch_duration_reward_list":[10728.9746653236,9936.6635673532,11306.9598498491,11192.9702802498,9585.42499407,10551.6710811561,9224.5227582556,9078.2188866539,9469.2881741307,10141.4754665809,10902.3606293068,10052.6720087483,11211.9469907584],"max_clicks_reward_list":[252.0570443335,252.0570443335,252.0570443335,252.0570443335,252.0570443335,252.0570443335,252.0570443335,252.0570443335,252.0570443335,252.0570443335,252.0570443335,252.0570443335,252.0570443335],"max_watch_duration_reward_list":[18273.5176979748,18273.5176979748,18273.5176979748,18273.5176979748,18273.5176979748,18273.5176979748,18273.5176979748,18273.5176979748,18273.5176979748,18273.5176979748,18273.5176979748,18273.5176979748,18273.5176979748]},"PointWiseModelAgent":{"actual_clicks_reward_list":[210.0,197.0,182.0,181.0,258.0,228.0,205.0,215.0,212.0,222.0,231.0,257.0,213.0],"actual_watch_duration_reward_list":[11451.7387242274,10560.6634193332,9702.4211754852,10690.4920697536,14597.3216315259,12331.2321265723,13250.7235650434,12719.9132607113,13574.2556639818,10621.0862412487,12396.1327570874,12254.5728641438,11029.2532139617],"max_clicks_reward_list":[252.0570443335,252.0570443335,252.0570443335,252.0570443335,252.0570443335,252.0570443335,252.0570443335,252.0570443335,252.0570443335,252.0570443335,252.0570443335,252.0570443335,252.0570443335],"max_watch_duration_reward_list":[18273.5176979748,18273.5176979748,18273.5176979748,18273.5176979748,18273.5176979748,18273.5176979748,18273.5176979748,18273.5176979748,18273.5176979748,18273.5176979748,18273.5176979748,18273.5176979748,18273.5176979748]}}