{"TweedieModelAgent":{"actual_clicks_reward_list":[28.0,17.0,22.0,14.0,25.0,22.0,19.0,22.0,21.0,17.0,21.0,23.0,19.0],"actual_watch_duration_reward_list":[1513.3703020514,695.2765601339,1109.8630838742,910.656065767,1574.8833511662,1220.8666589874,1109.1988688909,1208.2246649609,1090.5870864981,771.7652342405,1327.5349299126,1176.162753373,1002.6233324408],"max_clicks_reward_list":[22.5272347642,22.5272347642,22.5272347642,22.5272347642,22.5272347642,22.5272347642,22.5272347642,22.5272347642,22.5272347642,22.5272347642,22.5272347642,22.5272347642,22.5272347642],"max_watch_duration_reward_list":[1246.2800659437,1246.2800659437,1246.2800659437,1246.2800659437,1246.2800659437,1246.2800659437,1246.2800659437,1246.2800659437,1246.2800659437,1246.2800659437,1246.2800659437,1246.2800659437,1246.2800659437]},"WeightedPointWiseModelAgent":{"actual_clicks_reward_list":[27.0,26.0,19.0,31.0,14.0,16.0,27.0,19.0,22.0,22.0,14.0,18.0,32.0],"actual_watch_duration_reward_list":[1210.0369407672,1046.8821875467,654.4019504187,1662.7156147026,858.4952437258,628.7183857522,1869.9551568588,1056.287448019,1298.5517053133,1117.5720789607,656.5775387231,703.2021896249,2009.9349335001],"max_clicks_reward_list":[22.5272347642,22.5272347642,22.5272347642,22.5272347642,22.5272347642,22.5272347642,22.5272347642,22.5272347642,22.5272347642,22.5272347642,22.5272347642,22.5272347642,22.5272347642],"max_watch_duration_reward_list":[1246.2800659437,1246.2800659437,1246.2800659437,1246.2800659437,1246.2800659437,1246.2800659437,1246.2800659437,1246.2800659437,1246.2800659437,1246.2800659437,1246.2800659437,1246.2800659437,1246.2800659437]},"PointWiseModelAgent":{"actual_clicks_reward_list":[17.0,21.0,25.0,23.0,20.0,28.0,27.0,19.0,24.0,25.0,21.0,17.0,20.0],"actual_watch_duration_reward_list":[961.0978404343,1058.1142273129,1588.8469347648,744.1671713583,936.5190868154,1791.2718824257,1625.3498465643,984.5356323159,1003.0635022486,1167.0122166177,1099.0049460923,1049.3521968057,819.4372104215],"max_clicks_reward_list":[22.5272347642,22.5272347642,22.5272347642,22.5272347642,22.5272347642,22.5272347642,22.5272347642,22.5272347642,22.5272347642,22.5272347642,22.5272347642,22.5272347642,22.5272347642],"max_watch_duration_reward_list":[1246.2800659437,1246.2800659437,1246.2800659437,1246.2800659437,1246.2800659437,1246.2800659437,1246.2800659437,1246.2800659437,1246.2800659437,1246.2800659437,1246.2800659437,1246.2800659437,1246.2800659437]},"BanditAgent":{"actual_clicks_reward_list":[23.0,18.0,22.0,23.0,17.0,21.0,22.0,25.0,14.0,18.0,20.0,22.0,24.0],"actual_watch_duration_reward_list":[1031.5697658352,1079.4547973236,837.30006061,1187.7871124107,787.788014193,1250.9261639326,1056.4488899284,1529.7845515452,714.1030602952,934.4276466943,1004.7903156096,1321.9238573582,1309.9515611571],"max_clicks_reward_list":[22.5272347642,22.5272347642,22.5272347642,22.5272347642,22.5272347642,22.5272347642,22.5272347642,22.5272347642,22.5272347642,22.5272347642,22.5272347642,22.5272347642,22.5272347642],"max_watch_duration_reward_list":[1246.2800659437,1246.2800659437,1246.2800659437,1246.2800659437,1246.2800659437,1246.2800659437,1246.2800659437,1246.2800659437,1246.2800659437,1246.2800659437,1246.2800659437,1246.2800659437,1246.2800659437]},"BucketSortingAgent":{"actual_clicks_reward_list":[21.0,23.0,15.0,13.0,16.0,19.0,15.0,24.0,20.0,22.0,20.0,22.0,21.0],"actual_watch_duration_reward_list":[864.758367366,1510.6720455346,615.6546548977,641.9776638659,572.4488147222,654.6756682836,596.8044581518,1025.0303092321,833.8838247823,943.9116794949,1031.7291618224,1028.9863832198,867.9281667748],"max_clicks_reward_list":[22.5272347642,22.5272347642,22.5272347642,22.5272347642,22.5272347642,22.5272347642,22.5272347642,22.5272347642,22.5272347642,22.5272347642,22.5272347642,22.5272347642,22.5272347642],"max_watch_duration_reward_list":[1246.2800659437,1246.2800659437,1246.2800659437,1246.2800659437,1246.2800659437,1246.2800659437,1246.2800659437,1246.2800659437,1246.2800659437,1246.2800659437,1246.2800659437,1246.2800659437,1246.2800659437]},"BucketSortingWatchTimeAgent":{"actual_clicks_reward_list":[15.0,14.0,21.0,28.0,21.0,17.0,24.0,23.0,29.0,19.0,25.0,22.0,26.0],"actual_watch_duration_reward_list":[833.981050338,689.5022486567,1247.7413526962,1334.0917394396,1298.1801150851,711.4335867283,1140.3788340696,1499.1300558981,1776.6599411492,1380.0679408221,900.8307011004,1481.5746568453,1842.7647921337],"max_clicks_reward_list":[22.5272347642,22.5272347642,22.5272347642,22.5272347642,22.5272347642,22.5272347642,22.5272347642,22.5272347642,22.5272347642,22.5272347642,22.5272347642,22.5272347642,22.5272347642],"max_watch_duration_reward_list":[1246.2800659437,1246.2800659437,1246.2800659437,1246.2800659437,1246.2800659437,1246.2800659437,1246.2800659437,1246.2800659437,1246.2800659437,1246.2800659437,1246.2800659437,1246.2800659437,1246.2800659437]},"PairWiseModelAgent":{"actual_clicks_reward_list":[23.0,23.0,21.0,19.0,15.0,23.0,21.0,27.0,26.0,25.0,36.0,23.0,24.0],"actual_watch_duration_reward_list":[1531.3278298668,1194.5464255432,915.4891745699,962.7809028752,627.5562679971,1040.6503673379,1354.1384926263,1595.9792165474,1314.8025660689,1533.2348359177,2130.2660514647,1216.2329738671,815.6853410877],"max_clicks_reward_list":[22.5272347642,22.5272347642,22.5272347642,22.5272347642,22.5272347642,22.5272347642,22.5272347642,22.5272347642,22.5272347642,22.5272347642,22.5272347642,22.5272347642,22.5272347642],"max_watch_duration_reward_list":[1246.2800659437,1246.2800659437,1246.2800659437,1246.2800659437,1246.2800659437,1246.2800659437,1246.2800659437,1246.2800659437,1246.2800659437,1246.2800659437,1246.2800659437,1246.2800659437,1246.2800659437]},"WeightedPairWiseModelAgent":{"actual_clicks_reward_list":[22.0,16.0,17.0,15.0,25.0,20.0,22.0,21.0,14.0,11.0,17.0,24.0,22.0],"actual_watch_duration_reward_list":[878.4289507089,812.5691997722,850.3843167489,798.4206160562,1373.7889733521,1162.3596319225,1009.329726044,902.6192811937,571.2747728129,504.5145872943,884.9338939581,683.8155484042,833.386272381],"max_clicks_reward_list":[22.5272347642,22.5272347642,22.5272347642,22.5272347642,22.5272347642,22.5272347642,22.5272347642,22.5272347642,22.5272347642,22.5272347642,22.5272347642,22.5272347642,22.5272347642],"max_watch_duration_reward_list":[1246.2800659437,1246.2800659437,1246.2800659437,1246.2800659437,1246.2800659437,1246.2800659437,1246.2800659437,1246.2800659437,1246.2800659437,1246.2800659437,1246.2800659437,1246.2800659437,1246.2800659437]}}