{"TweedieModelAgent":{"actual_clicks_reward_list":[24.0,23.0,22.0,24.0,19.0,8.0,20.0,20.0,28.0,24.0,24.0,15.0,14.0],"actual_watch_duration_reward_list":[1056.9194529467,1126.797712906,1122.6630428821,890.3453943609,544.050960243,561.819583556,478.2234246221,604.3319118698,1251.1136889019,877.7043082711,1174.0686493999,852.0976112619,625.2797934531],"max_clicks_reward_list":[23.1751666554,23.1751666554,23.1751666554,23.1751666554,23.1751666554,23.1751666554,23.1751666554,23.1751666554,23.1751666554,23.1751666554,23.1751666554,23.1751666554,23.1751666554],"max_watch_duration_reward_list":[1472.0722765515,1472.0722765515,1472.0722765515,1472.0722765515,1472.0722765515,1472.0722765515,1472.0722765515,1472.0722765515,1472.0722765515,1472.0722765515,1472.0722765515,1472.0722765515,1472.0722765515]},"RegressionModelAgent":{"actual_clicks_reward_list":[13.0,35.0,20.0,15.0,29.0,16.0,21.0,15.0,24.0,14.0,28.0,20.0,18.0],"actual_watch_duration_reward_list":[660.9285019345,1626.7773053922,915.8287808698,737.1148154189,1622.7178790442,917.7747921103,1067.0281116947,1105.4237316433,1299.7908000955,1226.7140252664,1902.0406848215,1803.0501563715,1070.3763627719],"max_clicks_reward_list":[23.1751666554,23.1751666554,23.1751666554,23.1751666554,23.1751666554,23.1751666554,23.1751666554,23.1751666554,23.1751666554,23.1751666554,23.1751666554,23.1751666554,23.1751666554],"max_watch_duration_reward_list":[1472.0722765515,1472.0722765515,1472.0722765515,1472.0722765515,1472.0722765515,1472.0722765515,1472.0722765515,1472.0722765515,1472.0722765515,1472.0722765515,1472.0722765515,1472.0722765515,1472.0722765515]},"WeightedPointWiseModelAgent":{"actual_clicks_reward_list":[25.0,26.0,25.0,16.0,18.0,21.0,22.0,21.0,18.0,17.0,22.0,35.0,17.0],"actual_watch_duration_reward_list":[1186.0147200536,1324.5548065097,1298.1870132178,1006.2076481286,1046.3965942847,1367.7990693356,1108.2216061197,1339.0512008909,941.8135970398,970.9674559996,1477.7212939625,1882.0793647448,894.6595698623],"max_clicks_reward_list":[23.1751666554,23.1751666554,23.1751666554,23.1751666554,23.1751666554,23.1751666554,23.1751666554,23.1751666554,23.1751666554,23.1751666554,23.1751666554,23.1751666554,23.1751666554],"max_watch_duration_reward_list":[1472.0722765515,1472.0722765515,1472.0722765515,1472.0722765515,1472.0722765515,1472.0722765515,1472.0722765515,1472.0722765515,1472.0722765515,1472.0722765515,1472.0722765515,1472.0722765515,1472.0722765515]},"PointWiseModelAgent":{"actual_clicks_reward_list":[25.0,10.0,28.0,19.0,17.0,21.0,15.0,17.0,17.0,21.0,22.0,24.0,31.0],"actual_watch_duration_reward_list":[1258.5040380778,710.9807375052,1051.0475130082,1106.1077875672,865.915911014,1320.695911123,844.7417285996,1074.151651034,1048.2037458435,797.7310188336,753.410331601,851.3230437391,1199.8112397128],"max_clicks_reward_list":[23.1751666554,23.1751666554,23.1751666554,23.1751666554,23.1751666554,23.1751666554,23.1751666554,23.1751666554,23.1751666554,23.1751666554,23.1751666554,23.1751666554,23.1751666554],"max_watch_duration_reward_list":[1472.0722765515,1472.0722765515,1472.0722765515,1472.0722765515,1472.0722765515,1472.0722765515,1472.0722765515,1472.0722765515,1472.0722765515,1472.0722765515,1472.0722765515,1472.0722765515,1472.0722765515]}}