{"TweedieModelAgent":{"actual_clicks_reward_list":[12.0,17.0,20.0,10.0,21.0,29.0,30.0,13.0,30.0,22.0,21.0,13.0,21.0],"actual_watch_duration_reward_list":[636.5650939986,927.1937843585,1226.6669220246,535.1468837689,1337.6254080316,1656.821682176,2428.2113269404,843.1244082302,2143.7963270015,1753.1515335591,1391.7202795818,862.8064926731,1098.5450155685],"max_clicks_reward_list":[21.737309942,21.737309942,21.737309942,21.737309942,21.737309942,21.737309942,21.737309942,21.737309942,21.737309942,21.737309942,21.737309942,21.737309942,21.737309942],"max_watch_duration_reward_list":[1727.7080420921,1727.7080420921,1727.7080420921,1727.7080420921,1727.7080420921,1727.7080420921,1727.7080420921,1727.7080420921,1727.7080420921,1727.7080420921,1727.7080420921,1727.7080420921,1727.7080420921]},"WeightedPointWiseModelAgent":{"actual_clicks_reward_list":[23.0,20.0,27.0,20.0,22.0,16.0,18.0,22.0,24.0,28.0,23.0,21.0,24.0],"actual_watch_duration_reward_list":[1321.9167378086,1105.3800746158,1147.1529382126,881.2296956869,1339.3141499433,886.0119945881,1297.1578646233,1116.7919134027,1351.5591993709,1693.1887848298,1459.8229242451,1300.4645382825,1310.1932490924],"max_clicks_reward_list":[21.737309942,21.737309942,21.737309942,21.737309942,21.737309942,21.737309942,21.737309942,21.737309942,21.737309942,21.737309942,21.737309942,21.737309942,21.737309942],"max_watch_duration_reward_list":[1727.7080420921,1727.7080420921,1727.7080420921,1727.7080420921,1727.7080420921,1727.7080420921,1727.7080420921,1727.7080420921,1727.7080420921,1727.7080420921,1727.7080420921,1727.7080420921,1727.7080420921]},"PointWiseModelAgent":{"actual_clicks_reward_list":[20.0,21.0,15.0,13.0,24.0,14.0,23.0,20.0,20.0,27.0,25.0,15.0,13.0],"actual_watch_duration_reward_list":[1317.2536655396,1002.6064541375,483.2780652083,779.9586605883,1816.5917875123,663.8591588662,1471.1412972654,1078.9601585987,1389.5373183829,1488.5912666566,1861.3979335021,950.0249901345,725.8248247828],"max_clicks_reward_list":[21.737309942,21.737309942,21.737309942,21.737309942,21.737309942,21.737309942,21.737309942,21.737309942,21.737309942,21.737309942,21.737309942,21.737309942,21.737309942],"max_watch_duration_reward_list":[1727.7080420921,1727.7080420921,1727.7080420921,1727.7080420921,1727.7080420921,1727.7080420921,1727.7080420921,1727.7080420921,1727.7080420921,1727.7080420921,1727.7080420921,1727.7080420921,1727.7080420921]},"BanditAgent":{"actual_clicks_reward_list":[18.0,18.0,13.0,15.0,20.0,20.0,19.0,19.0,16.0,19.0,21.0,21.0,26.0],"actual_watch_duration_reward_list":[649.4906736879,949.5358082835,680.1324661588,653.1440649156,1353.3062293792,802.5951049547,1443.3029692803,1882.7143812446,922.1144275263,1014.4345005373,1385.8030008369,1408.6244084423,1624.323951806],"max_clicks_reward_list":[21.737309942,21.737309942,21.737309942,21.737309942,21.737309942,21.737309942,21.737309942,21.737309942,21.737309942,21.737309942,21.737309942,21.737309942,21.737309942],"max_watch_duration_reward_list":[1727.7080420921,1727.7080420921,1727.7080420921,1727.7080420921,1727.7080420921,1727.7080420921,1727.7080420921,1727.7080420921,1727.7080420921,1727.7080420921,1727.7080420921,1727.7080420921,1727.7080420921]},"BucketSortingAgent":{"actual_clicks_reward_list":[16.0,22.0,16.0,24.0,14.0,21.0,17.0,15.0,16.0,16.0,14.0,17.0,16.0],"actual_watch_duration_reward_list":[650.6658193716,843.0597189603,585.8819163724,934.3252552847,865.097046707,1556.5230151812,1080.8389703531,1207.8775830392,1258.9772140569,979.2731969069,568.822490848,1030.6328324248,1126.991640229],"max_clicks_reward_list":[21.737309942,21.737309942,21.737309942,21.737309942,21.737309942,21.737309942,21.737309942,21.737309942,21.737309942,21.737309942,21.737309942,21.737309942,21.737309942],"max_watch_duration_reward_list":[1727.7080420921,1727.7080420921,1727.7080420921,1727.7080420921,1727.7080420921,1727.7080420921,1727.7080420921,1727.7080420921,1727.7080420921,1727.7080420921,1727.7080420921,1727.7080420921,1727.7080420921]},"BucketSortingWatchTimeAgent":{"actual_clicks_reward_list":[18.0,25.0,14.0,28.0,13.0,20.0,29.0,22.0,25.0,29.0,14.0,22.0,27.0],"actual_watch_duration_reward_list":[876.6241437693,1256.2493754057,562.3958383227,1684.7386769701,990.2915035538,842.8933869712,2236.0447025302,1506.1468182363,1660.3149030337,2233.9874668153,824.2009298888,2062.664561122,1984.910350891],"max_clicks_reward_list":[21.737309942,21.737309942,21.737309942,21.737309942,21.737309942,21.737309942,21.737309942,21.737309942,21.737309942,21.737309942,21.737309942,21.737309942,21.737309942],"max_watch_duration_reward_list":[1727.7080420921,1727.7080420921,1727.7080420921,1727.7080420921,1727.7080420921,1727.7080420921,1727.7080420921,1727.7080420921,1727.7080420921,1727.7080420921,1727.7080420921,1727.7080420921,1727.7080420921]},"PairWiseModelAgent":{"actual_clicks_reward_list":[19.0,31.0,28.0,26.0,22.0,17.0,26.0,24.0,16.0,19.0,16.0,10.0,26.0],"actual_watch_duration_reward_list":[1158.0867132192,1158.2679870181,1301.9999577773,1366.5962056648,1352.0313830517,1005.8327378513,1298.6837499147,1456.4024606201,1142.4689675925,1245.4468382717,760.2321616478,420.7828390557,1609.1777531387],"max_clicks_reward_list":[21.737309942,21.737309942,21.737309942,21.737309942,21.737309942,21.737309942,21.737309942,21.737309942,21.737309942,21.737309942,21.737309942,21.737309942,21.737309942],"max_watch_duration_reward_list":[1727.7080420921,1727.7080420921,1727.7080420921,1727.7080420921,1727.7080420921,1727.7080420921,1727.7080420921,1727.7080420921,1727.7080420921,1727.7080420921,1727.7080420921,1727.7080420921,1727.7080420921]},"WeightedPairWiseModelAgent":{"actual_clicks_reward_list":[19.0,14.0,24.0,14.0,18.0,25.0,21.0,25.0,22.0,19.0,17.0,23.0,15.0],"actual_watch_duration_reward_list":[669.5037468952,643.9374559578,1278.0247590014,877.2657900313,1071.4988714517,1395.5824323805,951.2731799271,1637.8817121658,1034.5115896168,1097.8440633065,1317.3599379527,1307.0854170233,997.3911489283],"max_clicks_reward_list":[21.737309942,21.737309942,21.737309942,21.737309942,21.737309942,21.737309942,21.737309942,21.737309942,21.737309942,21.737309942,21.737309942,21.737309942,21.737309942],"max_watch_duration_reward_list":[1727.7080420921,1727.7080420921,1727.7080420921,1727.7080420921,1727.7080420921,1727.7080420921,1727.7080420921,1727.7080420921,1727.7080420921,1727.7080420921,1727.7080420921,1727.7080420921,1727.7080420921]}}