{"TweedieModelAgent":{"actual_clicks_reward_list":[2100.0,2020.0,2074.0,2179.0,2148.0,1990.0,1860.0,2101.0,2213.0,2045.0,2273.0,2328.0,2277.0],"actual_watch_duration_reward_list":[105731.0092339866,100720.9114697633,103849.1242270636,121766.8843089217,95067.5421198869,123632.0418265709,127102.3661285712,161988.4375350181,163868.8135108811,140109.9790543047,175673.9576293707,177439.4181990444,174168.7032927885],"max_clicks_reward_list":[2607.2574524415,2607.2574524415,2607.2574524415,2607.2574524415,2607.2574524415,2607.2574524415,2607.2574524415,2607.2574524415,2607.2574524415,2607.2574524415,2607.2574524415,2607.2574524415,2607.2574524415],"max_watch_duration_reward_list":[245456.8764279235,245456.8764279235,245456.8764279235,245456.8764279235,245456.8764279235,245456.8764279235,245456.8764279235,245456.8764279235,245456.8764279235,245456.8764279235,245456.8764279235,245456.8764279235,245456.8764279235]},"RegressionModelAgent":{"actual_clicks_reward_list":[2068.0,2019.0,2083.0,2393.0,1922.0,2019.0,2059.0,2114.0,2076.0,1958.0,1955.0,2106.0,1882.0],"actual_watch_duration_reward_list":[103382.3622821357,98279.5508214717,107791.6745344088,111400.4637646705,109879.4807949946,134323.9966684202,130169.1079024516,140895.5862187766,147183.7053468519,135714.5921649405,143283.0282618752,153261.5624963609,118931.0660532863],"max_clicks_reward_list":[2607.2574524415,2607.2574524415,2607.2574524415,2607.2574524415,2607.2574524415,2607.2574524415,2607.2574524415,2607.2574524415,2607.2574524415,2607.2574524415,2607.2574524415,2607.2574524415,2607.2574524415],"max_watch_duration_reward_list":[245456.8764279235,245456.8764279235,245456.8764279235,245456.8764279235,245456.8764279235,245456.8764279235,245456.8764279235,245456.8764279235,245456.8764279235,245456.8764279235,245456.8764279235,245456.8764279235,245456.8764279235]},"WeightedPointWiseModelAgent":{"actual_clicks_reward_list":[2085.0,2029.0,2052.0,2015.0,2099.0,1975.0,2047.0,2092.0,2057.0,2027.0,2052.0,2171.0,2155.0],"actual_watch_duration_reward_list":[104929.8226839773,104481.1220220953,104330.8678105108,115517.7106912106,123525.4161406481,101117.5686242341,121625.1211357756,124259.6900891252,121175.6833391421,117216.392152304,124418.6659785614,129805.7221450709,130468.3250708996],"max_clicks_reward_list":[2607.2574524415,2607.2574524415,2607.2574524415,2607.2574524415,2607.2574524415,2607.2574524415,2607.2574524415,2607.2574524415,2607.2574524415,2607.2574524415,2607.2574524415,2607.2574524415,2607.2574524415],"max_watch_duration_reward_list":[245456.8764279235,245456.8764279235,245456.8764279235,245456.8764279235,245456.8764279235,245456.8764279235,245456.8764279235,245456.8764279235,245456.8764279235,245456.8764279235,245456.8764279235,245456.8764279235,245456.8764279235]},"PointWiseModelAgent":{"actual_clicks_reward_list":[2118.0,2043.0,2043.0,1986.0,1969.0,1965.0,1942.0,1874.0,1950.0,2066.0,2061.0,2177.0,2156.0],"actual_watch_duration_reward_list":[107302.267751049,105006.5939963723,103365.6119671988,97553.2501639131,109560.2692227825,108776.9461175011,90371.6982518249,97263.8964573239,120263.8510533118,99213.9881519626,100565.0869620119,107132.3036936308,103781.2663124798],"max_clicks_reward_list":[2607.2574524415,2607.2574524415,2607.2574524415,2607.2574524415,2607.2574524415,2607.2574524415,2607.2574524415,2607.2574524415,2607.2574524415,2607.2574524415,2607.2574524415,2607.2574524415,2607.2574524415],"max_watch_duration_reward_list":[245456.8764279235,245456.8764279235,245456.8764279235,245456.8764279235,245456.8764279235,245456.8764279235,245456.8764279235,245456.8764279235,245456.8764279235,245456.8764279235,245456.8764279235,245456.8764279235,245456.8764279235]}}