{"TweedieModelAgent":{"actual_clicks_reward_list":[2035.0,2041.0,2050.0,1975.0,2092.0,2035.0,2098.0,1966.0,2095.0,2273.0,2101.0,2142.0,2172.0],"actual_watch_duration_reward_list":[114319.7619520108,119189.5910865352,114377.5248838872,124569.80407678,118211.5895396628,128347.2715695756,125361.3889436379,134562.8763453429,136948.8926663956,169999.9155242734,161816.9525994026,159257.346858212,170746.427172875],"max_clicks_reward_list":[2520.6532682064,2520.6532682064,2520.6532682064,2520.6532682064,2520.6532682064,2520.6532682064,2520.6532682064,2520.6532682064,2520.6532682064,2520.6532682064,2520.6532682064,2520.6532682064,2520.6532682064],"max_watch_duration_reward_list":[216816.1624670906,216816.1624670906,216816.1624670906,216816.1624670906,216816.1624670906,216816.1624670906,216816.1624670906,216816.1624670906,216816.1624670906,216816.1624670906,216816.1624670906,216816.1624670906,216816.1624670906]},"RegressionModelAgent":{"actual_clicks_reward_list":[2060.0,2009.0,1958.0,1887.0,1768.0,2001.0,1840.0,1958.0,2077.0,1881.0,2073.0,1975.0,1949.0],"actual_watch_duration_reward_list":[113942.8972602084,110852.4518802261,110337.6256861628,110876.804599823,79757.7281774179,103063.9781992544,122334.1134864249,134103.7468077696,142997.3893264489,104271.7615978197,124645.0832503995,115122.2413934328,139456.5597583076],"max_clicks_reward_list":[2520.6532682064,2520.6532682064,2520.6532682064,2520.6532682064,2520.6532682064,2520.6532682064,2520.6532682064,2520.6532682064,2520.6532682064,2520.6532682064,2520.6532682064,2520.6532682064,2520.6532682064],"max_watch_duration_reward_list":[216816.1624670906,216816.1624670906,216816.1624670906,216816.1624670906,216816.1624670906,216816.1624670906,216816.1624670906,216816.1624670906,216816.1624670906,216816.1624670906,216816.1624670906,216816.1624670906,216816.1624670906]},"WeightedPointWiseModelAgent":{"actual_clicks_reward_list":[1998.0,2009.0,2181.0,2057.0,2117.0,2060.0,2069.0,2232.0,2024.0,1998.0,2032.0,2101.0,2095.0],"actual_watch_duration_reward_list":[112010.2558875271,115824.6711721407,122158.126528306,116142.4655258553,129064.2712958074,125120.7865567574,122467.3339074658,139530.3013219601,120537.2509110961,118282.5131695266,128734.9015372583,132583.2034236688,129115.8172782375],"max_clicks_reward_list":[2520.6532682064,2520.6532682064,2520.6532682064,2520.6532682064,2520.6532682064,2520.6532682064,2520.6532682064,2520.6532682064,2520.6532682064,2520.6532682064,2520.6532682064,2520.6532682064,2520.6532682064],"max_watch_duration_reward_list":[216816.1624670906,216816.1624670906,216816.1624670906,216816.1624670906,216816.1624670906,216816.1624670906,216816.1624670906,216816.1624670906,216816.1624670906,216816.1624670906,216816.1624670906,216816.1624670906,216816.1624670906]},"PointWiseModelAgent":{"actual_clicks_reward_list":[2005.0,2028.0,1988.0,2029.0,2060.0,1790.0,2036.0,2110.0,2052.0,1928.0,2125.0,2219.0,2323.0],"actual_watch_duration_reward_list":[109991.2224910986,119003.8105729876,113853.2777910645,109901.7342019143,140251.3913470745,110852.4463095406,106881.3903513043,108428.3958965453,128828.190996003,128430.7421545001,116551.4275089903,120662.526380838,131939.1716326825],"max_clicks_reward_list":[2520.6532682064,2520.6532682064,2520.6532682064,2520.6532682064,2520.6532682064,2520.6532682064,2520.6532682064,2520.6532682064,2520.6532682064,2520.6532682064,2520.6532682064,2520.6532682064,2520.6532682064],"max_watch_duration_reward_list":[216816.1624670906,216816.1624670906,216816.1624670906,216816.1624670906,216816.1624670906,216816.1624670906,216816.1624670906,216816.1624670906,216816.1624670906,216816.1624670906,216816.1624670906,216816.1624670906,216816.1624670906]}}