{"TweedieModelAgent":{"actual_clicks_reward_list":[212.0,193.0,175.0,197.0,224.0,228.0,169.0,202.0,221.0,220.0,244.0,178.0,186.0],"actual_watch_duration_reward_list":[12538.0027529544,11159.3980560488,9516.9686274136,10995.0306959984,14530.9041108623,14478.1796230047,11771.3201035208,12708.2010875393,13828.7751412751,13561.8984934342,14509.9560310261,10478.3482540812,11423.2337068204],"max_clicks_reward_list":[242.3672243802,242.3672243802,242.3672243802,242.3672243802,242.3672243802,242.3672243802,242.3672243802,242.3672243802,242.3672243802,242.3672243802,242.3672243802,242.3672243802,242.3672243802],"max_watch_duration_reward_list":[18734.0135143371,18734.0135143371,18734.0135143371,18734.0135143371,18734.0135143371,18734.0135143371,18734.0135143371,18734.0135143371,18734.0135143371,18734.0135143371,18734.0135143371,18734.0135143371,18734.0135143371]},"WeightedPointWiseModelAgent":{"actual_clicks_reward_list":[177.0,187.0,188.0,169.0,190.0,203.0,194.0,187.0,167.0,170.0,169.0,208.0,195.0],"actual_watch_duration_reward_list":[10686.7103908859,10498.646323326,11714.3762356176,9936.5530302575,11089.7515775533,11746.7598809452,11517.2612027631,11222.5199256555,10255.9512306094,11168.3035585252,9153.0393089303,12614.9076098006,11992.4048688434],"max_clicks_reward_list":[242.3672243802,242.3672243802,242.3672243802,242.3672243802,242.3672243802,242.3672243802,242.3672243802,242.3672243802,242.3672243802,242.3672243802,242.3672243802,242.3672243802,242.3672243802],"max_watch_duration_reward_list":[18734.0135143371,18734.0135143371,18734.0135143371,18734.0135143371,18734.0135143371,18734.0135143371,18734.0135143371,18734.0135143371,18734.0135143371,18734.0135143371,18734.0135143371,18734.0135143371,18734.0135143371]},"PointWiseModelAgent":{"actual_clicks_reward_list":[169.0,184.0,177.0,181.0,186.0,177.0,196.0,225.0,211.0,212.0,197.0,192.0,195.0],"actual_watch_duration_reward_list":[9784.2193290143,11224.065727882,11293.1267319404,8254.9689012782,10343.8474548831,10053.4790297294,9410.9496074942,12130.9578232392,11807.2593735633,12011.5811062063,9920.0076708773,9701.9398391752,10777.8041205947],"max_clicks_reward_list":[242.3672243802,242.3672243802,242.3672243802,242.3672243802,242.3672243802,242.3672243802,242.3672243802,242.3672243802,242.3672243802,242.3672243802,242.3672243802,242.3672243802,242.3672243802],"max_watch_duration_reward_list":[18734.0135143371,18734.0135143371,18734.0135143371,18734.0135143371,18734.0135143371,18734.0135143371,18734.0135143371,18734.0135143371,18734.0135143371,18734.0135143371,18734.0135143371,18734.0135143371,18734.0135143371]}}