{"TweedieModelAgent":{"actual_clicks_reward_list":[2021.0,2003.0,2142.0,1971.0,2059.0,2072.0,2137.0,2113.0,2132.0,2067.0,2221.0,2125.0,2132.0],"actual_watch_duration_reward_list":[94530.599901415,97463.4595259419,107424.7228551841,116194.4409281206,155414.2755967147,161271.5533495148,161069.6900674305,161208.0486891765,163524.4782340071,156084.9765892853,168859.2092066431,163405.0282253429,161907.814852018],"max_clicks_reward_list":[2633.8355897024,2633.8355897024,2633.8355897024,2633.8355897024,2633.8355897024,2633.8355897024,2633.8355897024,2633.8355897024,2633.8355897024,2633.8355897024,2633.8355897024,2633.8355897024,2633.8355897024],"max_watch_duration_reward_list":[226077.8267935477,226077.8267935477,226077.8267935477,226077.8267935477,226077.8267935477,226077.8267935477,226077.8267935477,226077.8267935477,226077.8267935477,226077.8267935477,226077.8267935477,226077.8267935477,226077.8267935477]},"RegressionModelAgent":{"actual_clicks_reward_list":[2051.0,2074.0,2029.0,2078.0,1980.0,2167.0,2057.0,2028.0,1985.0,2063.0,1956.0,2034.0,2007.0],"actual_watch_duration_reward_list":[95604.5876502159,102438.4416854018,97983.2336904084,131126.8964158677,113849.9912736273,140235.6356214018,117015.3587054075,160576.2643924295,125288.3635061715,148175.3504628552,142099.1587878896,129998.7633615898,156135.1824653404],"max_clicks_reward_list":[2633.8355897024,2633.8355897024,2633.8355897024,2633.8355897024,2633.8355897024,2633.8355897024,2633.8355897024,2633.8355897024,2633.8355897024,2633.8355897024,2633.8355897024,2633.8355897024,2633.8355897024],"max_watch_duration_reward_list":[226077.8267935477,226077.8267935477,226077.8267935477,226077.8267935477,226077.8267935477,226077.8267935477,226077.8267935477,226077.8267935477,226077.8267935477,226077.8267935477,226077.8267935477,226077.8267935477,226077.8267935477]},"WeightedPointWiseModelAgent":{"actual_clicks_reward_list":[2021.0,2121.0,2069.0,2040.0,2052.0,2087.0,2228.0,2218.0,2138.0,2086.0,2138.0,2056.0,2126.0],"actual_watch_duration_reward_list":[101680.2325586744,104325.8554202686,101222.1822401512,127954.6298102863,120741.8837636875,124270.5768976488,130894.6778667293,138139.8407331273,127748.2231515647,124592.8087239042,130654.9037548818,124883.0796648007,130161.5824410578],"max_clicks_reward_list":[2633.8355897024,2633.8355897024,2633.8355897024,2633.8355897024,2633.8355897024,2633.8355897024,2633.8355897024,2633.8355897024,2633.8355897024,2633.8355897024,2633.8355897024,2633.8355897024,2633.8355897024],"max_watch_duration_reward_list":[226077.8267935477,226077.8267935477,226077.8267935477,226077.8267935477,226077.8267935477,226077.8267935477,226077.8267935477,226077.8267935477,226077.8267935477,226077.8267935477,226077.8267935477,226077.8267935477,226077.8267935477]},"PointWiseModelAgent":{"actual_clicks_reward_list":[2122.0,2037.0,1982.0,1850.0,2116.0,2101.0,1983.0,1993.0,2095.0,2035.0,1948.0,2026.0,2293.0],"actual_watch_duration_reward_list":[101090.5037084208,102606.9467827264,98286.727761253,96426.0456466617,128252.2725950878,133216.4175122562,127916.0840587729,107481.3877772973,99702.3339704432,118424.049299258,97584.8409980925,129075.2140318485,118192.9257228974],"max_clicks_reward_list":[2633.8355897024,2633.8355897024,2633.8355897024,2633.8355897024,2633.8355897024,2633.8355897024,2633.8355897024,2633.8355897024,2633.8355897024,2633.8355897024,2633.8355897024,2633.8355897024,2633.8355897024],"max_watch_duration_reward_list":[226077.8267935477,226077.8267935477,226077.8267935477,226077.8267935477,226077.8267935477,226077.8267935477,226077.8267935477,226077.8267935477,226077.8267935477,226077.8267935477,226077.8267935477,226077.8267935477,226077.8267935477]}}