{"TweedieModelAgent":{"actual_clicks_reward_list":[176.0,165.0,197.0,178.0,213.0,208.0,231.0,247.0,213.0,256.0,222.0,217.0,212.0],"actual_watch_duration_reward_list":[6800.9513029129,7946.902495507,8118.6651891944,7684.3772747103,11067.5490619847,14511.7965541224,15089.8874426872,18901.0267247963,16145.3778495373,19191.1361745225,18614.1299819499,16488.1398964688,15976.0678074727],"max_clicks_reward_list":[248.9399130305,248.9399130305,248.9399130305,248.9399130305,248.9399130305,248.9399130305,248.9399130305,248.9399130305,248.9399130305,248.9399130305,248.9399130305,248.9399130305,248.9399130305],"max_watch_duration_reward_list":[20985.2784288826,20985.2784288826,20985.2784288826,20985.2784288826,20985.2784288826,20985.2784288826,20985.2784288826,20985.2784288826,20985.2784288826,20985.2784288826,20985.2784288826,20985.2784288826,20985.2784288826]},"WeightedPointWiseModelAgent":{"actual_clicks_reward_list":[168.0,209.0,198.0,196.0,219.0,201.0,209.0,224.0,198.0,223.0,199.0,222.0,215.0],"actual_watch_duration_reward_list":[6574.3852576189,8674.2136961584,8319.5948966795,9577.6918259182,9805.2819874813,11306.3281370429,12592.515205952,15064.1269303542,13655.8524889053,13379.7634303202,13250.7799119792,14494.260529014,14256.782759476],"max_clicks_reward_list":[248.9399130305,248.9399130305,248.9399130305,248.9399130305,248.9399130305,248.9399130305,248.9399130305,248.9399130305,248.9399130305,248.9399130305,248.9399130305,248.9399130305,248.9399130305],"max_watch_duration_reward_list":[20985.2784288826,20985.2784288826,20985.2784288826,20985.2784288826,20985.2784288826,20985.2784288826,20985.2784288826,20985.2784288826,20985.2784288826,20985.2784288826,20985.2784288826,20985.2784288826,20985.2784288826]},"PointWiseModelAgent":{"actual_clicks_reward_list":[203.0,201.0,187.0,200.0,208.0,193.0,198.0,162.0,210.0,216.0,194.0,227.0,243.0],"actual_watch_duration_reward_list":[8362.1919526163,8682.2539412644,8330.1284528462,13339.9660744035,9660.3244239247,9704.2572639773,8563.1778762554,8104.3722096023,13483.2334048378,14536.2348804226,11059.976255098,13772.05958414,14132.7774237048],"max_clicks_reward_list":[248.9399130305,248.9399130305,248.9399130305,248.9399130305,248.9399130305,248.9399130305,248.9399130305,248.9399130305,248.9399130305,248.9399130305,248.9399130305,248.9399130305,248.9399130305],"max_watch_duration_reward_list":[20985.2784288826,20985.2784288826,20985.2784288826,20985.2784288826,20985.2784288826,20985.2784288826,20985.2784288826,20985.2784288826,20985.2784288826,20985.2784288826,20985.2784288826,20985.2784288826,20985.2784288826]},"BanditAgent":{"actual_clicks_reward_list":[185.0,172.0,188.0,196.0,204.0,215.0,185.0,201.0,222.0,218.0,187.0,209.0,189.0],"actual_watch_duration_reward_list":[7755.2650990487,7890.8552674857,8173.195498004,10682.4217474263,11663.3595907438,11850.7421570836,10529.9184568211,12305.4763690743,12994.9178728487,12693.5949934385,11409.7806577595,13491.9552128424,11507.4122257429],"max_clicks_reward_list":[248.9399130305,248.9399130305,248.9399130305,248.9399130305,248.9399130305,248.9399130305,248.9399130305,248.9399130305,248.9399130305,248.9399130305,248.9399130305,248.9399130305,248.9399130305],"max_watch_duration_reward_list":[20985.2784288826,20985.2784288826,20985.2784288826,20985.2784288826,20985.2784288826,20985.2784288826,20985.2784288826,20985.2784288826,20985.2784288826,20985.2784288826,20985.2784288826,20985.2784288826,20985.2784288826]},"BucketSortingAgent":{"actual_clicks_reward_list":[189.0,187.0,196.0,249.0,232.0,243.0,249.0,247.0,210.0,241.0,239.0,257.0,238.0],"actual_watch_duration_reward_list":[8406.6845808547,8303.3436799512,8184.6924105761,13042.162550979,11759.0726813299,13011.8550286524,13697.6045079878,13003.2665286215,11354.2108796178,14263.6062139274,14824.3973217374,14293.3042137201,13963.1756068289],"max_clicks_reward_list":[248.9399130305,248.9399130305,248.9399130305,248.9399130305,248.9399130305,248.9399130305,248.9399130305,248.9399130305,248.9399130305,248.9399130305,248.9399130305,248.9399130305,248.9399130305],"max_watch_duration_reward_list":[20985.2784288826,20985.2784288826,20985.2784288826,20985.2784288826,20985.2784288826,20985.2784288826,20985.2784288826,20985.2784288826,20985.2784288826,20985.2784288826,20985.2784288826,20985.2784288826,20985.2784288826]},"BucketSortingWatchTimeAgent":{"actual_clicks_reward_list":[174.0,194.0,165.0,213.0,236.0,226.0,226.0,225.0,228.0,201.0,209.0,200.0,221.0],"actual_watch_duration_reward_list":[5967.7615381674,7867.271197652,6404.0548677107,11600.9505797594,14124.1169411291,14993.2330319535,13510.6030412645,13458.032889225,14292.0977092074,12708.8699931422,11706.1029511826,11880.8341547126,13937.894356148],"max_clicks_reward_list":[248.9399130305,248.9399130305,248.9399130305,248.9399130305,248.9399130305,248.9399130305,248.9399130305,248.9399130305,248.9399130305,248.9399130305,248.9399130305,248.9399130305,248.9399130305],"max_watch_duration_reward_list":[20985.2784288826,20985.2784288826,20985.2784288826,20985.2784288826,20985.2784288826,20985.2784288826,20985.2784288826,20985.2784288826,20985.2784288826,20985.2784288826,20985.2784288826,20985.2784288826,20985.2784288826]},"PairWiseModelAgent":{"actual_clicks_reward_list":[207.0,201.0,210.0,199.0,167.0,184.0,211.0,196.0,224.0,210.0,235.0,213.0,212.0],"actual_watch_duration_reward_list":[8604.4750474337,9009.2909560124,9141.1018298201,10382.7814960255,7554.7409536027,6749.9718676049,10974.412450741,8982.601736628,10762.4959784316,9360.8671318095,11347.3573321623,10427.9221336951,11786.789678039],"max_clicks_reward_list":[248.9399130305,248.9399130305,248.9399130305,248.9399130305,248.9399130305,248.9399130305,248.9399130305,248.9399130305,248.9399130305,248.9399130305,248.9399130305,248.9399130305,248.9399130305],"max_watch_duration_reward_list":[20985.2784288826,20985.2784288826,20985.2784288826,20985.2784288826,20985.2784288826,20985.2784288826,20985.2784288826,20985.2784288826,20985.2784288826,20985.2784288826,20985.2784288826,20985.2784288826,20985.2784288826]},"WeightedPairWiseModelAgent":{"actual_clicks_reward_list":[198.0,196.0,180.0,211.0,205.0,199.0,215.0,245.0,195.0,214.0,212.0,197.0,210.0],"actual_watch_duration_reward_list":[8854.7618819695,7744.6952392502,7645.442573317,14347.4419820025,12215.3647840066,11366.8600381086,14637.8384014448,14800.9735061068,12291.8958186326,14942.0965980483,14127.5361428921,13950.1452120221,16129.3008050106],"max_clicks_reward_list":[248.9399130305,248.9399130305,248.9399130305,248.9399130305,248.9399130305,248.9399130305,248.9399130305,248.9399130305,248.9399130305,248.9399130305,248.9399130305,248.9399130305,248.9399130305],"max_watch_duration_reward_list":[20985.2784288826,20985.2784288826,20985.2784288826,20985.2784288826,20985.2784288826,20985.2784288826,20985.2784288826,20985.2784288826,20985.2784288826,20985.2784288826,20985.2784288826,20985.2784288826,20985.2784288826]}}