{"TweedieModelAgent":{"actual_clicks_reward_list":[195.0,172.0,193.0,208.0,186.0,191.0,219.0,224.0,189.0,236.0,211.0,218.0,211.0],"actual_watch_duration_reward_list":[9063.1982155771,7904.2686397629,9215.2924109129,13701.8353759257,12980.3008026234,11923.1629355154,16903.8081297242,15543.7450433045,12837.3700165983,16975.1309383002,14321.3967126724,14989.2165597338,16731.5260365887],"max_clicks_reward_list":[247.0125302045,247.0125302045,247.0125302045,247.0125302045,247.0125302045,247.0125302045,247.0125302045,247.0125302045,247.0125302045,247.0125302045,247.0125302045,247.0125302045,247.0125302045],"max_watch_duration_reward_list":[19054.7127388857,19054.7127388857,19054.7127388857,19054.7127388857,19054.7127388857,19054.7127388857,19054.7127388857,19054.7127388857,19054.7127388857,19054.7127388857,19054.7127388857,19054.7127388857,19054.7127388857]},"WeightedPointWiseModelAgent":{"actual_clicks_reward_list":[190.0,206.0,177.0,187.0,173.0,190.0,167.0,152.0,196.0,215.0,179.0,201.0,184.0],"actual_watch_duration_reward_list":[8091.5831808993,9152.250784884,8089.3548285433,9293.4963630984,8535.0202037847,8190.0675123646,7971.7920875873,7538.9443688901,10229.0881392321,11176.4218204404,9294.1934668065,11347.4951089509,11053.7700844015],"max_clicks_reward_list":[247.0125302045,247.0125302045,247.0125302045,247.0125302045,247.0125302045,247.0125302045,247.0125302045,247.0125302045,247.0125302045,247.0125302045,247.0125302045,247.0125302045,247.0125302045],"max_watch_duration_reward_list":[19054.7127388857,19054.7127388857,19054.7127388857,19054.7127388857,19054.7127388857,19054.7127388857,19054.7127388857,19054.7127388857,19054.7127388857,19054.7127388857,19054.7127388857,19054.7127388857,19054.7127388857]},"PointWiseModelAgent":{"actual_clicks_reward_list":[216.0,187.0,198.0,204.0,207.0,182.0,198.0,205.0,208.0,216.0,243.0,255.0,238.0],"actual_watch_duration_reward_list":[9312.3409719289,8277.1989220645,9616.9594391921,11914.3822659497,12218.0429949421,12590.5952322687,10989.8379651979,11488.2403146501,10407.6356043237,11148.0959003008,12776.3557168191,17495.5297947054,17152.2215168709],"max_clicks_reward_list":[247.0125302045,247.0125302045,247.0125302045,247.0125302045,247.0125302045,247.0125302045,247.0125302045,247.0125302045,247.0125302045,247.0125302045,247.0125302045,247.0125302045,247.0125302045],"max_watch_duration_reward_list":[19054.7127388857,19054.7127388857,19054.7127388857,19054.7127388857,19054.7127388857,19054.7127388857,19054.7127388857,19054.7127388857,19054.7127388857,19054.7127388857,19054.7127388857,19054.7127388857,19054.7127388857]}}