{"TweedieModelAgent":{"actual_clicks_reward_list":[1165.0,1132.0,1118.0,910.0,1064.0,982.0,1007.0,1051.0,1023.0,1097.0,1030.0,1132.0,1057.0],"actual_watch_duration_reward_list":[64031.5233094458,64696.4326502591,59340.1384213796,43609.4109017777,55354.7162319573,59187.4531511557,51473.161244232,61112.0518531901,62331.2452090378,70736.0862215241,65573.3195491427,72487.6714828594,65906.5294377676],"max_clicks_reward_list":[1269.7421036292,1269.7421036292,1269.7421036292,1269.7421036292,1269.7421036292,1269.7421036292,1269.7421036292,1269.7421036292,1269.7421036292,1269.7421036292,1269.7421036292,1269.7421036292,1269.7421036292],"max_watch_duration_reward_list":[103760.3384497709,103760.3384497709,103760.3384497709,103760.3384497709,103760.3384497709,103760.3384497709,103760.3384497709,103760.3384497709,103760.3384497709,103760.3384497709,103760.3384497709,103760.3384497709,103760.3384497709]},"RegressionModelAgent":{"actual_clicks_reward_list":[1133.0,1095.0,1122.0,1112.0,1015.0,991.0,1013.0,1002.0,962.0,1084.0,1021.0,1070.0,1004.0],"actual_watch_duration_reward_list":[62310.2273728083,60749.8312096181,60089.8836717507,59203.9303188041,64480.8969688633,60767.7893350285,48736.8886372041,73176.7293651576,66240.9646509692,79244.7582829633,71226.020314373,72533.8052945763,73964.6665140239],"max_clicks_reward_list":[1269.7421036292,1269.7421036292,1269.7421036292,1269.7421036292,1269.7421036292,1269.7421036292,1269.7421036292,1269.7421036292,1269.7421036292,1269.7421036292,1269.7421036292,1269.7421036292,1269.7421036292],"max_watch_duration_reward_list":[103760.3384497709,103760.3384497709,103760.3384497709,103760.3384497709,103760.3384497709,103760.3384497709,103760.3384497709,103760.3384497709,103760.3384497709,103760.3384497709,103760.3384497709,103760.3384497709,103760.3384497709]},"WeightedPointWiseModelAgent":{"actual_clicks_reward_list":[1071.0,1107.0,1073.0,1087.0,1039.0,1123.0,1091.0,1050.0,1115.0,1106.0,1209.0,1116.0,1135.0],"actual_watch_duration_reward_list":[59116.01071732,58847.3968047674,57432.487756066,60760.451564867,58342.611927902,64276.5651435239,62585.1231842691,58760.1567415143,64485.5188960968,66199.4750578616,70801.7333352636,64916.5839711571,65943.240471395],"max_clicks_reward_list":[1269.7421036292,1269.7421036292,1269.7421036292,1269.7421036292,1269.7421036292,1269.7421036292,1269.7421036292,1269.7421036292,1269.7421036292,1269.7421036292,1269.7421036292,1269.7421036292,1269.7421036292],"max_watch_duration_reward_list":[103760.3384497709,103760.3384497709,103760.3384497709,103760.3384497709,103760.3384497709,103760.3384497709,103760.3384497709,103760.3384497709,103760.3384497709,103760.3384497709,103760.3384497709,103760.3384497709,103760.3384497709]},"PointWiseModelAgent":{"actual_clicks_reward_list":[1142.0,1192.0,1065.0,1157.0,1023.0,934.0,1044.0,1173.0,1206.0,1256.0,1198.0,1106.0,1192.0],"actual_watch_duration_reward_list":[60945.0492640961,67065.4765376226,58388.7457818634,48315.5425525757,52736.0037744648,55051.4190961229,68756.9938636862,56645.9947833309,54385.9103465508,59414.9512948403,58961.5605820162,50853.9903310682,53749.7791720646],"max_clicks_reward_list":[1269.7421036292,1269.7421036292,1269.7421036292,1269.7421036292,1269.7421036292,1269.7421036292,1269.7421036292,1269.7421036292,1269.7421036292,1269.7421036292,1269.7421036292,1269.7421036292,1269.7421036292],"max_watch_duration_reward_list":[103760.3384497709,103760.3384497709,103760.3384497709,103760.3384497709,103760.3384497709,103760.3384497709,103760.3384497709,103760.3384497709,103760.3384497709,103760.3384497709,103760.3384497709,103760.3384497709,103760.3384497709]},"BanditAgent":{"actual_clicks_reward_list":[1137.0,1137.0,1086.0,1016.0,1043.0,1049.0,1026.0,1034.0,1018.0,1001.0,1003.0,1032.0,930.0],"actual_watch_duration_reward_list":[60310.5808655821,63877.5430732064,59796.7325349037,56071.332496295,58041.26604668,58151.3408078831,58321.7251283754,58506.7317976129,54942.9954827044,53302.1148022943,55748.1035871168,55606.5086751712,49723.120992149],"max_clicks_reward_list":[1269.7421036292,1269.7421036292,1269.7421036292,1269.7421036292,1269.7421036292,1269.7421036292,1269.7421036292,1269.7421036292,1269.7421036292,1269.7421036292,1269.7421036292,1269.7421036292,1269.7421036292],"max_watch_duration_reward_list":[103760.3384497709,103760.3384497709,103760.3384497709,103760.3384497709,103760.3384497709,103760.3384497709,103760.3384497709,103760.3384497709,103760.3384497709,103760.3384497709,103760.3384497709,103760.3384497709,103760.3384497709]},"BucketSortingAgent":{"actual_clicks_reward_list":[1139.0,1126.0,1073.0,1126.0,1104.0,1162.0,1176.0,1125.0,1152.0,1135.0,1166.0,1142.0,1130.0],"actual_watch_duration_reward_list":[62002.5934479192,61521.2732225276,59012.3474526982,58692.2473580425,58539.310602732,63953.2447156434,61911.4381989248,59325.0546763278,64874.9425981132,58660.7780152722,62957.7529716532,60185.7223097127,60133.197893454],"max_clicks_reward_list":[1269.7421036292,1269.7421036292,1269.7421036292,1269.7421036292,1269.7421036292,1269.7421036292,1269.7421036292,1269.7421036292,1269.7421036292,1269.7421036292,1269.7421036292,1269.7421036292,1269.7421036292],"max_watch_duration_reward_list":[103760.3384497709,103760.3384497709,103760.3384497709,103760.3384497709,103760.3384497709,103760.3384497709,103760.3384497709,103760.3384497709,103760.3384497709,103760.3384497709,103760.3384497709,103760.3384497709,103760.3384497709]},"BucketSortingWatchTimeAgent":{"actual_clicks_reward_list":[1149.0,1094.0,1093.0,1111.0,1188.0,1092.0,1135.0,1113.0,1134.0,1121.0,1065.0,1074.0,1095.0],"actual_watch_duration_reward_list":[63138.6457528844,60310.3299642271,61646.3127378432,60714.5862956817,62913.7174306752,56803.2085614614,65829.8437591735,63052.8212569696,61807.1806922366,63807.1625172867,57761.7546713412,61248.727803163,59400.58334699],"max_clicks_reward_list":[1269.7421036292,1269.7421036292,1269.7421036292,1269.7421036292,1269.7421036292,1269.7421036292,1269.7421036292,1269.7421036292,1269.7421036292,1269.7421036292,1269.7421036292,1269.7421036292,1269.7421036292],"max_watch_duration_reward_list":[103760.3384497709,103760.3384497709,103760.3384497709,103760.3384497709,103760.3384497709,103760.3384497709,103760.3384497709,103760.3384497709,103760.3384497709,103760.3384497709,103760.3384497709,103760.3384497709,103760.3384497709]},"PairWiseModelAgent":{"actual_clicks_reward_list":[1048.0,1106.0,1130.0,913.0,1052.0,951.0,1086.0,1032.0,886.0,999.0,1087.0,1084.0,1087.0],"actual_watch_duration_reward_list":[58062.5032325764,61588.3616742197,63147.1791893893,45748.582866466,40281.2295579305,57879.0998235961,43800.6739661165,53817.3875074684,55560.4351836778,55617.7352994179,57115.1619426402,50200.3428804211,54659.6388290862],"max_clicks_reward_list":[1269.7421036292,1269.7421036292,1269.7421036292,1269.7421036292,1269.7421036292,1269.7421036292,1269.7421036292,1269.7421036292,1269.7421036292,1269.7421036292,1269.7421036292,1269.7421036292,1269.7421036292],"max_watch_duration_reward_list":[103760.3384497709,103760.3384497709,103760.3384497709,103760.3384497709,103760.3384497709,103760.3384497709,103760.3384497709,103760.3384497709,103760.3384497709,103760.3384497709,103760.3384497709,103760.3384497709,103760.3384497709]},"WeightedPairWiseModelAgent":{"actual_clicks_reward_list":[1061.0,1076.0,1082.0,1089.0,1012.0,1077.0,1161.0,1066.0,1020.0,1147.0,1097.0,1145.0,1036.0],"actual_watch_duration_reward_list":[61291.8863430848,58712.9452354347,59347.523077042,57437.1777692956,53461.9616942886,51144.9474336603,63011.4301123907,58712.7989645403,65449.0043312631,63923.0795415065,61693.3086054204,61537.9988076039,60504.7976072448],"max_clicks_reward_list":[1269.7421036292,1269.7421036292,1269.7421036292,1269.7421036292,1269.7421036292,1269.7421036292,1269.7421036292,1269.7421036292,1269.7421036292,1269.7421036292,1269.7421036292,1269.7421036292,1269.7421036292],