{"TweedieModelAgent":{"actual_clicks_reward_list":[23.0,19.0,17.0,24.0,23.0,22.0,24.0,23.0,23.0,25.0,21.0,19.0,23.0],"actual_watch_duration_reward_list":[1435.3207483434,1007.9179976395,1043.6000455095,1457.9309931387,1543.4547236652,1129.3232316918,1346.3187788412,1094.0879375884,1106.4450231344,1646.954497164,1245.014594894,1119.9671832706,1206.7595521155],"max_clicks_reward_list":[21.6413010107,21.6413010107,21.6413010107,21.6413010107,21.6413010107,21.6413010107,21.6413010107,21.6413010107,21.6413010107,21.6413010107,21.6413010107,21.6413010107,21.6413010107],"max_watch_duration_reward_list":[1791.2457266074,1791.2457266074,1791.2457266074,1791.2457266074,1791.2457266074,1791.2457266074,1791.2457266074,1791.2457266074,1791.2457266074,1791.2457266074,1791.2457266074,1791.2457266074,1791.2457266074]},"WeightedPointWiseModelAgent":{"actual_clicks_reward_list":[22.0,20.0,27.0,18.0,21.0,28.0,25.0,26.0,19.0,28.0,20.0,21.0,22.0],"actual_watch_duration_reward_list":[1210.0221211297,1086.6819263172,1807.2134563939,1053.7658588185,1685.3386255906,1848.3847680651,1503.5325774966,1399.0405907551,945.2928237511,1403.6202699376,1170.253608678,1182.8816714451,1515.9524570875],"max_clicks_reward_list":[21.6413010107,21.6413010107,21.6413010107,21.6413010107,21.6413010107,21.6413010107,21.6413010107,21.6413010107,21.6413010107,21.6413010107,21.6413010107,21.6413010107,21.6413010107],"max_watch_duration_reward_list":[1791.2457266074,1791.2457266074,1791.2457266074,1791.2457266074,1791.2457266074,1791.2457266074,1791.2457266074,1791.2457266074,1791.2457266074,1791.2457266074,1791.2457266074,1791.2457266074,1791.2457266074]},"PointWiseModelAgent":{"actual_clicks_reward_list":[20.0,20.0,14.0,22.0,21.0,23.0,15.0,15.0,26.0,20.0,24.0,20.0,22.0],"actual_watch_duration_reward_list":[1108.4389674063,898.0453678959,735.5286199373,1942.5866559506,1115.8166621619,1504.8229615653,1064.3362842779,718.7335258067,1427.3025980719,766.5775217594,1128.9842720563,975.9569192457,1403.1010996561],"max_clicks_reward_list":[21.6413010107,21.6413010107,21.6413010107,21.6413010107,21.6413010107,21.6413010107,21.6413010107,21.6413010107,21.6413010107,21.6413010107,21.6413010107,21.6413010107,21.6413010107],"max_watch_duration_reward_list":[1791.2457266074,1791.2457266074,1791.2457266074,1791.2457266074,1791.2457266074,1791.2457266074,1791.2457266074,1791.2457266074,1791.2457266074,1791.2457266074,1791.2457266074,1791.2457266074,1791.2457266074]},"BanditAgent":{"actual_clicks_reward_list":[16.0,13.0,19.0,21.0,22.0,13.0,21.0,18.0,15.0,14.0,13.0,23.0,27.0],"actual_watch_duration_reward_list":[938.9849801117,637.1041836238,825.024766959,1286.4691131788,1133.1244955439,720.7449881585,1269.9142520231,1192.2071602798,1147.7957848688,904.0659101111,678.2516946596,1680.9895508793,1390.7332270065],"max_clicks_reward_list":[21.6413010107,21.6413010107,21.6413010107,21.6413010107,21.6413010107,21.6413010107,21.6413010107,21.6413010107,21.6413010107,21.6413010107,21.6413010107,21.6413010107,21.6413010107],"max_watch_duration_reward_list":[1791.2457266074,1791.2457266074,1791.2457266074,1791.2457266074,1791.2457266074,1791.2457266074,1791.2457266074,1791.2457266074,1791.2457266074,1791.2457266074,1791.2457266074,1791.2457266074,1791.2457266074]},"BucketSortingAgent":{"actual_clicks_reward_list":[19.0,22.0,18.0,20.0,18.0,23.0,20.0,22.0,19.0,27.0,18.0,26.0,32.0],"actual_watch_duration_reward_list":[1506.329392914,1402.5740103806,585.0702581119,1319.8236856005,1173.6800590586,1310.0964813813,1035.7462324573,1060.7178874505,587.7900756395,1166.5547931829,942.8779279443,1559.7498123401,917.2182394805],"max_clicks_reward_list":[21.6413010107,21.6413010107,21.6413010107,21.6413010107,21.6413010107,21.6413010107,21.6413010107,21.6413010107,21.6413010107,21.6413010107,21.6413010107,21.6413010107,21.6413010107],"max_watch_duration_reward_list":[1791.2457266074,1791.2457266074,1791.2457266074,1791.2457266074,1791.2457266074,1791.2457266074,1791.2457266074,1791.2457266074,1791.2457266074,1791.2457266074,1791.2457266074,1791.2457266074,1791.2457266074]},"BucketSortingWatchTimeAgent":{"actual_clicks_reward_list":[18.0,15.0,27.0,18.0,14.0,25.0,17.0,22.0,26.0,22.0,11.0,18.0,16.0],"actual_watch_duration_reward_list":[968.228983642,778.0889373819,1272.3592334351,693.8790413948,841.7849399266,1466.4924049753,794.6791188848,1192.1454940871,1699.2511962483,1185.0577668304,582.5070854797,1087.933900857,722.7636974911],"max_clicks_reward_list":[21.6413010107,21.6413010107,21.6413010107,21.6413010107,21.6413010107,21.6413010107,21.6413010107,21.6413010107,21.6413010107,21.6413010107,21.6413010107,21.6413010107,21.6413010107],"max_watch_duration_reward_list":[1791.2457266074,1791.2457266074,1791.2457266074,1791.2457266074,1791.2457266074,1791.2457266074,1791.2457266074,1791.2457266074,1791.2457266074,1791.2457266074,1791.2457266074,1791.2457266074,1791.2457266074]},"PairWiseModelAgent":{"actual_clicks_reward_list":[27.0,21.0,21.0,24.0,24.0,23.0,17.0,16.0,18.0,25.0,18.0,21.0,24.0],"actual_watch_duration_reward_list":[1058.5992622112,971.0299429172,1657.7642183351,1282.5217030028,1985.2477359169,1181.5715219592,912.1182125731,1067.1326995941,677.9780558451,1126.0512429813,1035.5906301721,1165.062667693,1562.7734088597],"max_clicks_reward_list":[21.6413010107,21.6413010107,21.6413010107,21.6413010107,21.6413010107,21.6413010107,21.6413010107,21.6413010107,21.6413010107,21.6413010107,21.6413010107,21.6413010107,21.6413010107],"max_watch_duration_reward_list":[1791.2457266074,1791.2457266074,1791.2457266074,1791.2457266074,1791.2457266074,1791.2457266074,1791.2457266074,1791.2457266074,1791.2457266074,1791.2457266074,1791.2457266074,1791.2457266074,1791.2457266074]},"WeightedPairWiseModelAgent":{"actual_clicks_reward_list":[18.0,12.0,20.0,19.0,20.0,22.0,19.0,25.0,17.0,25.0,17.0,21.0,22.0],"actual_watch_duration_reward_list":[1204.6914780057,688.7240361182,1466.4557362066,1152.0997247246,1585.2691136483,1317.45850117,1618.0886046006,1798.2892816817,1238.1116680956,2471.8806516266,1028.6693453591,1662.8598255337,1956.6209225767],"max_clicks_reward_list":[21.6413010107,21.6413010107,21.6413010107,21.6413010107,21.6413010107,21.6413010107,21.6413010107,21.6413010107,21.6413010107,21.6413010107,21.6413010107,21.6413010107,21.6413010107],"max_watch_duration_reward_list":[1791.2457266074,1791.2457266074,1791.2457266074,1791.2457266074,1791.2457266074,1791.2457266074,1791.2457266074,1791.2457266074,1791.2457266074,1791.2457266074,1791.2457266074,1791.2457266074,1791.2457266074]}}