{"TweedieModelAgent":{"actual_clicks_reward_list":[2032.0,1947.0,2047.0,2179.0,1814.0,1946.0,2106.0,2089.0,2183.0,2113.0,2229.0,2275.0,2215.0],"actual_watch_duration_reward_list":[90795.3113008568,85515.0098834518,93303.9355870926,104894.2827303713,130704.4029490718,135942.1332991841,145845.6107018609,154357.1451109901,158701.7159814111,151846.6517589089,159118.3013267897,159054.4163992264,164035.6677263059],"max_clicks_reward_list":[2639.9791575431,2639.9791575431,2639.9791575431,2639.9791575431,2639.9791575431,2639.9791575431,2639.9791575431,2639.9791575431,2639.9791575431,2639.9791575431,2639.9791575431,2639.9791575431,2639.9791575431],"max_watch_duration_reward_list":[239248.0954623701,239248.0954623701,239248.0954623701,239248.0954623701,239248.0954623701,239248.0954623701,239248.0954623701,239248.0954623701,239248.0954623701,239248.0954623701,239248.0954623701,239248.0954623701,239248.0954623701]},"RegressionModelAgent":{"actual_clicks_reward_list":[2096.0,2081.0,2051.0,1998.0,2280.0,2195.0,2235.0,2290.0,2053.0,2191.0,1942.0,2257.0,2313.0],"actual_watch_duration_reward_list":[92433.3477634758,94242.9999770071,88504.612569652,105436.8225319513,122578.322502359,143002.6825360898,146406.3332008094,153679.1185373114,128637.4967349075,158275.8176641121,117146.2016004414,141606.7122695886,137267.77611434],"max_clicks_reward_list":[2639.9791575431,2639.9791575431,2639.9791575431,2639.9791575431,2639.9791575431,2639.9791575431,2639.9791575431,2639.9791575431,2639.9791575431,2639.9791575431,2639.9791575431,2639.9791575431,2639.9791575431],"max_watch_duration_reward_list":[239248.0954623701,239248.0954623701,239248.0954623701,239248.0954623701,239248.0954623701,239248.0954623701,239248.0954623701,239248.0954623701,239248.0954623701,239248.0954623701,239248.0954623701,239248.0954623701,239248.0954623701]},"WeightedPointWiseModelAgent":{"actual_clicks_reward_list":[2007.0,2039.0,2082.0,2056.0,2008.0,1959.0,2121.0,2059.0,2087.0,2051.0,2083.0,2033.0,2064.0],"actual_watch_duration_reward_list":[88249.2935811973,90130.5795170269,91699.5667892057,92283.5170312837,113581.7192320302,103492.5087462192,105325.4062730575,105639.4534778508,103538.129709426,100479.5398310187,100331.5651818693,99498.3316317439,102998.7543614946],"max_clicks_reward_list":[2639.9791575431,2639.9791575431,2639.9791575431,2639.9791575431,2639.9791575431,2639.9791575431,2639.9791575431,2639.9791575431,2639.9791575431,2639.9791575431,2639.9791575431,2639.9791575431,2639.9791575431],"max_watch_duration_reward_list":[239248.0954623701,239248.0954623701,239248.0954623701,239248.0954623701,239248.0954623701,239248.0954623701,239248.0954623701,239248.0954623701,239248.0954623701,239248.0954623701,239248.0954623701,239248.0954623701,239248.0954623701]},"PointWiseModelAgent":{"actual_clicks_reward_list":[2049.0,2195.0,2105.0,2138.0,1782.0,1943.0,2011.0,1994.0,1973.0,2268.0,2399.0,2443.0,2504.0],"actual_watch_duration_reward_list":[95299.8107966387,99007.9924251493,97779.7084226824,117618.3845274353,105862.984959541,93884.1952125755,115816.1355576284,104417.1546885631,105706.8618752551,142282.8335774283,156554.9748216863,156164.2304333216,162418.8548809752],"max_clicks_reward_list":[2639.9791575431,2639.9791575431,2639.9791575431,2639.9791575431,2639.9791575431,2639.9791575431,2639.9791575431,2639.9791575431,2639.9791575431,2639.9791575431,2639.9791575431,2639.9791575431,2639.9791575431],"max_watch_duration_reward_list":[239248.0954623701,239248.0954623701,239248.0954623701,239248.0954623701,239248.0954623701,239248.0954623701,239248.0954623701,239248.0954623701,239248.0954623701,239248.0954623701,239248.0954623701,239248.0954623701,239248.0954623701]}}