{"TweedieModelAgent":{"actual_clicks_reward_list":[15.0,15.0,21.0,10.0,15.0,16.0,14.0,16.0,22.0,19.0,17.0,20.0,18.0],"actual_watch_duration_reward_list":[954.2719514495,776.8574991009,1186.6469662011,610.5855628323,894.6076020336,1150.6934767389,865.0517677174,1213.1289639876,1185.9354449655,1023.6359216005,908.0305382687,1652.8664139816,1070.6139501007],"max_clicks_reward_list":[22.642210467,22.642210467,22.642210467,22.642210467,22.642210467,22.642210467,22.642210467,22.642210467,22.642210467,22.642210467,22.642210467,22.642210467,22.642210467],"max_watch_duration_reward_list":[1502.6814162786,1502.6814162786,1502.6814162786,1502.6814162786,1502.6814162786,1502.6814162786,1502.6814162786,1502.6814162786,1502.6814162786,1502.6814162786,1502.6814162786,1502.6814162786,1502.6814162786]},"RegressionModelAgent":{"actual_clicks_reward_list":[16.0,20.0,22.0,25.0,14.0,21.0,20.0,26.0,17.0,19.0,23.0,16.0,13.0],"actual_watch_duration_reward_list":[593.24910829,1303.092539616,1323.8117971463,1229.0750478538,412.2826123455,1689.6379516416,1231.039744255,1561.6159166395,792.9720742384,1415.1091648028,1461.1557289478,992.0598391333,822.93891063],"max_clicks_reward_list":[22.642210467,22.642210467,22.642210467,22.642210467,22.642210467,22.642210467,22.642210467,22.642210467,22.642210467,22.642210467,22.642210467,22.642210467,22.642210467],"max_watch_duration_reward_list":[1502.6814162786,1502.6814162786,1502.6814162786,1502.6814162786,1502.6814162786,1502.6814162786,1502.6814162786,1502.6814162786,1502.6814162786,1502.6814162786,1502.6814162786,1502.6814162786,1502.6814162786]},"WeightedPointWiseModelAgent":{"actual_clicks_reward_list":[14.0,19.0,17.0,25.0,17.0,18.0,18.0,20.0,20.0,31.0,15.0,21.0,18.0],"actual_watch_duration_reward_list":[377.6158633575,773.5989335605,755.5730201586,1608.1562151511,1012.7946370617,1179.311975291,1497.5303095072,1008.8031192914,1330.4556395899,2035.1308252118,1352.7192970846,1416.9003727812,958.9241841862],"max_clicks_reward_list":[22.642210467,22.642210467,22.642210467,22.642210467,22.642210467,22.642210467,22.642210467,22.642210467,22.642210467,22.642210467,22.642210467,22.642210467,22.642210467],"max_watch_duration_reward_list":[1502.6814162786,1502.6814162786,1502.6814162786,1502.6814162786,1502.6814162786,1502.6814162786,1502.6814162786,1502.6814162786,1502.6814162786,1502.6814162786,1502.6814162786,1502.6814162786,1502.6814162786]},"PointWiseModelAgent":{"actual_clicks_reward_list":[15.0,15.0,17.0,31.0,22.0,21.0,19.0,22.0,13.0,20.0,29.0,22.0,28.0],"actual_watch_duration_reward_list":[925.0653910994,728.9384572937,942.0508306316,2223.040726661,942.0142323595,1497.7290155684,1372.5283448802,1205.804332882,650.2383382077,1056.113405626,1482.8947441234,1131.9272425684,1345.4977862801],"max_clicks_reward_list":[22.642210467,22.642210467,22.642210467,22.642210467,22.642210467,22.642210467,22.642210467,22.642210467,22.642210467,22.642210467,22.642210467,22.642210467,22.642210467],"max_watch_duration_reward_list":[1502.6814162786,1502.6814162786,1502.6814162786,1502.6814162786,1502.6814162786,1502.6814162786,1502.6814162786,1502.6814162786,1502.6814162786,1502.6814162786,1502.6814162786,1502.6814162786,1502.6814162786]}}