{"TweedieModelAgent":{"actual_clicks_reward_list":[2088.0,2066.0,2034.0,2083.0,1962.0,1926.0,2170.0,2166.0,2115.0,2225.0,2263.0,2233.0,2170.0],"actual_watch_duration_reward_list":[98123.8158914826,98804.0717203052,94782.7796954091,109864.4410385209,104764.6479234164,101396.1527061515,148223.8925440605,158220.3957042734,139654.0690632937,165727.3582535376,163889.0689600109,169616.438730287,168989.7370244457],"max_clicks_reward_list":[2608.8284563575,2608.8284563575,2608.8284563575,2608.8284563575,2608.8284563575,2608.8284563575,2608.8284563575,2608.8284563575,2608.8284563575,2608.8284563575,2608.8284563575,2608.8284563575,2608.8284563575],"max_watch_duration_reward_list":[234639.8703541452,234639.8703541452,234639.8703541452,234639.8703541452,234639.8703541452,234639.8703541452,234639.8703541452,234639.8703541452,234639.8703541452,234639.8703541452,234639.8703541452,234639.8703541452,234639.8703541452]},"WeightedPointWiseModelAgent":{"actual_clicks_reward_list":[2079.0,2047.0,2038.0,2051.0,1876.0,1899.0,1983.0,1944.0,1947.0,1947.0,1883.0,1916.0,1896.0],"actual_watch_duration_reward_list":[93265.5350050666,96732.2950845544,98210.6292926238,104217.5264812787,98836.9150699364,90730.1614719637,98923.992532923,97889.9832149651,97569.6103832403,101609.5123029652,91337.9849502914,95632.1808431579,96207.5342273577],"max_clicks_reward_list":[2608.8284563575,2608.8284563575,2608.8284563575,2608.8284563575,2608.8284563575,2608.8284563575,2608.8284563575,2608.8284563575,2608.8284563575,2608.8284563575,2608.8284563575,2608.8284563575,2608.8284563575],"max_watch_duration_reward_list":[234639.8703541452,234639.8703541452,234639.8703541452,234639.8703541452,234639.8703541452,234639.8703541452,234639.8703541452,234639.8703541452,234639.8703541452,234639.8703541452,234639.8703541452,234639.8703541452,234639.8703541452]},"PointWiseModelAgent":{"actual_clicks_reward_list":[2088.0,1991.0,2065.0,1946.0,1969.0,1972.0,2089.0,2147.0,2252.0,2217.0,2356.0,2287.0,2402.0],"actual_watch_duration_reward_list":[95321.8075360739,94040.5339455638,94157.0573020924,126950.8408364547,114081.1622059002,98233.6663353489,130079.2382282442,133192.5502496137,132604.2976210837,137261.3505195539,141739.4813342011,146705.6817527797,146917.2081464895],"max_clicks_reward_list":[2608.8284563575,2608.8284563575,2608.8284563575,2608.8284563575,2608.8284563575,2608.8284563575,2608.8284563575,2608.8284563575,2608.8284563575,2608.8284563575,2608.8284563575,2608.8284563575,2608.8284563575],"max_watch_duration_reward_list":[234639.8703541452,234639.8703541452,234639.8703541452,234639.8703541452,234639.8703541452,234639.8703541452,234639.8703541452,234639.8703541452,234639.8703541452,234639.8703541452,234639.8703541452,234639.8703541452,234639.8703541452]}}