{"TweedieModelAgent":{"actual_clicks_reward_list":[20.0,17.0,23.0,21.0,29.0,20.0,21.0,27.0,22.0,19.0,26.0,20.0,25.0],"actual_watch_duration_reward_list":[1128.6591817524,871.4561910523,784.2398159746,1013.4065001465,2008.4225953457,782.2885397751,970.0614023101,1426.5128975306,1074.0196467057,743.6921261438,1268.5898776941,931.1656248295,965.1839465592],"max_clicks_reward_list":[22.4931887113,22.4931887113,22.4931887113,22.4931887113,22.4931887113,22.4931887113,22.4931887113,22.4931887113,22.4931887113,22.4931887113,22.4931887113,22.4931887113,22.4931887113],"max_watch_duration_reward_list":[1305.597801026,1305.597801026,1305.597801026,1305.597801026,1305.597801026,1305.597801026,1305.597801026,1305.597801026,1305.597801026,1305.597801026,1305.597801026,1305.597801026,1305.597801026]},"RegressionModelAgent":{"actual_clicks_reward_list":[25.0,22.0,19.0,16.0,22.0,20.0,16.0,20.0,24.0,32.0,23.0,28.0,24.0],"actual_watch_duration_reward_list":[1636.1989778276,1298.8758575183,1096.9940026965,1032.3625607244,661.0008118097,1286.7432487778,853.4003043419,1219.0963159995,1324.505896529,2110.9820522486,1003.3695871333,2178.2594457414,959.9495694186],"max_clicks_reward_list":[22.4931887113,22.4931887113,22.4931887113,22.4931887113,22.4931887113,22.4931887113,22.4931887113,22.4931887113,22.4931887113,22.4931887113,22.4931887113,22.4931887113,22.4931887113],"max_watch_duration_reward_list":[1305.597801026,1305.597801026,1305.597801026,1305.597801026,1305.597801026,1305.597801026,1305.597801026,1305.597801026,1305.597801026,1305.597801026,1305.597801026,1305.597801026,1305.597801026]},"WeightedPointWiseModelAgent":{"actual_clicks_reward_list":[20.0,19.0,24.0,25.0,15.0,26.0,22.0,20.0,25.0,28.0,13.0,34.0,18.0],"actual_watch_duration_reward_list":[1135.5109540996,871.9632877684,1280.5762587795,1079.5722935387,1060.3264422703,1621.4788797072,1464.7732657149,1129.68122571,1728.2594398357,1653.0801182348,823.0360388882,1996.7848948005,974.8846438882],"max_clicks_reward_list":[22.4931887113,22.4931887113,22.4931887113,22.4931887113,22.4931887113,22.4931887113,22.4931887113,22.4931887113,22.4931887113,22.4931887113,22.4931887113,22.4931887113,22.4931887113],"max_watch_duration_reward_list":[1305.597801026,1305.597801026,1305.597801026,1305.597801026,1305.597801026,1305.597801026,1305.597801026,1305.597801026,1305.597801026,1305.597801026,1305.597801026,1305.597801026,1305.597801026]},"PointWiseModelAgent":{"actual_clicks_reward_list":[15.0,23.0,19.0,24.0,26.0,13.0,23.0,17.0,18.0,17.0,17.0,19.0,22.0],"actual_watch_duration_reward_list":[695.7891579485,1495.9418111085,1166.6710597796,1346.6625461685,965.2631825756,581.3727667692,1096.9023288174,864.1170167272,1270.9136766704,736.2490753209,936.9265263403,1226.5558473042,1200.6788056602],"max_clicks_reward_list":[22.4931887113,22.4931887113,22.4931887113,22.4931887113,22.4931887113,22.4931887113,22.4931887113,22.4931887113,22.4931887113,22.4931887113,22.4931887113,22.4931887113,22.4931887113],"max_watch_duration_reward_list":[1305.597801026,1305.597801026,1305.597801026,1305.597801026,1305.597801026,1305.597801026,1305.597801026,1305.597801026,1305.597801026,1305.597801026,1305.597801026,1305.597801026,1305.597801026]}}