{"TweedieModelAgent":{"actual_clicks_reward_list":[1107.0,1124.0,1068.0,1058.0,1067.0,993.0,1035.0,1124.0,1097.0,1189.0,1142.0,1175.0,1153.0],"actual_watch_duration_reward_list":[63705.6883552506,64755.5251931976,61114.5708422124,59484.4657038598,58231.6039267743,53018.0705455966,75996.2140488933,81259.4671022603,81817.9887377867,82508.6743792141,80266.509373995,89326.7413677446,87993.3093638626],"max_clicks_reward_list":[1265.940004718,1265.940004718,1265.940004718,1265.940004718,1265.940004718,1265.940004718,1265.940004718,1265.940004718,1265.940004718,1265.940004718,1265.940004718,1265.940004718,1265.940004718],"max_watch_duration_reward_list":[101234.1097021808,101234.1097021808,101234.1097021808,101234.1097021808,101234.1097021808,101234.1097021808,101234.1097021808,101234.1097021808,101234.1097021808,101234.1097021808,101234.1097021808,101234.1097021808,101234.1097021808]},"RegressionModelAgent":{"actual_clicks_reward_list":[1120.0,1099.0,1063.0,1098.0,1035.0,1044.0,932.0,1027.0,1102.0,1126.0,1154.0,1085.0,1098.0],"actual_watch_duration_reward_list":[65492.9279728597,63508.9756251307,59470.5688164803,68395.427471762,51373.3297713218,66135.456156073,60481.3069562296,72543.798988265,69285.6914944331,81055.3363738592,83910.2708612168,73513.2633503146,74478.837456148],"max_clicks_reward_list":[1265.940004718,1265.940004718,1265.940004718,1265.940004718,1265.940004718,1265.940004718,1265.940004718,1265.940004718,1265.940004718,1265.940004718,1265.940004718,1265.940004718,1265.940004718],"max_watch_duration_reward_list":[101234.1097021808,101234.1097021808,101234.1097021808,101234.1097021808,101234.1097021808,101234.1097021808,101234.1097021808,101234.1097021808,101234.1097021808,101234.1097021808,101234.1097021808,101234.1097021808,101234.1097021808]},"WeightedPointWiseModelAgent":{"actual_clicks_reward_list":[1127.0,1115.0,1117.0,990.0,1136.0,1110.0,1075.0,983.0,1028.0,1056.0,1086.0,1114.0,1082.0],"actual_watch_duration_reward_list":[64914.1111952264,63724.9773399881,64421.1768464933,48982.7200847836,72178.3605530837,72883.1546189139,66949.5418899037,66334.0299028029,67709.3495286596,68183.6069731577,71192.0859019088,69396.7989615554,67687.2830732698],"max_clicks_reward_list":[1265.940004718,1265.940004718,1265.940004718,1265.940004718,1265.940004718,1265.940004718,1265.940004718,1265.940004718,1265.940004718,1265.940004718,1265.940004718,1265.940004718,1265.940004718],"max_watch_duration_reward_list":[101234.1097021808,101234.1097021808,101234.1097021808,101234.1097021808,101234.1097021808,101234.1097021808,101234.1097021808,101234.1097021808,101234.1097021808,101234.1097021808,101234.1097021808,101234.1097021808,101234.1097021808]},"PointWiseModelAgent":{"actual_clicks_reward_list":[1157.0,1128.0,1147.0,977.0,955.0,906.0,993.0,1067.0,1004.0,1167.0,1240.0,1133.0,1167.0],"actual_watch_duration_reward_list":[65544.6533680235,64746.8510857763,66131.9343904029,64981.6090489027,48927.0020761892,48914.5875811032,58211.3600933886,63042.1618292658,54409.6240754932,66458.3595532545,74509.8673528024,73167.6990514143,73449.2195956871],"max_clicks_reward_list":[1265.940004718,1265.940004718,1265.940004718,1265.940004718,1265.940004718,1265.940004718,1265.940004718,1265.940004718,1265.940004718,1265.940004718,1265.940004718,1265.940004718,1265.940004718],"max_watch_duration_reward_list":[101234.1097021808,101234.1097021808,101234.1097021808,101234.1097021808,101234.1097021808,101234.1097021808,101234.1097021808,101234.1097021808,101234.1097021808,101234.1097021808,101234.1097021808,101234.1097021808,101234.1097021808]},"BanditAgent":{"actual_clicks_reward_list":[1096.0,1098.0,1112.0,991.0,1017.0,1039.0,1014.0,1020.0,993.0,1038.0,1083.0,1032.0,1058.0],"actual_watch_duration_reward_list":[63230.614363987,62973.4054049344,61842.2619393414,55594.6111344948,56375.9160647863,56778.5818165972,56734.0561371518,59462.2096297988,56421.7572382807,58146.7790469312,58948.447590607,57827.0202687424,58351.8165803622],"max_clicks_reward_list":[1265.940004718,1265.940004718,1265.940004718,1265.940004718,1265.940004718,1265.940004718,1265.940004718,1265.940004718,1265.940004718,1265.940004718,1265.940004718,1265.940004718,1265.940004718],"max_watch_duration_reward_list":[101234.1097021808,101234.1097021808,101234.1097021808,101234.1097021808,101234.1097021808,101234.1097021808,101234.1097021808,101234.1097021808,101234.1097021808,101234.1097021808,101234.1097021808,101234.1097021808,101234.1097021808]},"BucketSortingAgent":{"actual_clicks_reward_list":[1155.0,1123.0,1072.0,1085.0,1168.0,1136.0,1116.0,1172.0,1142.0,1129.0,1167.0,1131.0,1138.0],"actual_watch_duration_reward_list":[67288.8246396757,64349.7154818932,60736.2815084607,65365.1820188314,73251.8997271614,70983.0093256954,69301.3884780579,72719.7573368524,71783.9300385945,70671.6800065472,73316.6999953161,71044.1911483005,70235.2824357286],"max_clicks_reward_list":[1265.940004718,1265.940004718,1265.940004718,1265.940004718,1265.940004718,1265.940004718,1265.940004718,1265.940004718,1265.940004718,1265.940004718,1265.940004718,1265.940004718,1265.940004718],"max_watch_duration_reward_list":[101234.1097021808,101234.1097021808,101234.1097021808,101234.1097021808,101234.1097021808,101234.1097021808,101234.1097021808,101234.1097021808,101234.1097021808,101234.1097021808,101234.1097021808,101234.1097021808,101234.1097021808]},"BucketSortingWatchTimeAgent":{"actual_clicks_reward_list":[1112.0,1170.0,1087.0,1111.0,1102.0,1108.0,1163.0,1133.0,1132.0,1138.0,1101.0,1131.0,1151.0],"actual_watch_duration_reward_list":[61818.1180383952,66299.3621018587,64718.3305228214,76376.9839882664,72977.9489876626,73206.4711846938,73671.5999041194,71400.310879968,72779.1748248585,73155.9034907016,70505.899155123,77753.9206102323,83961.2309700311],"max_clicks_reward_list":[1265.940004718,1265.940004718,1265.940004718,1265.940004718,1265.940004718,1265.940004718,1265.940004718,1265.940004718,1265.940004718,1265.940004718,1265.940004718,1265.940004718,1265.940004718],"max_watch_duration_reward_list":[101234.1097021808,101234.1097021808,101234.1097021808,101234.1097021808,101234.1097021808,101234.1097021808,101234.1097021808,101234.1097021808,101234.1097021808,101234.1097021808,101234.1097021808,101234.1097021808,101234.1097021808]},"PairWiseModelAgent":{"actual_clicks_reward_list":[1087.0,1145.0,1123.0,1072.0,1067.0,1099.0,1111.0,1054.0,1065.0,1045.0,1008.0,1082.0,1120.0],"actual_watch_duration_reward_list":[63889.5044798714,66303.5707811598,65449.0767538045,65090.0049319844,60948.2576347164,66181.3624965999,67327.986676936,69196.9317931937,73407.1982212745,69656.8740461777,60308.3196898129,62846.196054538,61625.8393061438],"max_clicks_reward_list":[1265.940004718,1265.940004718,1265.940004718,1265.940004718,1265.940004718,1265.940004718,1265.940004718,1265.940004718,1265.940004718,1265.940004718,1265.940004718,1265.940004718,1265.940004718],"max_watch_duration_reward_list":[101234.1097021808,101234.1097021808,101234.1097021808,101234.1097021808,101234.1097021808,101234.1097021808,101234.1097021808,101234.1097021808,101234.1097021808,101234.1097021808,101234.1097021808,101234.1097021808,101234.1097021808]},"WeightedPairWiseModelAgent":{"actual_clicks_reward_list":[1064.0,1097.0,1098.0,969.0,1005.0,979.0,1012.0,1084.0,1039.0,1067.0,1003.0,1010.0,1021.0],"actual_watch_duration_reward_list":[60564.8674893015,64201.401057523,65401.6383064234,65632.6179332818,58322.9792136582,69189.132619427,68219.3460998317,68349.2727918874,70257.8591552135,70474.3974438392,67723.9031130902,66800.4747255164,70256.6796169713],"max_clicks_reward_list":[1265.940004718,1265.940004718,1265.940004718,1265.940004718,1265.940004718,1265.940004718,1265.940004718,1265.940004718,1265.940004718,1265.940004718,1265.940004718,1265.940004718,1265.940004718],