{"TweedieModelAgent":{"actual_clicks_reward_list":[178.0,185.0,187.0,211.0,183.0,193.0,187.0,217.0,197.0,201.0,198.0,165.0,200.0],"actual_watch_duration_reward_list":[10706.6015209863,11964.9255023364,11767.3409878499,10150.586946596,11156.9682347129,10512.2458478309,9934.3629354959,13521.9279508748,11237.4893540166,9664.4667249673,10160.0898437029,8478.6786641675,10022.6502528841],"max_clicks_reward_list":[244.6961525219,244.6961525219,244.6961525219,244.6961525219,244.6961525219,244.6961525219,244.6961525219,244.6961525219,244.6961525219,244.6961525219,244.6961525219,244.6961525219,244.6961525219],"max_watch_duration_reward_list":[20737.930929607,20737.930929607,20737.930929607,20737.930929607,20737.930929607,20737.930929607,20737.930929607,20737.930929607,20737.930929607,20737.930929607,20737.930929607,20737.930929607,20737.930929607]},"RegressionModelAgent":{"actual_clicks_reward_list":[214.0,195.0,174.0,240.0,220.0,231.0,230.0,220.0,220.0,202.0,218.0,211.0,205.0],"actual_watch_duration_reward_list":[12633.6772663587,14175.7249008624,10671.6860132589,18567.2355234494,17362.0662056373,17621.1813025608,17613.0835164355,14885.1345741707,15859.9315187752,16931.5155664394,16376.0300195049,12312.2639999355,14576.7123229972],"max_clicks_reward_list":[244.6961525219,244.6961525219,244.6961525219,244.6961525219,244.6961525219,244.6961525219,244.6961525219,244.6961525219,244.6961525219,244.6961525219,244.6961525219,244.6961525219,244.6961525219],"max_watch_duration_reward_list":[20737.930929607,20737.930929607,20737.930929607,20737.930929607,20737.930929607,20737.930929607,20737.930929607,20737.930929607,20737.930929607,20737.930929607,20737.930929607,20737.930929607,20737.930929607]},"WeightedPointWiseModelAgent":{"actual_clicks_reward_list":[203.0,212.0,160.0,202.0,204.0,210.0,216.0,208.0,219.0,165.0,210.0,231.0,186.0],"actual_watch_duration_reward_list":[12286.6175956245,12432.4633866027,9549.320971987,10341.8293196783,10707.9940612001,11212.7323068869,12021.1382783298,13370.1051587703,13603.094511066,11543.9282934942,14110.721923307,15186.2123889801,13349.5439850735],"max_clicks_reward_list":[244.6961525219,244.6961525219,244.6961525219,244.6961525219,244.6961525219,244.6961525219,244.6961525219,244.6961525219,244.6961525219,244.6961525219,244.6961525219,244.6961525219,244.6961525219],"max_watch_duration_reward_list":[20737.930929607,20737.930929607,20737.930929607,20737.930929607,20737.930929607,20737.930929607,20737.930929607,20737.930929607,20737.930929607,20737.930929607,20737.930929607,20737.930929607,20737.930929607]},"PointWiseModelAgent":{"actual_clicks_reward_list":[182.0,210.0,206.0,204.0,200.0,216.0,215.0,211.0,218.0,195.0,225.0,224.0,238.0],"actual_watch_duration_reward_list":[11602.0868889467,12707.3475787232,13749.0950120052,13178.66798954,10552.4317250858,11731.5783706608,12329.3030057472,14227.5058278639,15216.1383562812,13868.3987247108,14770.7197375737,15961.1261290448,15600.3279278469],"max_clicks_reward_list":[244.6961525219,244.6961525219,244.6961525219,244.6961525219,244.6961525219,244.6961525219,244.6961525219,244.6961525219,244.6961525219,244.6961525219,244.6961525219,244.6961525219,244.6961525219],"max_watch_duration_reward_list":[20737.930929607,20737.930929607,20737.930929607,20737.930929607,20737.930929607,20737.930929607,20737.930929607,20737.930929607,20737.930929607,20737.930929607,20737.930929607,20737.930929607,20737.930929607]}}