{"TweedieModelAgent":{"actual_clicks_reward_list":[4241.0,4268.0,4198.0,3723.0,4191.0,4149.0,4528.0,4703.0,4600.0,4549.0,4584.0,4507.0,4705.0],"actual_watch_duration_reward_list":[215551.0597043689,207443.3216187279,211166.6861170612,219772.9029747449,266946.7819353706,271690.62156123,343275.7714071383,357189.7412452514,343237.852704549,356905.5232162737,346247.293727017,351688.1691201669,356516.0696137401],"max_clicks_reward_list":[5037.1150971356,5037.1150971356,5037.1150971356,5037.1150971356,5037.1150971356,5037.1150971356,5037.1150971356,5037.1150971356,5037.1150971356,5037.1150971356,5037.1150971356,5037.1150971356,5037.1150971356],"max_watch_duration_reward_list":[417974.3211402823,417974.3211402823,417974.3211402823,417974.3211402823,417974.3211402823,417974.3211402823,417974.3211402823,417974.3211402823,417974.3211402823,417974.3211402823,417974.3211402823,417974.3211402823,417974.3211402823]},"RegressionModelAgent":{"actual_clicks_reward_list":[4145.0,4225.0,4248.0,4238.0,4215.0,4061.0,4218.0,3976.0,3937.0,3870.0,4130.0,3912.0,3843.0],"actual_watch_duration_reward_list":[206766.8785317973,213609.0508940993,216526.5318092947,247636.6594014143,193869.8265706374,271710.2316158575,269209.9687409487,282018.6803444305,204703.1462744084,214650.6197450896,269837.1438973851,254767.132249291,208671.974320333],"max_clicks_reward_list":[5037.1150971356,5037.1150971356,5037.1150971356,5037.1150971356,5037.1150971356,5037.1150971356,5037.1150971356,5037.1150971356,5037.1150971356,5037.1150971356,5037.1150971356,5037.1150971356,5037.1150971356],"max_watch_duration_reward_list":[417974.3211402823,417974.3211402823,417974.3211402823,417974.3211402823,417974.3211402823,417974.3211402823,417974.3211402823,417974.3211402823,417974.3211402823,417974.3211402823,417974.3211402823,417974.3211402823,417974.3211402823]},"WeightedPointWiseModelAgent":{"actual_clicks_reward_list":[4159.0,4161.0,4184.0,4519.0,4224.0,4339.0,4203.0,4516.0,4577.0,4441.0,4558.0,4474.0,4553.0],"actual_watch_duration_reward_list":[211947.2259236627,208973.4935528726,209932.8715242336,250446.7248588427,245204.8388072651,221299.4205416685,231549.455735032,254471.3907210072,241374.3121895557,246563.3679834636,251537.7856823021,246929.6210216479,242229.2117624813],"max_clicks_reward_list":[5037.1150971356,5037.1150971356,5037.1150971356,5037.1150971356,5037.1150971356,5037.1150971356,5037.1150971356,5037.1150971356,5037.1150971356,5037.1150971356,5037.1150971356,5037.1150971356,5037.1150971356],"max_watch_duration_reward_list":[417974.3211402823,417974.3211402823,417974.3211402823,417974.3211402823,417974.3211402823,417974.3211402823,417974.3211402823,417974.3211402823,417974.3211402823,417974.3211402823,417974.3211402823,417974.3211402823,417974.3211402823]},"PointWiseModelAgent":{"actual_clicks_reward_list":[4271.0,4229.0,4264.0,4273.0,3883.0,4410.0,4619.0,4616.0,4677.0,4838.0,4666.0,4810.0,4710.0],"actual_watch_duration_reward_list":[222409.9978485719,215291.4247117953,212021.1163984273,285101.5749443599,218950.09327012,283176.3158095771,336511.0403477613,327541.3810525102,337145.5871842994,352088.0945493513,335588.9239766278,352045.7976506093,341799.4568332609],"max_clicks_reward_list":[5037.1150971356,5037.1150971356,5037.1150971356,5037.1150971356,5037.1150971356,5037.1150971356,5037.1150971356,5037.1150971356,5037.1150971356,5037.1150971356,5037.1150971356,5037.1150971356,5037.1150971356],"max_watch_duration_reward_list":[417974.3211402823,417974.3211402823,417974.3211402823,417974.3211402823,417974.3211402823,417974.3211402823,417974.3211402823,417974.3211402823,417974.3211402823,417974.3211402823,417974.3211402823,417974.3211402823,417974.3211402823]}}