{"TweedieModelAgent":{"actual_clicks_reward_list":[24.0,19.0,20.0,19.0,15.0,19.0,19.0,20.0,17.0,17.0,23.0,18.0,15.0],"actual_watch_duration_reward_list":[1191.2688247454,807.9707841075,1007.714971936,865.5060575444,647.634408777,1233.8661890282,993.0883034892,1174.1356200385,1008.8124902319,1135.5116884062,1254.8302124089,1182.9460803326,773.1321833151],"max_clicks_reward_list":[23.4171435382,23.4171435382,23.4171435382,23.4171435382,23.4171435382,23.4171435382,23.4171435382,23.4171435382,23.4171435382,23.4171435382,23.4171435382,23.4171435382,23.4171435382],"max_watch_duration_reward_list":[1340.1699701274,1340.1699701274,1340.1699701274,1340.1699701274,1340.1699701274,1340.1699701274,1340.1699701274,1340.1699701274,1340.1699701274,1340.1699701274,1340.1699701274,1340.1699701274,1340.1699701274]},"RegressionModelAgent":{"actual_clicks_reward_list":[22.0,16.0,21.0,25.0,26.0,22.0,20.0,18.0,12.0,21.0,19.0,20.0,29.0],"actual_watch_duration_reward_list":[837.73837238,642.6073282639,1010.7849185411,1095.823651795,1262.8560892407,733.1072463611,835.9744162184,671.1663847623,581.0578215616,795.6135960086,699.5870750779,1243.0768601868,1847.5632331116],"max_clicks_reward_list":[23.4171435382,23.4171435382,23.4171435382,23.4171435382,23.4171435382,23.4171435382,23.4171435382,23.4171435382,23.4171435382,23.4171435382,23.4171435382,23.4171435382,23.4171435382],"max_watch_duration_reward_list":[1340.1699701274,1340.1699701274,1340.1699701274,1340.1699701274,1340.1699701274,1340.1699701274,1340.1699701274,1340.1699701274,1340.1699701274,1340.1699701274,1340.1699701274,1340.1699701274,1340.1699701274]},"WeightedPointWiseModelAgent":{"actual_clicks_reward_list":[18.0,25.0,20.0,18.0,13.0,13.0,17.0,21.0,24.0,25.0,24.0,21.0,19.0],"actual_watch_duration_reward_list":[710.0706996764,1265.421830281,887.880893832,810.4962988385,498.9524031809,546.2714623154,549.7090137232,1317.9377295797,1018.0808528219,1312.8125507723,1324.1271749148,800.5216006112,644.7135928673],"max_clicks_reward_list":[23.4171435382,23.4171435382,23.4171435382,23.4171435382,23.4171435382,23.4171435382,23.4171435382,23.4171435382,23.4171435382,23.4171435382,23.4171435382,23.4171435382,23.4171435382],"max_watch_duration_reward_list":[1340.1699701274,1340.1699701274,1340.1699701274,1340.1699701274,1340.1699701274,1340.1699701274,1340.1699701274,1340.1699701274,1340.1699701274,1340.1699701274,1340.1699701274,1340.1699701274,1340.1699701274]},"PointWiseModelAgent":{"actual_clicks_reward_list":[29.0,30.0,27.0,24.0,15.0,13.0,11.0,26.0,30.0,20.0,18.0,22.0,22.0],"actual_watch_duration_reward_list":[1433.971205361,1183.1052903741,1454.604978463,1593.1276339078,859.9165342441,566.2859787952,756.9323197282,979.8288436457,1217.135665547,698.1423326891,617.5708546732,903.0789883321,839.0152384571],"max_clicks_reward_list":[23.4171435382,23.4171435382,23.4171435382,23.4171435382,23.4171435382,23.4171435382,23.4171435382,23.4171435382,23.4171435382,23.4171435382,23.4171435382,23.4171435382,23.4171435382],"max_watch_duration_reward_list":[1340.1699701274,1340.1699701274,1340.1699701274,1340.1699701274,1340.1699701274,1340.1699701274,1340.1699701274,1340.1699701274,1340.1699701274,1340.1699701274,1340.1699701274,1340.1699701274,1340.1699701274]}}