{"TweedieModelAgent":{"actual_clicks_reward_list":[1103.0,1103.0,1143.0,932.0,1151.0,1108.0,959.0,1141.0,1053.0,1038.0,1062.0,1048.0,1037.0],"actual_watch_duration_reward_list":[58780.6785979665,55928.2690043217,56502.8029624728,45700.4810379971,51776.7051985497,69160.824006682,41236.8394036903,69583.0435659616,72733.7095837434,72751.7523134675,68810.0982773298,71708.7809935648,70743.0693197919],"max_clicks_reward_list":[1273.8903538366,1273.8903538366,1273.8903538366,1273.8903538366,1273.8903538366,1273.8903538366,1273.8903538366,1273.8903538366,1273.8903538366,1273.8903538366,1273.8903538366,1273.8903538366,1273.8903538366],"max_watch_duration_reward_list":[99643.1039528409,99643.1039528409,99643.1039528409,99643.1039528409,99643.1039528409,99643.1039528409,99643.1039528409,99643.1039528409,99643.1039528409,99643.1039528409,99643.1039528409,99643.1039528409,99643.1039528409]},"RegressionModelAgent":{"actual_clicks_reward_list":[1110.0,1079.0,1029.0,1026.0,1017.0,1055.0,959.0,942.0,921.0,991.0,1004.0,948.0,994.0],"actual_watch_duration_reward_list":[57028.4052591367,56376.1751085764,55300.3038986015,62588.3443392752,57742.9608716558,56951.0406543677,78255.2927434204,75866.6100571424,71056.1696171014,81996.0854040513,59512.0155724727,77466.0044479342,76562.4326611355],"max_clicks_reward_list":[1273.8903538366,1273.8903538366,1273.8903538366,1273.8903538366,1273.8903538366,1273.8903538366,1273.8903538366,1273.8903538366,1273.8903538366,1273.8903538366,1273.8903538366,1273.8903538366,1273.8903538366],"max_watch_duration_reward_list":[99643.1039528409,99643.1039528409,99643.1039528409,99643.1039528409,99643.1039528409,99643.1039528409,99643.1039528409,99643.1039528409,99643.1039528409,99643.1039528409,99643.1039528409,99643.1039528409,99643.1039528409]},"WeightedPointWiseModelAgent":{"actual_clicks_reward_list":[1117.0,1113.0,1068.0,918.0,974.0,1031.0,1049.0,1049.0,1093.0,1014.0,1077.0,1005.0,1037.0],"actual_watch_duration_reward_list":[58464.6896803279,57615.4579549074,55835.8569801306,55503.2886307229,50443.4002159691,54947.1433668805,56430.6795947415,57725.8249873458,59280.3404702977,56273.3941734933,58536.3426087655,52831.7160842002,56495.5125424332],"max_clicks_reward_list":[1273.8903538366,1273.8903538366,1273.8903538366,1273.8903538366,1273.8903538366,1273.8903538366,1273.8903538366,1273.8903538366,1273.8903538366,1273.8903538366,1273.8903538366,1273.8903538366,1273.8903538366],"max_watch_duration_reward_list":[99643.1039528409,99643.1039528409,99643.1039528409,99643.1039528409,99643.1039528409,99643.1039528409,99643.1039528409,99643.1039528409,99643.1039528409,99643.1039528409,99643.1039528409,99643.1039528409,99643.1039528409]},"PointWiseModelAgent":{"actual_clicks_reward_list":[1091.0,1124.0,998.0,999.0,984.0,1038.0,935.0,1044.0,1124.0,1119.0,1127.0,1077.0,1055.0],"actual_watch_duration_reward_list":[54417.1493576717,57326.8480420586,52095.2898220637,41809.5745203555,53040.1538827042,43118.0403016412,45915.968679499,47407.4715371595,58973.0760663967,57949.6591199862,71412.8528500119,59789.9345405086,55714.0065886498],"max_clicks_reward_list":[1273.8903538366,1273.8903538366,1273.8903538366,1273.8903538366,1273.8903538366,1273.8903538366,1273.8903538366,1273.8903538366,1273.8903538366,1273.8903538366,1273.8903538366,1273.8903538366,1273.8903538366],"max_watch_duration_reward_list":[99643.1039528409,99643.1039528409,99643.1039528409,99643.1039528409,99643.1039528409,99643.1039528409,99643.1039528409,99643.1039528409,99643.1039528409,99643.1039528409,99643.1039528409,99643.1039528409,99643.1039528409]}}