{"TweedieModelAgent":{"actual_clicks_reward_list":[197.0,218.0,198.0,215.0,212.0,200.0,245.0,197.0,242.0,215.0,247.0,216.0,228.0],"actual_watch_duration_reward_list":[10978.0728805633,12185.912619948,11410.2921621873,14614.7798207855,13493.7853859395,15468.1940598911,18349.9756078652,12368.0936027262,15367.6532694978,13757.3969787589,16536.1101357363,17442.3457222632,17315.3655583561],"max_clicks_reward_list":[252.4881329118,252.4881329118,252.4881329118,252.4881329118,252.4881329118,252.4881329118,252.4881329118,252.4881329118,252.4881329118,252.4881329118,252.4881329118,252.4881329118,252.4881329118],"max_watch_duration_reward_list":[19657.85021661,19657.85021661,19657.85021661,19657.85021661,19657.85021661,19657.85021661,19657.85021661,19657.85021661,19657.85021661,19657.85021661,19657.85021661,19657.85021661,19657.85021661]}}