{"TweedieModelAgent":{"actual_clicks_reward_list":[1062.0,1145.0,1095.0,1010.0,1110.0,1142.0,1146.0,1078.0,1126.0,1172.0,1121.0,1059.0,1091.0],"actual_watch_duration_reward_list":[74895.3994435726,84025.7794873938,77238.8927303995,66678.0587765677,89653.4003335878,86909.1393077366,90102.5154019976,83631.4516586882,87382.9786840864,90296.4006251844,86198.1914624304,81594.6406967785,87663.9074018643],"max_clicks_reward_list":[1301.6103329725,1301.6103329725,1301.6103329725,1301.6103329725,1301.6103329725,1301.6103329725,1301.6103329725,1301.6103329725,1301.6103329725,1301.6103329725,1301.6103329725,1301.6103329725,1301.6103329725],"max_watch_duration_reward_list":[103983.4340592643,103983.4340592643,103983.4340592643,103983.4340592643,103983.4340592643,103983.4340592643,103983.4340592643,103983.4340592643,103983.4340592643,103983.4340592643,103983.4340592643,103983.4340592643,103983.4340592643]},"RegressionModelAgent":{"actual_clicks_reward_list":[1133.0,1054.0,1143.0,1005.0,1007.0,946.0,965.0,972.0,906.0,1100.0,1119.0,1097.0,1171.0],"actual_watch_duration_reward_list":[86252.4781032914,75015.0122755754,81992.4298784937,56229.3271845066,45782.377311877,52873.5539314446,58055.0445775118,69377.7191512197,49861.9089887812,57631.4714841769,62343.7918333672,82650.824730904,85367.9685858018],"max_clicks_reward_list":[1301.6103329725,1301.6103329725,1301.6103329725,1301.6103329725,1301.6103329725,1301.6103329725,1301.6103329725,1301.6103329725,1301.6103329725,1301.6103329725,1301.6103329725,1301.6103329725,1301.6103329725],"max_watch_duration_reward_list":[103983.4340592643,103983.4340592643,103983.4340592643,103983.4340592643,103983.4340592643,103983.4340592643,103983.4340592643,103983.4340592643,103983.4340592643,103983.4340592643,103983.4340592643,103983.4340592643,103983.4340592643]},"WeightedPointWiseModelAgent":{"actual_clicks_reward_list":[1122.0,1091.0,1078.0,1090.0,996.0,1093.0,1048.0,1070.0,1053.0,1135.0,1123.0,1098.0,1051.0],"actual_watch_duration_reward_list":[81124.5611176448,78105.2441590811,79927.0043898474,75910.9390330385,73821.2911116192,75033.2147684749,78686.4462764967,80994.9182315497,79951.3510032005,86756.9082622095,88554.9870439691,82317.0219507603,81108.1303579307],"max_clicks_reward_list":[1301.6103329725,1301.6103329725,1301.6103329725,1301.6103329725,1301.6103329725,1301.6103329725,1301.6103329725,1301.6103329725,1301.6103329725,1301.6103329725,1301.6103329725,1301.6103329725,1301.6103329725],"max_watch_duration_reward_list":[103983.4340592643,103983.4340592643,103983.4340592643,103983.4340592643,103983.4340592643,103983.4340592643,103983.4340592643,103983.4340592643,103983.4340592643,103983.4340592643,103983.4340592643,103983.4340592643,103983.4340592643]},"PointWiseModelAgent":{"actual_clicks_reward_list":[1113.0,1113.0,1112.0,971.0,1110.0,903.0,917.0,1105.0,965.0,987.0,1114.0,1191.0,1157.0],"actual_watch_duration_reward_list":[82296.5681181899,84261.0413906044,81518.5731367495,43267.8654788759,75598.1817334152,53829.6303577236,53362.7914431056,75207.8521185733,67212.4192463608,58534.2489942864,59516.6924279679,84893.2923847076,80369.0526505679],"max_clicks_reward_list":[1301.6103329725,1301.6103329725,1301.6103329725,1301.6103329725,1301.6103329725,1301.6103329725,1301.6103329725,1301.6103329725,1301.6103329725,1301.6103329725,1301.6103329725,1301.6103329725,1301.6103329725],"max_watch_duration_reward_list":[103983.4340592643,103983.4340592643,103983.4340592643,103983.4340592643,103983.4340592643,103983.4340592643,103983.4340592643,103983.4340592643,103983.4340592643,103983.4340592643,103983.4340592643,103983.4340592643,103983.4340592643]},"BanditAgent":{"actual_clicks_reward_list":[1134.0,1162.0,1081.0,994.0,998.0,1042.0,1012.0,1069.0,981.0,1071.0,985.0,1004.0,1005.0],"actual_watch_duration_reward_list":[82208.3723832575,82945.3082102255,80831.8494449962,56849.050591319,57546.6220961094,55021.0132835337,58637.0751840218,58153.7790467507,54034.2667756066,57854.4576171228,55664.8313351152,53719.7026880352,57058.2187257449],"max_clicks_reward_list":[1301.6103329725,1301.6103329725,1301.6103329725,1301.6103329725,1301.6103329725,1301.6103329725,1301.6103329725,1301.6103329725,1301.6103329725,1301.6103329725,1301.6103329725,1301.6103329725,1301.6103329725],"max_watch_duration_reward_list":[103983.4340592643,103983.4340592643,103983.4340592643,103983.4340592643,103983.4340592643,103983.4340592643,103983.4340592643,103983.4340592643,103983.4340592643,103983.4340592643,103983.4340592643,103983.4340592643,103983.4340592643]},"BucketSortingAgent":{"actual_clicks_reward_list":[1101.0,1087.0,1093.0,1166.0,1156.0,1124.0,1158.0,1104.0,1172.0,1121.0,1143.0,1109.0,1199.0],"actual_watch_duration_reward_list":[80422.0336234303,78087.0094278744,77107.8968088418,83467.9429211955,87154.4405326935,80562.6362401869,85224.2955160545,79051.6729756203,87766.3491454418,84180.0554463321,87532.4223181184,83262.0644976831,91867.844528585],"max_clicks_reward_list":[1301.6103329725,1301.6103329725,1301.6103329725,1301.6103329725,1301.6103329725,1301.6103329725,1301.6103329725,1301.6103329725,1301.6103329725,1301.6103329725,1301.6103329725,1301.6103329725,1301.6103329725],"max_watch_duration_reward_list":[103983.4340592643,103983.4340592643,103983.4340592643,103983.4340592643,103983.4340592643,103983.4340592643,103983.4340592643,103983.4340592643,103983.4340592643,103983.4340592643,103983.4340592643,103983.4340592643,103983.4340592643]},"BucketSortingWatchTimeAgent":{"actual_clicks_reward_list":[1125.0,1128.0,1109.0,1162.0,1113.0,1170.0,1167.0,1169.0,1143.0,1133.0,1070.0,1174.0,1137.0],"actual_watch_duration_reward_list":[84218.6548520954,83025.8742893601,79556.2426852855,88413.741958744,89025.3116251027,91393.8078813667,94910.8452734972,91680.0591055927,89252.4079464853,88467.9130902227,86429.4177160984,89076.6642398655,86663.263964943],"max_clicks_reward_list":[1301.6103329725,1301.6103329725,1301.6103329725,1301.6103329725,1301.6103329725,1301.6103329725,1301.6103329725,1301.6103329725,1301.6103329725,1301.6103329725,1301.6103329725,1301.6103329725,1301.6103329725],"max_watch_duration_reward_list":[103983.4340592643,103983.4340592643,103983.4340592643,103983.4340592643,103983.4340592643,103983.4340592643,103983.4340592643,103983.4340592643,103983.4340592643,103983.4340592643,103983.4340592643,103983.4340592643,103983.4340592643]},"PairWiseModelAgent":{"actual_clicks_reward_list":[1112.0,1081.0,1083.0,1045.0,990.0,1078.0,1102.0,1090.0,1045.0,1160.0,1165.0,1078.0,1104.0],"actual_watch_duration_reward_list":[81195.1145253664,78355.9900436478,78892.8599420517,60359.6177906184,49319.5132356222,46579.8600797113,56350.0285550081,54565.1267230773,45276.5115629643,57927.1565971618,65157.7239395415,68644.5043533938,53367.6923820005],"max_clicks_reward_list":[1301.6103329725,1301.6103329725,1301.6103329725,1301.6103329725,1301.6103329725,1301.6103329725,1301.6103329725,1301.6103329725,1301.6103329725,1301.6103329725,1301.6103329725,1301.6103329725,1301.6103329725],"max_watch_duration_reward_list":[103983.4340592643,103983.4340592643,103983.4340592643,103983.4340592643,103983.4340592643,103983.4340592643,103983.4340592643,103983.4340592643,103983.4340592643,103983.4340592643,103983.4340592643,103983.4340592643,103983.4340592643]},"WeightedPairWiseModelAgent":{"actual_clicks_reward_list":[1083.0,1113.0,1087.0,1060.0,1061.0,1115.0,1091.0,1066.0,1037.0,1036.0,982.0,1067.0,1027.0],"actual_watch_duration_reward_list":[78695.3691927649,77967.0191139643,76633.1827258825,62093.3916679434,76931.4866632772,54649.8704140737,65169.739472169,63197.3068600987,63993.8235757439,67493.0158553924,70018.6146269902,79397.1356864767,78319.9958345184],"max_clicks_reward_list":[1301.6103329725,1301.6103329725,1301.6103329725,1301.6103329725,1301.6103329725,1301.6103329725,1301.6103329725,1301.6103329725,1301.6103329725,1301.6103329725,1301.6103329725,1301.6103329725,1301.6103329725],