{"TweedieModelAgent":{"actual_clicks_reward_list":[203.0,185.0,198.0,202.0,179.0,198.0,178.0,194.0,196.0,189.0,241.0,242.0,200.0],"actual_watch_duration_reward_list":[11793.467816156,9922.5833081404,11592.1900531362,7623.2645559809,7639.7402626737,10183.0122601238,10277.5618532773,9297.7915970446,8930.876982596,10415.5928624906,15468.3174353231,14802.9333890623,11169.6785346447],"max_clicks_reward_list":[244.1649728033,244.1649728033,244.1649728033,244.1649728033,244.1649728033,244.1649728033,244.1649728033,244.1649728033,244.1649728033,244.1649728033,244.1649728033,244.1649728033,244.1649728033],"max_watch_duration_reward_list":[18259.2538414975,18259.2538414975,18259.2538414975,18259.2538414975,18259.2538414975,18259.2538414975,18259.2538414975,18259.2538414975,18259.2538414975,18259.2538414975,18259.2538414975,18259.2538414975,18259.2538414975]},"RegressionModelAgent":{"actual_clicks_reward_list":[181.0,205.0,190.0,192.0,196.0,189.0,210.0,215.0,185.0,194.0,190.0,160.0,186.0],"actual_watch_duration_reward_list":[10418.6422831795,11733.5583057431,10196.0738702917,12707.612538932,13163.5287721481,11722.4136447827,16252.5589799855,15694.0496782942,13636.6063491281,12747.0011719819,10191.7821908125,10355.1997777273,14466.535736047],"max_clicks_reward_list":[244.1649728033,244.1649728033,244.1649728033,244.1649728033,244.1649728033,244.1649728033,244.1649728033,244.1649728033,244.1649728033,244.1649728033,244.1649728033,244.1649728033,244.1649728033],"max_watch_duration_reward_list":[18259.2538414975,18259.2538414975,18259.2538414975,18259.2538414975,18259.2538414975,18259.2538414975,18259.2538414975,18259.2538414975,18259.2538414975,18259.2538414975,18259.2538414975,18259.2538414975,18259.2538414975]},"WeightedPointWiseModelAgent":{"actual_clicks_reward_list":[204.0,198.0,172.0,193.0,190.0,186.0,182.0,192.0,169.0,185.0,179.0,182.0,187.0],"actual_watch_duration_reward_list":[12985.0503104315,11157.8351690865,9944.43574098,11971.8697595269,11158.2865974338,10388.6472165815,9869.1432419688,11147.6892311269,9995.3606559129,10230.0850177261,9988.1103042036,11669.4089664474,11705.4299314525],"max_clicks_reward_list":[244.1649728033,244.1649728033,244.1649728033,244.1649728033,244.1649728033,244.1649728033,244.1649728033,244.1649728033,244.1649728033,244.1649728033,244.1649728033,244.1649728033,244.1649728033],"max_watch_duration_reward_list":[18259.2538414975,18259.2538414975,18259.2538414975,18259.2538414975,18259.2538414975,18259.2538414975,18259.2538414975,18259.2538414975,18259.2538414975,18259.2538414975,18259.2538414975,18259.2538414975,18259.2538414975]},"PointWiseModelAgent":{"actual_clicks_reward_list":[184.0,203.0,158.0,211.0,215.0,210.0,231.0,204.0,219.0,219.0,210.0,247.0,197.0],"actual_watch_duration_reward_list":[11198.8741800078,11991.266337194,8598.2363386457,11358.0454216981,11350.1716079664,10122.0350046803,10376.0353760824,10562.3042241076,11488.9447101593,9230.0653410644,8183.9162242061,12451.0461376678,9642.115914052],"max_clicks_reward_list":[244.1649728033,244.1649728033,244.1649728033,244.1649728033,244.1649728033,244.1649728033,244.1649728033,244.1649728033,244.1649728033,244.1649728033,244.1649728033,244.1649728033,244.1649728033],"max_watch_duration_reward_list":[18259.2538414975,18259.2538414975,18259.2538414975,18259.2538414975,18259.2538414975,18259.2538414975,18259.2538414975,18259.2538414975,18259.2538414975,18259.2538414975,18259.2538414975,18259.2538414975,18259.2538414975]}}