{"TweedieModelAgent":{"actual_clicks_reward_list":[2051.0,2047.0,2050.0,2127.0,1927.0,1878.0,2112.0,1987.0,2288.0,2324.0,2371.0,2331.0,2369.0],"actual_watch_duration_reward_list":[97283.5783370666,98490.8247400488,99315.1362929448,101928.0040765993,98959.3358855513,106982.0874024199,136698.4846052266,139674.2898698328,164213.1559261592,163069.1664411751,166329.0464899939,166397.3596812945,167157.4586747031],"max_clicks_reward_list":[2593.2074610405,2593.2074610405,2593.2074610405,2593.2074610405,2593.2074610405,2593.2074610405,2593.2074610405,2593.2074610405,2593.2074610405,2593.2074610405,2593.2074610405,2593.2074610405,2593.2074610405],"max_watch_duration_reward_list":[226379.6883958117,226379.6883958117,226379.6883958117,226379.6883958117,226379.6883958117,226379.6883958117,226379.6883958117,226379.6883958117,226379.6883958117,226379.6883958117,226379.6883958117,226379.6883958117,226379.6883958117]},"RegressionModelAgent":{"actual_clicks_reward_list":[2069.0,1997.0,1963.0,1850.0,1962.0,1988.0,1958.0,1936.0,2257.0,2053.0,1866.0,2013.0,1961.0],"actual_watch_duration_reward_list":[97758.000825759,93319.8743383898,91267.7417433252,82773.8643242956,132335.5901844495,94070.2211690553,125581.6891300157,105195.518650152,133937.0474214772,131129.1641478156,129114.6473913622,124011.0748292102,132349.5819147229],"max_clicks_reward_list":[2593.2074610405,2593.2074610405,2593.2074610405,2593.2074610405,2593.2074610405,2593.2074610405,2593.2074610405,2593.2074610405,2593.2074610405,2593.2074610405,2593.2074610405,2593.2074610405,2593.2074610405],"max_watch_duration_reward_list":[226379.6883958117,226379.6883958117,226379.6883958117,226379.6883958117,226379.6883958117,226379.6883958117,226379.6883958117,226379.6883958117,226379.6883958117,226379.6883958117,226379.6883958117,226379.6883958117,226379.6883958117]},"WeightedPointWiseModelAgent":{"actual_clicks_reward_list":[2028.0,2066.0,1960.0,1963.0,2088.0,2051.0,2129.0,2103.0,2158.0,2097.0,2063.0,2149.0,2209.0],"actual_watch_duration_reward_list":[94344.5492507382,96066.3639308441,91871.8736759361,90303.015149629,95174.7612794461,90194.395661422,99410.0579525455,99740.6234615094,105468.5952051204,97547.8352615624,100678.2453739137,100369.280022109,102981.2512509077],"max_clicks_reward_list":[2593.2074610405,2593.2074610405,2593.2074610405,2593.2074610405,2593.2074610405,2593.2074610405,2593.2074610405,2593.2074610405,2593.2074610405,2593.2074610405,2593.2074610405,2593.2074610405,2593.2074610405],"max_watch_duration_reward_list":[226379.6883958117,226379.6883958117,226379.6883958117,226379.6883958117,226379.6883958117,226379.6883958117,226379.6883958117,226379.6883958117,226379.6883958117,226379.6883958117,226379.6883958117,226379.6883958117,226379.6883958117]},"PointWiseModelAgent":{"actual_clicks_reward_list":[1980.0,2107.0,1995.0,2127.0,2096.0,2044.0,2117.0,2182.0,2129.0,2117.0,2176.0,2250.0,2214.0],"actual_watch_duration_reward_list":[90268.9932558259,98154.7241534169,94134.9284036068,121138.8702173197,109558.5926066859,119552.7350015447,113150.410489713,129658.7836268322,123993.5946063921,117390.2128881631,121774.0489452877,128079.2623910826,127825.6090180587],"max_clicks_reward_list":[2593.2074610405,2593.2074610405,2593.2074610405,2593.2074610405,2593.2074610405,2593.2074610405,2593.2074610405,2593.2074610405,2593.2074610405,2593.2074610405,2593.2074610405,2593.2074610405,2593.2074610405],"max_watch_duration_reward_list":[226379.6883958117,226379.6883958117,226379.6883958117,226379.6883958117,226379.6883958117,226379.6883958117,226379.6883958117,226379.6883958117,226379.6883958117,226379.6883958117,226379.6883958117,226379.6883958117,226379.6883958117]}}