{"TweedieModelAgent":{"actual_clicks_reward_list":[2054.0,2179.0,2091.0,2117.0,1996.0,2341.0,2127.0,2334.0,2045.0,2374.0,2346.0,2364.0,2324.0],"actual_watch_duration_reward_list":[117011.6002669655,124643.6734828176,121896.813694087,125419.9144240316,91714.6219389848,125519.9760774024,109334.4468467134,152038.8417986878,148299.3263634419,164157.0222364881,166120.2003514889,162597.554961031,165001.5027582075],"max_clicks_reward_list":[2565.1118500883,2565.1118500883,2565.1118500883,2565.1118500883,2565.1118500883,2565.1118500883,2565.1118500883,2565.1118500883,2565.1118500883,2565.1118500883,2565.1118500883,2565.1118500883,2565.1118500883],"max_watch_duration_reward_list":[217711.8886779559,217711.8886779559,217711.8886779559,217711.8886779559,217711.8886779559,217711.8886779559,217711.8886779559,217711.8886779559,217711.8886779559,217711.8886779559,217711.8886779559,217711.8886779559,217711.8886779559]},"WeightedPointWiseModelAgent":{"actual_clicks_reward_list":[1990.0,1995.0,2028.0,2066.0,1892.0,2071.0,2157.0,2088.0,2063.0,2159.0,2040.0,2113.0,2164.0],"actual_watch_duration_reward_list":[112912.144106592,111433.4891761232,118231.0388224231,129184.1278098364,95822.3499677347,114646.9741774466,125152.2227264551,134533.4499034286,137168.9909240668,147077.5550278419,132398.9708459072,137924.6564269974,140177.8150261344],"max_clicks_reward_list":[2565.1118500883,2565.1118500883,2565.1118500883,2565.1118500883,2565.1118500883,2565.1118500883,2565.1118500883,2565.1118500883,2565.1118500883,2565.1118500883,2565.1118500883,2565.1118500883,2565.1118500883],"max_watch_duration_reward_list":[217711.8886779559,217711.8886779559,217711.8886779559,217711.8886779559,217711.8886779559,217711.8886779559,217711.8886779559,217711.8886779559,217711.8886779559,217711.8886779559,217711.8886779559,217711.8886779559,217711.8886779559]},"PointWiseModelAgent":{"actual_clicks_reward_list":[2052.0,2125.0,2107.0,2045.0,2191.0,2120.0,1980.0,1996.0,2118.0,2024.0,2277.0,2211.0,2262.0],"actual_watch_duration_reward_list":[119128.4270504406,120368.2480347095,122296.0401871572,127744.3045196075,124560.1146380517,129288.858799117,120234.0853035703,91181.8175630527,126900.583217285,113175.4355793567,133303.2887944655,131292.2842306919,133645.9958394688],"max_clicks_reward_list":[2565.1118500883,2565.1118500883,2565.1118500883,2565.1118500883,2565.1118500883,2565.1118500883,2565.1118500883,2565.1118500883,2565.1118500883,2565.1118500883,2565.1118500883,2565.1118500883,2565.1118500883],"max_watch_duration_reward_list":[217711.8886779559,217711.8886779559,217711.8886779559,217711.8886779559,217711.8886779559,217711.8886779559,217711.8886779559,217711.8886779559,217711.8886779559,217711.8886779559,217711.8886779559,217711.8886779559,217711.8886779559]}}