{"TweedieModelAgent":{"actual_clicks_reward_list":[21.0,16.0,16.0,25.0,18.0,22.0,23.0,19.0,21.0,13.0,17.0,19.0,18.0],"actual_watch_duration_reward_list":[1552.5635983979,785.3864895364,1134.6857409407,1954.3730212175,1239.8449775066,1301.1751624642,1005.4690496741,1367.7503660829,1506.4573044522,1216.6374682471,886.0230469222,1592.8608765041,1275.9399131318],"max_clicks_reward_list":[21.7206437876,21.7206437876,21.7206437876,21.7206437876,21.7206437876,21.7206437876,21.7206437876,21.7206437876,21.7206437876,21.7206437876,21.7206437876,21.7206437876,21.7206437876],"max_watch_duration_reward_list":[1442.6591159933,1442.6591159933,1442.6591159933,1442.6591159933,1442.6591159933,1442.6591159933,1442.6591159933,1442.6591159933,1442.6591159933,1442.6591159933,1442.6591159933,1442.6591159933,1442.6591159933]},"WeightedPointWiseModelAgent":{"actual_clicks_reward_list":[21.0,18.0,16.0,16.0,19.0,22.0,19.0,21.0,24.0,19.0,15.0,18.0,15.0],"actual_watch_duration_reward_list":[1150.1615412312,1370.3818193527,1100.3652333393,938.2791969141,1082.1039633921,1372.0781282405,1047.5798956503,1185.5061690158,1842.1725119035,1347.8920759598,1030.7923090645,1276.629862532,1068.6936457731],"max_clicks_reward_list":[21.7206437876,21.7206437876,21.7206437876,21.7206437876,21.7206437876,21.7206437876,21.7206437876,21.7206437876,21.7206437876,21.7206437876,21.7206437876,21.7206437876,21.7206437876],"max_watch_duration_reward_list":[1442.6591159933,1442.6591159933,1442.6591159933,1442.6591159933,1442.6591159933,1442.6591159933,1442.6591159933,1442.6591159933,1442.6591159933,1442.6591159933,1442.6591159933,1442.6591159933,1442.6591159933]},"PointWiseModelAgent":{"actual_clicks_reward_list":[27.0,21.0,17.0,20.0,21.0,24.0,21.0,18.0,26.0,15.0,25.0,23.0,28.0],"actual_watch_duration_reward_list":[1988.8282977127,1224.9362960647,1018.9806840513,1455.5374430892,1516.5276466059,1637.5526375484,1442.2233787735,1060.6555992979,1546.9762166104,780.6085384576,1318.7864790651,1697.1916818103,1564.9412988274],"max_clicks_reward_list":[21.7206437876,21.7206437876,21.7206437876,21.7206437876,21.7206437876,21.7206437876,21.7206437876,21.7206437876,21.7206437876,21.7206437876,21.7206437876,21.7206437876,21.7206437876],"max_watch_duration_reward_list":[1442.6591159933,1442.6591159933,1442.6591159933,1442.6591159933,1442.6591159933,1442.6591159933,1442.6591159933,1442.6591159933,1442.6591159933,1442.6591159933,1442.6591159933,1442.6591159933,1442.6591159933]},"BanditAgent":{"actual_clicks_reward_list":[23.0,14.0,20.0,18.0,16.0,14.0,20.0,12.0,22.0,26.0,23.0,20.0,16.0],"actual_watch_duration_reward_list":[1379.44848066,780.265400893,1243.6528373523,798.2155851661,1239.2807783216,473.0323116241,734.2921382457,374.8137802063,1337.4099699788,1346.3344286351,1091.6315854077,741.4173017462,901.1628066686],"max_clicks_reward_list":[21.7206437876,21.7206437876,21.7206437876,21.7206437876,21.7206437876,21.7206437876,21.7206437876,21.7206437876,21.7206437876,21.7206437876,21.7206437876,21.7206437876,21.7206437876],"max_watch_duration_reward_list":[1442.6591159933,1442.6591159933,1442.6591159933,1442.6591159933,1442.6591159933,1442.6591159933,1442.6591159933,1442.6591159933,1442.6591159933,1442.6591159933,1442.6591159933,1442.6591159933,1442.6591159933]},"BucketSortingAgent":{"actual_clicks_reward_list":[22.0,26.0,17.0,22.0,22.0,21.0,21.0,23.0,21.0,23.0,21.0,24.0,18.0],"actual_watch_duration_reward_list":[1358.6145336159,1399.8298793866,1371.5186378106,1349.1709939401,1440.5376841877,1573.5362003731,1338.1956585238,1080.7009753099,1342.9355735609,1579.6322100724,1426.9846485646,1680.7102484361,1051.7677669893],"max_clicks_reward_list":[21.7206437876,21.7206437876,21.7206437876,21.7206437876,21.7206437876,21.7206437876,21.7206437876,21.7206437876,21.7206437876,21.7206437876,21.7206437876,21.7206437876,21.7206437876],"max_watch_duration_reward_list":[1442.6591159933,1442.6591159933,1442.6591159933,1442.6591159933,1442.6591159933,1442.6591159933,1442.6591159933,1442.6591159933,1442.6591159933,1442.6591159933,1442.6591159933,1442.6591159933,1442.6591159933]},"BucketSortingWatchTimeAgent":{"actual_clicks_reward_list":[19.0,22.0,16.0,19.0,15.0,20.0,15.0,16.0,22.0,19.0,19.0,18.0,12.0],"actual_watch_duration_reward_list":[1089.7362402051,1185.1200828253,770.6653862534,1383.540150057,1161.6280748626,1297.1278222468,1095.0717518339,1261.8267194597,1400.3059091603,945.0403121589,1567.7522519922,1198.9568044205,905.5645892653],"max_clicks_reward_list":[21.7206437876,21.7206437876,21.7206437876,21.7206437876,21.7206437876,21.7206437876,21.7206437876,21.7206437876,21.7206437876,21.7206437876,21.7206437876,21.7206437876,21.7206437876],"max_watch_duration_reward_list":[1442.6591159933,1442.6591159933,1442.6591159933,1442.6591159933,1442.6591159933,1442.6591159933,1442.6591159933,1442.6591159933,1442.6591159933,1442.6591159933,1442.6591159933,1442.6591159933,1442.6591159933]},"PairWiseModelAgent":{"actual_clicks_reward_list":[21.0,24.0,18.0,18.0,17.0,26.0,27.0,27.0,18.0,19.0,21.0,30.0,32.0],"actual_watch_duration_reward_list":[1260.5384881527,1459.7339495831,1176.3006398208,1335.1077767479,1106.9561832943,1548.5849509977,942.995503476,1376.4137773828,802.4761998022,685.6686791522,924.096520912,1489.2557040454,1503.2655756396],"max_clicks_reward_list":[21.7206437876,21.7206437876,21.7206437876,21.7206437876,21.7206437876,21.7206437876,21.7206437876,21.7206437876,21.7206437876,21.7206437876,21.7206437876,21.7206437876,21.7206437876],"max_watch_duration_reward_list":[1442.6591159933,1442.6591159933,1442.6591159933,1442.6591159933,1442.6591159933,1442.6591159933,1442.6591159933,1442.6591159933,1442.6591159933,1442.6591159933,1442.6591159933,1442.6591159933,1442.6591159933]},"WeightedPairWiseModelAgent":{"actual_clicks_reward_list":[22.0,21.0,23.0,12.0,21.0,26.0,15.0,15.0,25.0,23.0,24.0,29.0,20.0],"actual_watch_duration_reward_list":[1308.0244309649,1475.9408762683,1040.6621000837,664.5222354163,1495.1526729237,1794.2394110479,1251.771197642,977.4443948887,1798.7956562194,1562.8696344836,1735.864502749,1993.4011670135,1863.7012512277],"max_clicks_reward_list":[21.7206437876,21.7206437876,21.7206437876,21.7206437876,21.7206437876,21.7206437876,21.7206437876,21.7206437876,21.7206437876,21.7206437876,21.7206437876,21.7206437876,21.7206437876],"max_watch_duration_reward_list":[1442.6591159933,1442.6591159933,1442.6591159933,1442.6591159933,1442.6591159933,1442.6591159933,1442.6591159933,1442.6591159933,1442.6591159933,1442.6591159933,1442.6591159933,1442.6591159933,1442.6591159933]}}