{"TweedieModelAgent":{"actual_clicks_reward_list":[23.0,29.0,26.0,30.0,22.0,25.0,25.0,29.0,31.0,26.0,27.0,22.0,28.0],"actual_watch_duration_reward_list":[1288.167810232,1935.2863048397,1405.2313049312,2480.5377350995,941.7879930821,1731.0520949239,1451.0190921898,2176.750513939,2255.3248347711,2371.9492094453,1679.0188746616,1758.7286466892,1876.3978197037],"max_clicks_reward_list":[24.1175075204,24.1175075204,24.1175075204,24.1175075204,24.1175075204,24.1175075204,24.1175075204,24.1175075204,24.1175075204,24.1175075204,24.1175075204,24.1175075204,24.1175075204],"max_watch_duration_reward_list":[1730.5501236002,1730.5501236002,1730.5501236002,1730.5501236002,1730.5501236002,1730.5501236002,1730.5501236002,1730.5501236002,1730.5501236002,1730.5501236002,1730.5501236002,1730.5501236002,1730.5501236002]},"WeightedPointWiseModelAgent":{"actual_clicks_reward_list":[18.0,31.0,19.0,22.0,22.0,14.0,27.0,19.0,33.0,22.0,22.0,30.0,17.0],"actual_watch_duration_reward_list":[1150.0275174004,1557.4784116934,1249.2914041102,1177.5203070636,1593.1359440106,902.9368720307,1286.0755060997,863.7195192068,1906.157721901,1177.002324487,1416.7043801453,1988.5222686547,956.0878878459],"max_clicks_reward_list":[24.1175075204,24.1175075204,24.1175075204,24.1175075204,24.1175075204,24.1175075204,24.1175075204,24.1175075204,24.1175075204,24.1175075204,24.1175075204,24.1175075204,24.1175075204],"max_watch_duration_reward_list":[1730.5501236002,1730.5501236002,1730.5501236002,1730.5501236002,1730.5501236002,1730.5501236002,1730.5501236002,1730.5501236002,1730.5501236002,1730.5501236002,1730.5501236002,1730.5501236002,1730.5501236002]},"PointWiseModelAgent":{"actual_clicks_reward_list":[24.0,25.0,22.0,27.0,17.0,16.0,29.0,16.0,25.0,17.0,23.0,22.0,22.0],"actual_watch_duration_reward_list":[1751.3601585964,1082.9761991742,1507.1671411667,1091.3595528518,836.0968394051,903.9816533803,974.3669963138,1101.3685741977,1399.3266013742,1317.4543305141,1168.3714268914,975.2961469046,1325.6281800702],"max_clicks_reward_list":[24.1175075204,24.1175075204,24.1175075204,24.1175075204,24.1175075204,24.1175075204,24.1175075204,24.1175075204,24.1175075204,24.1175075204,24.1175075204,24.1175075204,24.1175075204],"max_watch_duration_reward_list":[1730.5501236002,1730.5501236002,1730.5501236002,1730.5501236002,1730.5501236002,1730.5501236002,1730.5501236002,1730.5501236002,1730.5501236002,1730.5501236002,1730.5501236002,1730.5501236002,1730.5501236002]},"BanditAgent":{"actual_clicks_reward_list":[25.0,12.0,23.0,21.0,18.0,17.0,20.0,23.0,15.0,20.0,16.0,22.0,26.0],"actual_watch_duration_reward_list":[1436.452327676,601.931327552,1682.0939485902,1111.6977692244,1174.4511453364,1005.3946783819,1352.3528186791,1565.6657861803,972.1379399381,1014.188452122,781.6744597792,1225.1578539742,1429.934849113],"max_clicks_reward_list":[24.1175075204,24.1175075204,24.1175075204,24.1175075204,24.1175075204,24.1175075204,24.1175075204,24.1175075204,24.1175075204,24.1175075204,24.1175075204,24.1175075204,24.1175075204],"max_watch_duration_reward_list":[1730.5501236002,1730.5501236002,1730.5501236002,1730.5501236002,1730.5501236002,1730.5501236002,1730.5501236002,1730.5501236002,1730.5501236002,1730.5501236002,1730.5501236002,1730.5501236002,1730.5501236002]},"BucketSortingAgent":{"actual_clicks_reward_list":[12.0,30.0,23.0,19.0,30.0,21.0,19.0,25.0,21.0,23.0,26.0,22.0,24.0],"actual_watch_duration_reward_list":[521.116646693,1753.789547707,1290.3604493848,1153.1884778461,2264.6051953382,1472.9163372842,1521.3661209117,1543.2873022708,1150.9401038141,1068.3244633805,1559.4115175454,1148.899555681,1987.2241561352],"max_clicks_reward_list":[24.1175075204,24.1175075204,24.1175075204,24.1175075204,24.1175075204,24.1175075204,24.1175075204,24.1175075204,24.1175075204,24.1175075204,24.1175075204,24.1175075204,24.1175075204],"max_watch_duration_reward_list":[1730.5501236002,1730.5501236002,1730.5501236002,1730.5501236002,1730.5501236002,1730.5501236002,1730.5501236002,1730.5501236002,1730.5501236002,1730.5501236002,1730.5501236002,1730.5501236002,1730.5501236002]},"BucketSortingWatchTimeAgent":{"actual_clicks_reward_list":[21.0,29.0,13.0,24.0,24.0,27.0,30.0,26.0,26.0,27.0,27.0,25.0,29.0],"actual_watch_duration_reward_list":[1697.3063634401,1554.6546656491,879.0788624135,1416.2193213849,1648.927845003,1758.6266383102,2178.843904858,1982.0844183464,1963.5615866457,1821.3070735069,1615.6296370402,1417.1921136235,2122.5711622997],"max_clicks_reward_list":[24.1175075204,24.1175075204,24.1175075204,24.1175075204,24.1175075204,24.1175075204,24.1175075204,24.1175075204,24.1175075204,24.1175075204,24.1175075204,24.1175075204,24.1175075204],"max_watch_duration_reward_list":[1730.5501236002,1730.5501236002,1730.5501236002,1730.5501236002,1730.5501236002,1730.5501236002,1730.5501236002,1730.5501236002,1730.5501236002,1730.5501236002,1730.5501236002,1730.5501236002,1730.5501236002]},"PairWiseModelAgent":{"actual_clicks_reward_list":[23.0,26.0,21.0,25.0,20.0,18.0,17.0,17.0,24.0,25.0,28.0,27.0,18.0],"actual_watch_duration_reward_list":[1365.3141438342,2022.3901857101,1297.3496404458,1371.7165186788,1243.3488778361,1384.5819869366,803.4378907271,884.1027816696,1687.043059606,1515.4913848138,1624.6201662754,2434.8469444454,780.3948121187],"max_clicks_reward_list":[24.1175075204,24.1175075204,24.1175075204,24.1175075204,24.1175075204,24.1175075204,24.1175075204,24.1175075204,24.1175075204,24.1175075204,24.1175075204,24.1175075204,24.1175075204],"max_watch_duration_reward_list":[1730.5501236002,1730.5501236002,1730.5501236002,1730.5501236002,1730.5501236002,1730.5501236002,1730.5501236002,1730.5501236002,1730.5501236002,1730.5501236002,1730.5501236002,1730.5501236002,1730.5501236002]},"WeightedPairWiseModelAgent":{"actual_clicks_reward_list":[22.0,24.0,27.0,29.0,30.0,18.0,23.0,21.0,21.0,21.0,21.0,33.0,20.0],"actual_watch_duration_reward_list":[1306.2156301447,1204.6474263519,1842.7002323778,1519.1132225937,2067.0392511473,1269.8130511678,1419.2566125318,1836.7757787415,1764.1953789826,1559.5989419469,1244.82731163,1683.0454613561,1412.3844374723],"max_clicks_reward_list":[24.1175075204,24.1175075204,24.1175075204,24.1175075204,24.1175075204,24.1175075204,24.1175075204,24.1175075204,24.1175075204,24.1175075204,24.1175075204,24.1175075204,24.1175075204],"max_watch_duration_reward_list":[1730.5501236002,1730.5501236002,1730.5501236002,1730.5501236002,1730.5501236002,1730.5501236002,1730.5501236002,1730.5501236002,1730.5501236002,1730.5501236002,1730.5501236002,1730.5501236002,1730.5501236002]}}