{"TweedieModelAgent":{"actual_clicks_reward_list":[21.0,26.0,26.0,16.0,18.0,23.0,20.0,21.0,32.0,15.0,24.0,20.0,24.0],"actual_watch_duration_reward_list":[1720.986488183,1853.5464068531,1665.5168396447,746.1785992631,1036.8450649917,1505.2834137012,1403.6700570341,1389.5057718749,1755.26972284,1112.0012774794,1729.2305803095,1062.5864657734,1301.8733602611],"max_clicks_reward_list":[22.8829152854,22.8829152854,22.8829152854,22.8829152854,22.8829152854,22.8829152854,22.8829152854,22.8829152854,22.8829152854,22.8829152854,22.8829152854,22.8829152854,22.8829152854],"max_watch_duration_reward_list":[1465.5315762444,1465.5315762444,1465.5315762444,1465.5315762444,1465.5315762444,1465.5315762444,1465.5315762444,1465.5315762444,1465.5315762444,1465.5315762444,1465.5315762444,1465.5315762444,1465.5315762444]},"WeightedPointWiseModelAgent":{"actual_clicks_reward_list":[14.0,14.0,20.0,14.0,24.0,17.0,24.0,15.0,23.0,17.0,17.0,21.0,29.0],"actual_watch_duration_reward_list":[1054.0547991323,711.0432324429,1021.9279339345,649.194591638,1775.2545360312,1162.3274789694,1905.8022925304,819.5653814748,2090.5826950514,1178.4045467348,1158.9995794023,1087.6372590669,1202.8331442596],"max_clicks_reward_list":[22.8829152854,22.8829152854,22.8829152854,22.8829152854,22.8829152854,22.8829152854,22.8829152854,22.8829152854,22.8829152854,22.8829152854,22.8829152854,22.8829152854,22.8829152854],"max_watch_duration_reward_list":[1465.5315762444,1465.5315762444,1465.5315762444,1465.5315762444,1465.5315762444,1465.5315762444,1465.5315762444,1465.5315762444,1465.5315762444,1465.5315762444,1465.5315762444,1465.5315762444,1465.5315762444]},"PointWiseModelAgent":{"actual_clicks_reward_list":[20.0,24.0,20.0,26.0,20.0,22.0,23.0,18.0,24.0,18.0,26.0,17.0,26.0],"actual_watch_duration_reward_list":[1441.7066710314,1723.2605942495,1275.6921973892,1621.820506324,1274.2051660144,900.5765615663,1251.0019539603,1135.3367584822,1203.5177148743,915.4051809349,1262.6642744564,943.873433716,1324.3666314724],"max_clicks_reward_list":[22.8829152854,22.8829152854,22.8829152854,22.8829152854,22.8829152854,22.8829152854,22.8829152854,22.8829152854,22.8829152854,22.8829152854,22.8829152854,22.8829152854,22.8829152854],"max_watch_duration_reward_list":[1465.5315762444,1465.5315762444,1465.5315762444,1465.5315762444,1465.5315762444,1465.5315762444,1465.5315762444,1465.5315762444,1465.5315762444,1465.5315762444,1465.5315762444,1465.5315762444,1465.5315762444]},"BanditAgent":{"actual_clicks_reward_list":[18.0,32.0,20.0,16.0,15.0,32.0,30.0,29.0,27.0,27.0,15.0,15.0,21.0],"actual_watch_duration_reward_list":[1165.2891483841,1994.074499872,1214.346974191,757.0500119769,1176.9014481385,1411.8689187859,1733.8783370075,2024.0748590953,1572.7138196551,1666.2781193574,1089.6181602622,642.2594876818,1550.6259668274],"max_clicks_reward_list":[22.8829152854,22.8829152854,22.8829152854,22.8829152854,22.8829152854,22.8829152854,22.8829152854,22.8829152854,22.8829152854,22.8829152854,22.8829152854,22.8829152854,22.8829152854],"max_watch_duration_reward_list":[1465.5315762444,1465.5315762444,1465.5315762444,1465.5315762444,1465.5315762444,1465.5315762444,1465.5315762444,1465.5315762444,1465.5315762444,1465.5315762444,1465.5315762444,1465.5315762444,1465.5315762444]},"BucketSortingAgent":{"actual_clicks_reward_list":[23.0,22.0,24.0,18.0,39.0,23.0,28.0,20.0,33.0,22.0,16.0,24.0,22.0],"actual_watch_duration_reward_list":[1575.4725225837,1432.5901262604,1434.2447453839,484.6563578832,1472.0250695691,1337.8577062271,1248.1299232334,946.7620755166,1512.1477990504,638.0397079759,737.9868793603,1077.2603583183,1128.6891469838],"max_clicks_reward_list":[22.8829152854,22.8829152854,22.8829152854,22.8829152854,22.8829152854,22.8829152854,22.8829152854,22.8829152854,22.8829152854,22.8829152854,22.8829152854,22.8829152854,22.8829152854],"max_watch_duration_reward_list":[1465.5315762444,1465.5315762444,1465.5315762444,1465.5315762444,1465.5315762444,1465.5315762444,1465.5315762444,1465.5315762444,1465.5315762444,1465.5315762444,1465.5315762444,1465.5315762444,1465.5315762444]},"BucketSortingWatchTimeAgent":{"actual_clicks_reward_list":[19.0,18.0,21.0,16.0,19.0,17.0,19.0,31.0,16.0,16.0,24.0,25.0,24.0],"actual_watch_duration_reward_list":[1637.9448797853,1403.9387733716,1348.2136179371,776.3083349458,1617.824443439,1445.5988888942,1322.5769390429,1815.9119491433,1057.0379627278,1164.375310095,1566.320682594,1615.2387724168,1163.9165506884],"max_clicks_reward_list":[22.8829152854,22.8829152854,22.8829152854,22.8829152854,22.8829152854,22.8829152854,22.8829152854,22.8829152854,22.8829152854,22.8829152854,22.8829152854,22.8829152854,22.8829152854],"max_watch_duration_reward_list":[1465.5315762444,1465.5315762444,1465.5315762444,1465.5315762444,1465.5315762444,1465.5315762444,1465.5315762444,1465.5315762444,1465.5315762444,1465.5315762444,1465.5315762444,1465.5315762444,1465.5315762444]},"PairWiseModelAgent":{"actual_clicks_reward_list":[29.0,22.0,23.0,14.0,15.0,25.0,24.0,11.0,18.0,21.0,17.0,26.0,17.0],"actual_watch_duration_reward_list":[2069.107319113,1187.2805116201,1653.0944372689,896.9235081849,915.8598398194,647.0368845977,1136.7426737093,606.0954867022,652.3730356144,1323.1226373632,1256.70423356,1150.7340300828,847.8841981965],"max_clicks_reward_list":[22.8829152854,22.8829152854,22.8829152854,22.8829152854,22.8829152854,22.8829152854,22.8829152854,22.8829152854,22.8829152854,22.8829152854,22.8829152854,22.8829152854,22.8829152854],"max_watch_duration_reward_list":[1465.5315762444,1465.5315762444,1465.5315762444,1465.5315762444,1465.5315762444,1465.5315762444,1465.5315762444,1465.5315762444,1465.5315762444,1465.5315762444,1465.5315762444,1465.5315762444,1465.5315762444]},"WeightedPairWiseModelAgent":{"actual_clicks_reward_list":[18.0,21.0,24.0,27.0,21.0,22.0,13.0,20.0,16.0,23.0,17.0,15.0,19.0],"actual_watch_duration_reward_list":[847.1634607633,1295.0447839626,1525.5186293296,1529.1162444925,1676.4570029318,1582.6860858697,787.9412747782,870.8539976102,1183.0094712791,1894.6338965612,680.5595944051,1358.1676858175,1072.5049720917],"max_clicks_reward_list":[22.8829152854,22.8829152854,22.8829152854,22.8829152854,22.8829152854,22.8829152854,22.8829152854,22.8829152854,22.8829152854,22.8829152854,22.8829152854,22.8829152854,22.8829152854],"max_watch_duration_reward_list":[1465.5315762444,1465.5315762444,1465.5315762444,1465.5315762444,1465.5315762444,1465.5315762444,1465.5315762444,1465.5315762444,1465.5315762444,1465.5315762444,1465.5315762444,1465.5315762444,1465.5315762444]}}