{"TweedieModelAgent":{"actual_clicks_reward_list":[20.0,25.0,25.0,22.0,16.0,22.0,19.0,16.0,17.0,34.0,24.0,21.0,16.0],"actual_watch_duration_reward_list":[758.6003634427,880.5481855659,1346.5885366484,1526.0270565282,1044.6636710705,1734.3199954429,1454.7861598884,1106.4070200996,1264.70566524,2784.7858894647,1737.8928538046,1531.7795277362,969.32861105],"max_clicks_reward_list":[22.0889587915,22.0889587915,22.0889587915,22.0889587915,22.0889587915,22.0889587915,22.0889587915,22.0889587915,22.0889587915,22.0889587915,22.0889587915,22.0889587915,22.0889587915],"max_watch_duration_reward_list":[1639.9757624135,1639.9757624135,1639.9757624135,1639.9757624135,1639.9757624135,1639.9757624135,1639.9757624135,1639.9757624135,1639.9757624135,1639.9757624135,1639.9757624135,1639.9757624135,1639.9757624135]},"RegressionModelAgent":{"actual_clicks_reward_list":[16.0,18.0,18.0,12.0,13.0,22.0,21.0,19.0,21.0,16.0,30.0,14.0,23.0],"actual_watch_duration_reward_list":[695.0577524848,889.6275735753,984.7770815542,681.5679440082,970.6021892041,1507.172640782,1550.7375117829,1432.8012386615,1626.2464448432,556.3501997237,1172.2640814602,811.4943810957,1712.8353891682],"max_clicks_reward_list":[22.0889587915,22.0889587915,22.0889587915,22.0889587915,22.0889587915,22.0889587915,22.0889587915,22.0889587915,22.0889587915,22.0889587915,22.0889587915,22.0889587915,22.0889587915],"max_watch_duration_reward_list":[1639.9757624135,1639.9757624135,1639.9757624135,1639.9757624135,1639.9757624135,1639.9757624135,1639.9757624135,1639.9757624135,1639.9757624135,1639.9757624135,1639.9757624135,1639.9757624135,1639.9757624135]},"WeightedPointWiseModelAgent":{"actual_clicks_reward_list":[15.0,16.0,21.0,17.0,18.0,21.0,25.0,13.0,15.0,24.0,17.0,22.0,22.0],"actual_watch_duration_reward_list":[1108.9374582684,766.7850877923,1081.5929951092,1086.7889791224,905.824133233,1180.5484913221,1750.1896156977,1092.6196433537,1217.8384958991,1541.2665360621,879.7864566638,1080.3873346104,1233.8646455826],"max_clicks_reward_list":[22.0889587915,22.0889587915,22.0889587915,22.0889587915,22.0889587915,22.0889587915,22.0889587915,22.0889587915,22.0889587915,22.0889587915,22.0889587915,22.0889587915,22.0889587915],"max_watch_duration_reward_list":[1639.9757624135,1639.9757624135,1639.9757624135,1639.9757624135,1639.9757624135,1639.9757624135,1639.9757624135,1639.9757624135,1639.9757624135,1639.9757624135,1639.9757624135,1639.9757624135,1639.9757624135]},"PointWiseModelAgent":{"actual_clicks_reward_list":[16.0,21.0,24.0,16.0,21.0,15.0,21.0,15.0,21.0,19.0,19.0,21.0,23.0],"actual_watch_duration_reward_list":[797.3965906622,1030.9945473496,1524.827515927,639.2143960554,1567.743092414,801.3661854742,1515.6078546753,1043.8682326201,1061.7715366547,1277.1951939862,941.7541681499,1485.7094876603,1300.5540627689],"max_clicks_reward_list":[22.0889587915,22.0889587915,22.0889587915,22.0889587915,22.0889587915,22.0889587915,22.0889587915,22.0889587915,22.0889587915,22.0889587915,22.0889587915,22.0889587915,22.0889587915],"max_watch_duration_reward_list":[1639.9757624135,1639.9757624135,1639.9757624135,1639.9757624135,1639.9757624135,1639.9757624135,1639.9757624135,1639.9757624135,1639.9757624135,1639.9757624135,1639.9757624135,1639.9757624135,1639.9757624135]}}