{"TweedieModelAgent":{"actual_clicks_reward_list":[1070.0,1123.0,1102.0,1056.0,911.0,899.0,1017.0,1095.0,1081.0,1039.0,1044.0,1048.0,1072.0],"actual_watch_duration_reward_list":[62440.0546342033,63152.9340669708,62258.0014886743,57685.4902519771,59749.2590805599,53998.8294639826,72685.0248620708,93285.6096222436,92785.3152080321,82954.0680559531,87416.7837982568,89144.8026717013,93290.4549115236],"max_clicks_reward_list":[1339.5185651897,1339.5185651897,1339.5185651897,1339.5185651897,1339.5185651897,1339.5185651897,1339.5185651897,1339.5185651897,1339.5185651897,1339.5185651897,1339.5185651897,1339.5185651897,1339.5185651897],"max_watch_duration_reward_list":[105143.6867215126,105143.6867215126,105143.6867215126,105143.6867215126,105143.6867215126,105143.6867215126,105143.6867215126,105143.6867215126,105143.6867215126,105143.6867215126,105143.6867215126,105143.6867215126,105143.6867215126]},"RegressionModelAgent":{"actual_clicks_reward_list":[1129.0,1091.0,1109.0,916.0,1024.0,1068.0,956.0,1157.0,973.0,1113.0,1072.0,1110.0,900.0],"actual_watch_duration_reward_list":[63125.1832394457,62165.4806964212,65725.4697177517,60756.8364991044,56087.6965214938,55995.3537117142,49634.7933546925,94666.6845994882,82717.647952316,91198.7485978532,95845.8264159634,99497.5481453837,61721.2004706257],"max_clicks_reward_list":[1339.5185651897,1339.5185651897,1339.5185651897,1339.5185651897,1339.5185651897,1339.5185651897,1339.5185651897,1339.5185651897,1339.5185651897,1339.5185651897,1339.5185651897,1339.5185651897,1339.5185651897],"max_watch_duration_reward_list":[105143.6867215126,105143.6867215126,105143.6867215126,105143.6867215126,105143.6867215126,105143.6867215126,105143.6867215126,105143.6867215126,105143.6867215126,105143.6867215126,105143.6867215126,105143.6867215126,105143.6867215126]},"WeightedPointWiseModelAgent":{"actual_clicks_reward_list":[1121.0,1143.0,1114.0,1102.0,1176.0,1067.0,1128.0,1108.0,1127.0,1175.0,1078.0,1152.0,1114.0],"actual_watch_duration_reward_list":[64637.9826102372,63530.205357817,64076.472524432,58755.517673508,65411.397233553,63143.9321334448,66183.167821053,65866.7820372398,64549.2672841692,69154.3936701886,60039.245724129,71491.919220853,67101.3344242093],"max_clicks_reward_list":[1339.5185651897,1339.5185651897,1339.5185651897,1339.5185651897,1339.5185651897,1339.5185651897,1339.5185651897,1339.5185651897,1339.5185651897,1339.5185651897,1339.5185651897,1339.5185651897,1339.5185651897],"max_watch_duration_reward_list":[105143.6867215126,105143.6867215126,105143.6867215126,105143.6867215126,105143.6867215126,105143.6867215126,105143.6867215126,105143.6867215126,105143.6867215126,105143.6867215126,105143.6867215126,105143.6867215126,105143.6867215126]},"PointWiseModelAgent":{"actual_clicks_reward_list":[1109.0,1096.0,1091.0,983.0,978.0,958.0,876.0,908.0,1080.0,844.0,1102.0,1144.0,1206.0],"actual_watch_duration_reward_list":[64283.5325327046,60013.057049399,60119.2185996463,52758.0808542308,63592.8941284437,52037.0195432255,49501.4960062814,48650.806026405,52533.050807543,46071.3261012855,51180.1927429942,60030.3552382227,68916.3964776392],"max_clicks_reward_list":[1339.5185651897,1339.5185651897,1339.5185651897,1339.5185651897,1339.5185651897,1339.5185651897,1339.5185651897,1339.5185651897,1339.5185651897,1339.5185651897,1339.5185651897,1339.5185651897,1339.5185651897],"max_watch_duration_reward_list":[105143.6867215126,105143.6867215126,105143.6867215126,105143.6867215126,105143.6867215126,105143.6867215126,105143.6867215126,105143.6867215126,105143.6867215126,105143.6867215126,105143.6867215126,105143.6867215126,105143.6867215126]},"BanditAgent":{"actual_clicks_reward_list":[1085.0,1097.0,1126.0,1006.0,1024.0,976.0,996.0,1010.0,1013.0,1007.0,990.0,1073.0,1065.0],"actual_watch_duration_reward_list":[63046.3635873547,61804.1576874717,65462.3253459306,57961.2308705726,57936.8476189571,54792.3627354735,54907.3626200709,58576.5185610528,56511.5035877843,55052.7328103419,51804.4254096767,59925.0527109944,60584.0711092076],"max_clicks_reward_list":[1339.5185651897,1339.5185651897,1339.5185651897,1339.5185651897,1339.5185651897,1339.5185651897,1339.5185651897,1339.5185651897,1339.5185651897,1339.5185651897,1339.5185651897,1339.5185651897,1339.5185651897],"max_watch_duration_reward_list":[105143.6867215126,105143.6867215126,105143.6867215126,105143.6867215126,105143.6867215126,105143.6867215126,105143.6867215126,105143.6867215126,105143.6867215126,105143.6867215126,105143.6867215126,105143.6867215126,105143.6867215126]},"BucketSortingAgent":{"actual_clicks_reward_list":[1113.0,1067.0,1117.0,1189.0,1130.0,1063.0,1135.0,1108.0,1152.0,1171.0,1173.0,1084.0,1121.0],"actual_watch_duration_reward_list":[65094.6913112113,63188.2770690997,63839.2572432045,68563.7389696363,63155.8028518643,59790.645453353,64303.9307693541,62018.4036668012,65013.542651585,69033.5802742352,64670.8537748001,60520.0983631219,64257.5297644057],"max_clicks_reward_list":[1339.5185651897,1339.5185651897,1339.5185651897,1339.5185651897,1339.5185651897,1339.5185651897,1339.5185651897,1339.5185651897,1339.5185651897,1339.5185651897,1339.5185651897,1339.5185651897,1339.5185651897],"max_watch_duration_reward_list":[105143.6867215126,105143.6867215126,105143.6867215126,105143.6867215126,105143.6867215126,105143.6867215126,105143.6867215126,105143.6867215126,105143.6867215126,105143.6867215126,105143.6867215126,105143.6867215126,105143.6867215126]},"BucketSortingWatchTimeAgent":{"actual_clicks_reward_list":[1120.0,1147.0,1081.0,1114.0,1173.0,1141.0,1171.0,1139.0,1135.0,1120.0,1136.0,1151.0,1147.0],"actual_watch_duration_reward_list":[65094.0705014136,65185.4009737967,62549.0850246927,64958.6460043712,64657.8454625573,68686.51835252,69886.9407222775,68898.5640390625,67478.2660382404,62124.5475605796,69371.0546265992,66783.4781499718,68984.3674686482],"max_clicks_reward_list":[1339.5185651897,1339.5185651897,1339.5185651897,1339.5185651897,1339.5185651897,1339.5185651897,1339.5185651897,1339.5185651897,1339.5185651897,1339.5185651897,1339.5185651897,1339.5185651897,1339.5185651897],"max_watch_duration_reward_list":[105143.6867215126,105143.6867215126,105143.6867215126,105143.6867215126,105143.6867215126,105143.6867215126,105143.6867215126,105143.6867215126,105143.6867215126,105143.6867215126,105143.6867215126,105143.6867215126,105143.6867215126]},"PairWiseModelAgent":{"actual_clicks_reward_list":[1162.0,1103.0,1081.0,1101.0,1050.0,1043.0,1196.0,1158.0,1028.0,1170.0,1091.0,1181.0,1124.0],"actual_watch_duration_reward_list":[69156.3731888964,63480.4560700604,62843.7851574866,57646.8943046127,68288.5544282481,56957.3409709007,63251.9977087359,60762.5554109616,60115.2193128961,64927.1517866893,57966.9468907584,71650.9295245847,52711.7711449348],"max_clicks_reward_list":[1339.5185651897,1339.5185651897,1339.5185651897,1339.5185651897,1339.5185651897,1339.5185651897,1339.5185651897,1339.5185651897,1339.5185651897,1339.5185651897,1339.5185651897,1339.5185651897,1339.5185651897],"max_watch_duration_reward_list":[105143.6867215126,105143.6867215126,105143.6867215126,105143.6867215126,105143.6867215126,105143.6867215126,105143.6867215126,105143.6867215126,105143.6867215126,105143.6867215126,105143.6867215126,105143.6867215126,105143.6867215126]},"WeightedPairWiseModelAgent":{"actual_clicks_reward_list":[1101.0,1111.0,1103.0,944.0,1004.0,1120.0,1061.0,1107.0,1059.0,1105.0,1057.0,1090.0,1096.0],"actual_watch_duration_reward_list":[63036.1863080543,63727.8227972213,61915.7313542897,60659.7625006156,65520.0756569278,79863.6771922385,69480.9456984149,77679.8709260484,83754.7245075832,91794.264348226,86480.2205204516,87354.3611876615,88921.0463044254],"max_clicks_reward_list":[1339.5185651897,1339.5185651897,1339.5185651897,1339.5185651897,1339.5185651897,1339.5185651897,1339.5185651897,1339.5185651897,1339.5185651897,1339.5185651897,1339.5185651897,1339.5185651897,1339.5185651897],