{"TweedieModelAgent":{"actual_clicks_reward_list":[18.0,26.0,30.0,19.0,21.0,20.0,16.0,22.0,17.0,17.0,23.0,14.0,26.0],"actual_watch_duration_reward_list":[889.1794792825,966.9547410849,1253.85887254,906.0705516875,755.513806612,1027.9536694578,993.9701464386,1326.4899371245,1182.490730654,826.1980814991,770.6740523792,543.6339882256,1106.7911521028],"max_clicks_reward_list":[21.9918781365,21.9918781365,21.9918781365,21.9918781365,21.9918781365,21.9918781365,21.9918781365,21.9918781365,21.9918781365,21.9918781365,21.9918781365,21.9918781365,21.9918781365],"max_watch_duration_reward_list":[1449.2209415763,1449.2209415763,1449.2209415763,1449.2209415763,1449.2209415763,1449.2209415763,1449.2209415763,1449.2209415763,1449.2209415763,1449.2209415763,1449.2209415763,1449.2209415763,1449.2209415763]},"WeightedPointWiseModelAgent":{"actual_clicks_reward_list":[15.0,19.0,18.0,19.0,24.0,20.0,19.0,20.0,17.0,12.0,17.0,20.0,19.0],"actual_watch_duration_reward_list":[692.3655038457,722.624402008,521.2345990444,1241.8430344408,1382.5460485712,1411.4512619249,1345.5155966897,1223.4478179551,854.2047112191,562.7567063124,1099.8848081349,955.8604121001,1473.7205594462],"max_clicks_reward_list":[21.9918781365,21.9918781365,21.9918781365,21.9918781365,21.9918781365,21.9918781365,21.9918781365,21.9918781365,21.9918781365,21.9918781365,21.9918781365,21.9918781365,21.9918781365],"max_watch_duration_reward_list":[1449.2209415763,1449.2209415763,1449.2209415763,1449.2209415763,1449.2209415763,1449.2209415763,1449.2209415763,1449.2209415763,1449.2209415763,1449.2209415763,1449.2209415763,1449.2209415763,1449.2209415763]},"PointWiseModelAgent":{"actual_clicks_reward_list":[17.0,25.0,23.0,22.0,19.0,20.0,27.0,12.0,25.0,30.0,24.0,25.0,21.0],"actual_watch_duration_reward_list":[622.8401138848,1023.9256164174,900.7661077955,1001.1436426848,1201.0671100811,1177.2463191378,1457.1679576728,704.0115708251,1332.083597286,1614.7024543105,969.7682511123,1002.2178922141,1114.7617454195],"max_clicks_reward_list":[21.9918781365,21.9918781365,21.9918781365,21.9918781365,21.9918781365,21.9918781365,21.9918781365,21.9918781365,21.9918781365,21.9918781365,21.9918781365,21.9918781365,21.9918781365],"max_watch_duration_reward_list":[1449.2209415763,1449.2209415763,1449.2209415763,1449.2209415763,1449.2209415763,1449.2209415763,1449.2209415763,1449.2209415763,1449.2209415763,1449.2209415763,1449.2209415763,1449.2209415763,1449.2209415763]},"BanditAgent":{"actual_clicks_reward_list":[21.0,17.0,30.0,17.0,23.0,25.0,23.0,20.0,24.0,19.0,23.0,26.0,17.0],"actual_watch_duration_reward_list":[780.9743695035,752.6340918007,1365.2080581587,667.3247244843,1066.8379746616,1451.8790455273,1277.7119653994,1139.0218356159,1389.5029261603,840.1994450695,1324.7801722917,1319.341180457,1327.6610726365],"max_clicks_reward_list":[21.9918781365,21.9918781365,21.9918781365,21.9918781365,21.9918781365,21.9918781365,21.9918781365,21.9918781365,21.9918781365,21.9918781365,21.9918781365,21.9918781365,21.9918781365],"max_watch_duration_reward_list":[1449.2209415763,1449.2209415763,1449.2209415763,1449.2209415763,1449.2209415763,1449.2209415763,1449.2209415763,1449.2209415763,1449.2209415763,1449.2209415763,1449.2209415763,1449.2209415763,1449.2209415763]},"BucketSortingAgent":{"actual_clicks_reward_list":[21.0,20.0,23.0,19.0,25.0,26.0,26.0,22.0,24.0,19.0,16.0,20.0,23.0],"actual_watch_duration_reward_list":[893.1362386308,754.5857085771,799.946638253,745.0547594684,823.7938509105,873.0542658825,1124.7776908745,1179.9301274032,1238.9154275309,835.0285790457,765.2475430856,678.1137806907,1545.6188056461],"max_clicks_reward_list":[21.9918781365,21.9918781365,21.9918781365,21.9918781365,21.9918781365,21.9918781365,21.9918781365,21.9918781365,21.9918781365,21.9918781365,21.9918781365,21.9918781365,21.9918781365],"max_watch_duration_reward_list":[1449.2209415763,1449.2209415763,1449.2209415763,1449.2209415763,1449.2209415763,1449.2209415763,1449.2209415763,1449.2209415763,1449.2209415763,1449.2209415763,1449.2209415763,1449.2209415763,1449.2209415763]},"BucketSortingWatchTimeAgent":{"actual_clicks_reward_list":[20.0,17.0,24.0,16.0,20.0,26.0,15.0,23.0,18.0,21.0,13.0,21.0,21.0],"actual_watch_duration_reward_list":[1164.7527774566,675.7325972236,945.2874989789,728.102351459,1005.1941050046,1003.2203001882,359.9230534066,1306.984238038,935.9457359306,1414.4996651614,441.1049630678,1399.2146377294,1160.3675300587],"max_clicks_reward_list":[21.9918781365,21.9918781365,21.9918781365,21.9918781365,21.9918781365,21.9918781365,21.9918781365,21.9918781365,21.9918781365,21.9918781365,21.9918781365,21.9918781365,21.9918781365],"max_watch_duration_reward_list":[1449.2209415763,1449.2209415763,1449.2209415763,1449.2209415763,1449.2209415763,1449.2209415763,1449.2209415763,1449.2209415763,1449.2209415763,1449.2209415763,1449.2209415763,1449.2209415763,1449.2209415763]},"PairWiseModelAgent":{"actual_clicks_reward_list":[13.0,29.0,11.0,22.0,15.0,20.0,21.0,15.0,23.0,31.0,25.0,17.0,21.0],"actual_watch_duration_reward_list":[514.7062386786,1268.7704194481,280.8600143091,744.3255635145,767.0235261477,952.6426856679,1048.295878003,600.7527654107,1510.1315727103,1780.4313511334,1050.794404956,748.2881927466,1043.6220762657],"max_clicks_reward_list":[21.9918781365,21.9918781365,21.9918781365,21.9918781365,21.9918781365,21.9918781365,21.9918781365,21.9918781365,21.9918781365,21.9918781365,21.9918781365,21.9918781365,21.9918781365],"max_watch_duration_reward_list":[1449.2209415763,1449.2209415763,1449.2209415763,1449.2209415763,1449.2209415763,1449.2209415763,1449.2209415763,1449.2209415763,1449.2209415763,1449.2209415763,1449.2209415763,1449.2209415763,1449.2209415763]},"WeightedPairWiseModelAgent":{"actual_clicks_reward_list":[29.0,29.0,26.0,29.0,19.0,20.0,18.0,28.0,22.0,19.0,20.0,20.0,19.0],"actual_watch_duration_reward_list":[1071.9724624385,1080.3583907609,1106.2117017035,1296.3958749154,1532.539629764,992.749825755,1074.8445192014,1754.9838961688,1373.7989059597,1266.1253346096,1107.6340423101,835.6985511308,1127.3683013242],"max_clicks_reward_list":[21.9918781365,21.9918781365,21.9918781365,21.9918781365,21.9918781365,21.9918781365,21.9918781365,21.9918781365,21.9918781365,21.9918781365,21.9918781365,21.9918781365,21.9918781365],"max_watch_duration_reward_list":[1449.2209415763,1449.2209415763,1449.2209415763,1449.2209415763,1449.2209415763,1449.2209415763,1449.2209415763,1449.2209415763,1449.2209415763,1449.2209415763,1449.2209415763,1449.2209415763,1449.2209415763]}}