{"TweedieModelAgent":{"actual_clicks_reward_list":[1125.0,1095.0,1064.0,1004.0,1033.0,1045.0,912.0,998.0,1004.0,997.0,957.0,962.0,1067.0],"actual_watch_duration_reward_list":[49643.4367867495,51002.1220626493,49097.6656589253,54244.6864342627,68509.1477054963,75547.2542755062,69333.4431989645,75806.231208596,67210.3664776781,75813.104907849,75150.0469209381,74129.3174467629,84740.3471095671],"max_clicks_reward_list":[1307.9669555972,1307.9669555972,1307.9669555972,1307.9669555972,1307.9669555972,1307.9669555972,1307.9669555972,1307.9669555972,1307.9669555972,1307.9669555972,1307.9669555972,1307.9669555972,1307.9669555972],"max_watch_duration_reward_list":[110360.8195878725,110360.8195878725,110360.8195878725,110360.8195878725,110360.8195878725,110360.8195878725,110360.8195878725,110360.8195878725,110360.8195878725,110360.8195878725,110360.8195878725,110360.8195878725,110360.8195878725]},"RegressionModelAgent":{"actual_clicks_reward_list":[1146.0,1122.0,1066.0,914.0,1072.0,1010.0,1106.0,1128.0,968.0,1018.0,1051.0,1184.0,978.0],"actual_watch_duration_reward_list":[53134.2197817527,56658.6653415166,50461.060921743,46105.9964840987,87052.3105123754,59703.6277645876,65154.2417228369,78037.8341048862,72283.9616013028,70416.358131443,66963.480280474,97109.4738099799,58516.7105581289],"max_clicks_reward_list":[1307.9669555972,1307.9669555972,1307.9669555972,1307.9669555972,1307.9669555972,1307.9669555972,1307.9669555972,1307.9669555972,1307.9669555972,1307.9669555972,1307.9669555972,1307.9669555972,1307.9669555972],"max_watch_duration_reward_list":[110360.8195878725,110360.8195878725,110360.8195878725,110360.8195878725,110360.8195878725,110360.8195878725,110360.8195878725,110360.8195878725,110360.8195878725,110360.8195878725,110360.8195878725,110360.8195878725,110360.8195878725]},"WeightedPointWiseModelAgent":{"actual_clicks_reward_list":[1118.0,1162.0,1105.0,1097.0,1130.0,1104.0,1095.0,1136.0,1098.0,1078.0,1110.0,1080.0,1069.0],"actual_watch_duration_reward_list":[52463.5727805012,55201.9672015697,51113.4708625048,62917.0246182662,66544.6676041318,70170.914475536,64848.7982027279,64994.5802485217,61113.2978278625,61811.5039704717,69016.1145139757,65422.3548898877,64608.2448112225],"max_clicks_reward_list":[1307.9669555972,1307.9669555972,1307.9669555972,1307.9669555972,1307.9669555972,1307.9669555972,1307.9669555972,1307.9669555972,1307.9669555972,1307.9669555972,1307.9669555972,1307.9669555972,1307.9669555972],"max_watch_duration_reward_list":[110360.8195878725,110360.8195878725,110360.8195878725,110360.8195878725,110360.8195878725,110360.8195878725,110360.8195878725,110360.8195878725,110360.8195878725,110360.8195878725,110360.8195878725,110360.8195878725,110360.8195878725]},"PointWiseModelAgent":{"actual_clicks_reward_list":[1087.0,1121.0,1086.0,1028.0,941.0,1105.0,1058.0,1121.0,947.0,1057.0,1063.0,1085.0,1096.0],"actual_watch_duration_reward_list":[49868.1742765903,51611.6929537293,49089.3720225753,47506.9591042102,49450.3378597316,49491.6699138838,72332.9361176614,63536.5568165049,43726.9125744805,63371.2373321401,59181.3975601443,63722.7579804222,64333.9470283805],"max_clicks_reward_list":[1307.9669555972,1307.9669555972,1307.9669555972,1307.9669555972,1307.9669555972,1307.9669555972,1307.9669555972,1307.9669555972,1307.9669555972,1307.9669555972,1307.9669555972,1307.9669555972,1307.9669555972],"max_watch_duration_reward_list":[110360.8195878725,110360.8195878725,110360.8195878725,110360.8195878725,110360.8195878725,110360.8195878725,110360.8195878725,110360.8195878725,110360.8195878725,110360.8195878725,110360.8195878725,110360.8195878725,110360.8195878725]},"BanditAgent":{"actual_clicks_reward_list":[1080.0,1136.0,1131.0,985.0,1078.0,1002.0,1011.0,1013.0,1017.0,1058.0,1028.0,1054.0,1003.0],"actual_watch_duration_reward_list":[51272.6683612326,52353.6193836005,53357.1027380438,55337.5271196403,62024.5704093244,57294.8959183006,60230.4644596594,56792.9576548068,62073.865719177,60403.4462964442,59105.7245021612,61139.0917411213,57512.8625402337],"max_clicks_reward_list":[1307.9669555972,1307.9669555972,1307.9669555972,1307.9669555972,1307.9669555972,1307.9669555972,1307.9669555972,1307.9669555972,1307.9669555972,1307.9669555972,1307.9669555972,1307.9669555972,1307.9669555972],"max_watch_duration_reward_list":[110360.8195878725,110360.8195878725,110360.8195878725,110360.8195878725,110360.8195878725,110360.8195878725,110360.8195878725,110360.8195878725,110360.8195878725,110360.8195878725,110360.8195878725,110360.8195878725,110360.8195878725]},"BucketSortingAgent":{"actual_clicks_reward_list":[1096.0,1086.0,1130.0,1205.0,1170.0,1218.0,1115.0,1132.0,1187.0,1106.0,1122.0,1162.0,1112.0],"actual_watch_duration_reward_list":[52760.3494859654,48249.8414907459,56967.3858458065,56944.9610742731,55694.8933665709,59851.6490461437,52795.3689901646,56738.1894353185,58269.5115240874,51715.8755626023,53846.2969097911,57166.8414995588,52709.8469245767],"max_clicks_reward_list":[1307.9669555972,1307.9669555972,1307.9669555972,1307.9669555972,1307.9669555972,1307.9669555972,1307.9669555972,1307.9669555972,1307.9669555972,1307.9669555972,1307.9669555972,1307.9669555972,1307.9669555972],"max_watch_duration_reward_list":[110360.8195878725,110360.8195878725,110360.8195878725,110360.8195878725,110360.8195878725,110360.8195878725,110360.8195878725,110360.8195878725,110360.8195878725,110360.8195878725,110360.8195878725,110360.8195878725,110360.8195878725]},"BucketSortingWatchTimeAgent":{"actual_clicks_reward_list":[1109.0,1157.0,1064.0,1122.0,1100.0,1076.0,1124.0,1130.0,1144.0,1114.0,1133.0,1143.0,1099.0],"actual_watch_duration_reward_list":[50794.2568197001,55247.4852986391,50425.3236209629,58638.9016238389,57596.1720109036,55625.5573357088,57704.3812654345,58840.2127639179,58201.8093996787,58592.6201577612,58416.8140599014,60592.5232732009,56587.3597286304],"max_clicks_reward_list":[1307.9669555972,1307.9669555972,1307.9669555972,1307.9669555972,1307.9669555972,1307.9669555972,1307.9669555972,1307.9669555972,1307.9669555972,1307.9669555972,1307.9669555972,1307.9669555972,1307.9669555972],"max_watch_duration_reward_list":[110360.8195878725,110360.8195878725,110360.8195878725,110360.8195878725,110360.8195878725,110360.8195878725,110360.8195878725,110360.8195878725,110360.8195878725,110360.8195878725,110360.8195878725,110360.8195878725,110360.8195878725]},"PairWiseModelAgent":{"actual_clicks_reward_list":[1084.0,1151.0,1062.0,1040.0,1110.0,1127.0,1033.0,1013.0,1095.0,1023.0,1031.0,1075.0,1091.0],"actual_watch_duration_reward_list":[52815.8244090355,55912.5996776121,53490.569604176,49796.6346396526,54749.086350192,57637.7779721019,71056.7672060328,63627.430477425,81068.7541399059,68259.1453929092,49472.1128935002,58937.2253253197,70243.8727122311],"max_clicks_reward_list":[1307.9669555972,1307.9669555972,1307.9669555972,1307.9669555972,1307.9669555972,1307.9669555972,1307.9669555972,1307.9669555972,1307.9669555972,1307.9669555972,1307.9669555972,1307.9669555972,1307.9669555972],"max_watch_duration_reward_list":[110360.8195878725,110360.8195878725,110360.8195878725,110360.8195878725,110360.8195878725,110360.8195878725,110360.8195878725,110360.8195878725,110360.8195878725,110360.8195878725,110360.8195878725,110360.8195878725,110360.8195878725]},"WeightedPairWiseModelAgent":{"actual_clicks_reward_list":[1118.0,1119.0,1138.0,1104.0,1121.0,1051.0,1201.0,1117.0,1231.0,1203.0,1177.0,1251.0,1235.0],"actual_watch_duration_reward_list":[50605.7964775762,53159.2859109546,55485.4202362431,77600.4993371376,73579.8662470768,68500.0196189204,80011.455016944,77595.3882231918,85909.5102318313,83525.8116145012,79602.5123893898,85169.8447376383,84795.0685444843],"max_clicks_reward_list":[1307.9669555972,1307.9669555972,1307.9669555972,1307.9669555972,1307.9669555972,1307.9669555972,1307.9669555972,1307.9669555972,1307.9669555972,1307.9669555972,1307.9669555972,1307.9669555972,1307.9669555972],