{"TweedieModelAgent":{"actual_clicks_reward_list":[19.0,23.0,21.0,27.0,11.0,18.0,16.0,13.0,18.0,11.0,25.0,26.0,23.0],"actual_watch_duration_reward_list":[885.9032933207,1123.8569505692,1291.2910490588,2351.33056179,833.8525782142,1125.279090903,1006.5737191922,589.2660510857,1255.3064673207,771.706520621,2235.7642549764,1800.4393205778,1802.0565566844],"max_clicks_reward_list":[22.3364281744,22.3364281744,22.3364281744,22.3364281744,22.3364281744,22.3364281744,22.3364281744,22.3364281744,22.3364281744,22.3364281744,22.3364281744,22.3364281744,22.3364281744],"max_watch_duration_reward_list":[1646.1835669526,1646.1835669526,1646.1835669526,1646.1835669526,1646.1835669526,1646.1835669526,1646.1835669526,1646.1835669526,1646.1835669526,1646.1835669526,1646.1835669526,1646.1835669526,1646.1835669526]},"RegressionModelAgent":{"actual_clicks_reward_list":[19.0,30.0,21.0,24.0,15.0,20.0,14.0,21.0,19.0,30.0,29.0,18.0,13.0],"actual_watch_duration_reward_list":[1155.1703510813,1613.3790231662,1470.8579215177,1994.9789137808,733.6500583222,1373.7498400898,548.843295088,1140.8298046326,1119.1721077015,1626.57308658,1930.5297295912,755.519244311,739.8582912623],"max_clicks_reward_list":[22.3364281744,22.3364281744,22.3364281744,22.3364281744,22.3364281744,22.3364281744,22.3364281744,22.3364281744,22.3364281744,22.3364281744,22.3364281744,22.3364281744,22.3364281744],"max_watch_duration_reward_list":[1646.1835669526,1646.1835669526,1646.1835669526,1646.1835669526,1646.1835669526,1646.1835669526,1646.1835669526,1646.1835669526,1646.1835669526,1646.1835669526,1646.1835669526,1646.1835669526,1646.1835669526]},"WeightedPointWiseModelAgent":{"actual_clicks_reward_list":[13.0,24.0,24.0,23.0,22.0,29.0,26.0,23.0,35.0,26.0,27.0,27.0,17.0],"actual_watch_duration_reward_list":[613.3032894401,1369.5762590149,1533.3968518052,1121.2018105683,1313.3475077549,1362.2817000106,1575.1421561593,1529.5107232947,1985.8244969111,1866.5377305695,1229.2545179044,1254.7783763245,994.9089078867],"max_clicks_reward_list":[22.3364281744,22.3364281744,22.3364281744,22.3364281744,22.3364281744,22.3364281744,22.3364281744,22.3364281744,22.3364281744,22.3364281744,22.3364281744,22.3364281744,22.3364281744],"max_watch_duration_reward_list":[1646.1835669526,1646.1835669526,1646.1835669526,1646.1835669526,1646.1835669526,1646.1835669526,1646.1835669526,1646.1835669526,1646.1835669526,1646.1835669526,1646.1835669526,1646.1835669526,1646.1835669526]},"PointWiseModelAgent":{"actual_clicks_reward_list":[16.0,17.0,14.0,18.0,20.0,26.0,28.0,23.0,16.0,22.0,17.0,26.0,25.0],"actual_watch_duration_reward_list":[885.8911559377,1006.3601555767,903.1169032528,570.6325129984,858.9611554724,1368.4697526659,1662.1335842643,1316.9877982421,943.1192108312,1327.8212658017,1271.1098703723,1527.1779786267,1546.9256917479],"max_clicks_reward_list":[22.3364281744,22.3364281744,22.3364281744,22.3364281744,22.3364281744,22.3364281744,22.3364281744,22.3364281744,22.3364281744,22.3364281744,22.3364281744,22.3364281744,22.3364281744],"max_watch_duration_reward_list":[1646.1835669526,1646.1835669526,1646.1835669526,1646.1835669526,1646.1835669526,1646.1835669526,1646.1835669526,1646.1835669526,1646.1835669526,1646.1835669526,1646.1835669526,1646.1835669526,1646.1835669526]}}