{"TweedieModelAgent":{"actual_clicks_reward_list":[1103.0,1095.0,1097.0,964.0,1131.0,1071.0,984.0,1141.0,1147.0,1162.0,1146.0,1119.0,1115.0],"actual_watch_duration_reward_list":[53800.9899687426,54199.5217732625,52683.1373040755,49462.3264701849,74241.7751778796,57878.5419789074,69575.2421541672,85941.4579943108,84720.4761274871,82445.0796573573,85222.7668628321,80103.9851741609,79977.8620362531],"max_clicks_reward_list":[1299.9368082307,1299.9368082307,1299.9368082307,1299.9368082307,1299.9368082307,1299.9368082307,1299.9368082307,1299.9368082307,1299.9368082307,1299.9368082307,1299.9368082307,1299.9368082307,1299.9368082307],"max_watch_duration_reward_list":[101797.2570258459,101797.2570258459,101797.2570258459,101797.2570258459,101797.2570258459,101797.2570258459,101797.2570258459,101797.2570258459,101797.2570258459,101797.2570258459,101797.2570258459,101797.2570258459,101797.2570258459]},"RegressionModelAgent":{"actual_clicks_reward_list":[1089.0,1104.0,1128.0,971.0,922.0,1101.0,995.0,1152.0,1114.0,988.0,1063.0,1046.0,1016.0],"actual_watch_duration_reward_list":[53968.8198243259,51881.918326698,54432.4495746597,49240.8074762169,60120.6532841074,61226.4138798031,58668.8696223293,72036.3693875359,83123.0741832113,74141.3318420637,73491.5709279952,76540.6821096154,64648.8399171851],"max_clicks_reward_list":[1299.9368082307,1299.9368082307,1299.9368082307,1299.9368082307,1299.9368082307,1299.9368082307,1299.9368082307,1299.9368082307,1299.9368082307,1299.9368082307,1299.9368082307,1299.9368082307,1299.9368082307],"max_watch_duration_reward_list":[101797.2570258459,101797.2570258459,101797.2570258459,101797.2570258459,101797.2570258459,101797.2570258459,101797.2570258459,101797.2570258459,101797.2570258459,101797.2570258459,101797.2570258459,101797.2570258459,101797.2570258459]},"WeightedPointWiseModelAgent":{"actual_clicks_reward_list":[1168.0,1014.0,1158.0,1084.0,1128.0,1084.0,1025.0,1136.0,1091.0,1052.0,1096.0,1019.0,1110.0],"actual_watch_duration_reward_list":[55312.7066971788,49071.7447682625,57461.0904947774,57078.9936857357,63570.8488090017,52918.977542062,53433.2733887913,58690.2457868383,53965.0505928623,55819.4716646474,57368.0716159482,54278.5698935223,57614.1263191581],"max_clicks_reward_list":[1299.9368082307,1299.9368082307,1299.9368082307,1299.9368082307,1299.9368082307,1299.9368082307,1299.9368082307,1299.9368082307,1299.9368082307,1299.9368082307,1299.9368082307,1299.9368082307,1299.9368082307],"max_watch_duration_reward_list":[101797.2570258459,101797.2570258459,101797.2570258459,101797.2570258459,101797.2570258459,101797.2570258459,101797.2570258459,101797.2570258459,101797.2570258459,101797.2570258459,101797.2570258459,101797.2570258459,101797.2570258459]},"PointWiseModelAgent":{"actual_clicks_reward_list":[1127.0,1115.0,1107.0,1026.0,1102.0,1013.0,1053.0,1111.0,1082.0,1193.0,1139.0,1133.0,1129.0],"actual_watch_duration_reward_list":[55195.4891486843,54267.0569476514,54414.4837962577,62874.4478731718,52672.6687607829,62372.2840184925,57883.6875297514,69604.1844899923,73103.8462804544,77369.3281455621,69241.8668225648,60777.4042626318,61551.2945380286],"max_clicks_reward_list":[1299.9368082307,1299.9368082307,1299.9368082307,1299.9368082307,1299.9368082307,1299.9368082307,1299.9368082307,1299.9368082307,1299.9368082307,1299.9368082307,1299.9368082307,1299.9368082307,1299.9368082307],"max_watch_duration_reward_list":[101797.2570258459,101797.2570258459,101797.2570258459,101797.2570258459,101797.2570258459,101797.2570258459,101797.2570258459,101797.2570258459,101797.2570258459,101797.2570258459,101797.2570258459,101797.2570258459,101797.2570258459]},"BanditAgent":{"actual_clicks_reward_list":[1137.0,1086.0,1142.0,970.0,1037.0,952.0,1000.0,968.0,1046.0,1018.0,1097.0,989.0,1059.0],"actual_watch_duration_reward_list":[53770.8960403652,50221.4544814539,56017.4845357288,54463.6583604189,58421.65500374,55082.5238611086,54845.6454248959,53356.5628520048,53731.0073243193,56931.5911012772,60078.4807142509,57242.7980389945,61217.1670285217],"max_clicks_reward_list":[1299.9368082307,1299.9368082307,1299.9368082307,1299.9368082307,1299.9368082307,1299.9368082307,1299.9368082307,1299.9368082307,1299.9368082307,1299.9368082307,1299.9368082307,1299.9368082307,1299.9368082307],"max_watch_duration_reward_list":[101797.2570258459,101797.2570258459,101797.2570258459,101797.2570258459,101797.2570258459,101797.2570258459,101797.2570258459,101797.2570258459,101797.2570258459,101797.2570258459,101797.2570258459,101797.2570258459,101797.2570258459]},"BucketSortingAgent":{"actual_clicks_reward_list":[1083.0,1075.0,1146.0,1170.0,1131.0,1083.0,1158.0,1140.0,1077.0,1133.0,1162.0,1139.0,1113.0],"actual_watch_duration_reward_list":[49671.4222509006,51925.7446330556,57140.82644224,55718.1180814562,53694.5166943859,53065.7196755962,55292.8351295823,53979.9372349405,48967.7283464563,52339.6567238417,51221.9374312746,52023.0193927283,51692.4241880029],"max_clicks_reward_list":[1299.9368082307,1299.9368082307,1299.9368082307,1299.9368082307,1299.9368082307,1299.9368082307,1299.9368082307,1299.9368082307,1299.9368082307,1299.9368082307,1299.9368082307,1299.9368082307,1299.9368082307],"max_watch_duration_reward_list":[101797.2570258459,101797.2570258459,101797.2570258459,101797.2570258459,101797.2570258459,101797.2570258459,101797.2570258459,101797.2570258459,101797.2570258459,101797.2570258459,101797.2570258459,101797.2570258459,101797.2570258459]},"BucketSortingWatchTimeAgent":{"actual_clicks_reward_list":[1121.0,1096.0,1122.0,1099.0,1126.0,1079.0,1136.0,1103.0,1066.0,1046.0,1126.0,1095.0,1130.0],"actual_watch_duration_reward_list":[54130.3262035694,53463.7758936024,53303.5944381441,58077.6411363015,57887.9843148206,55575.604400897,58705.1273294328,57551.66365854,53555.5421220109,53587.9888304471,57048.4105060303,56175.5124021036,57027.1148831968],"max_clicks_reward_list":[1299.9368082307,1299.9368082307,1299.9368082307,1299.9368082307,1299.9368082307,1299.9368082307,1299.9368082307,1299.9368082307,1299.9368082307,1299.9368082307,1299.9368082307,1299.9368082307,1299.9368082307],"max_watch_duration_reward_list":[101797.2570258459,101797.2570258459,101797.2570258459,101797.2570258459,101797.2570258459,101797.2570258459,101797.2570258459,101797.2570258459,101797.2570258459,101797.2570258459,101797.2570258459,101797.2570258459,101797.2570258459]},"PairWiseModelAgent":{"actual_clicks_reward_list":[1191.0,1089.0,1087.0,1178.0,1084.0,1100.0,1082.0,1126.0,1077.0,1034.0,1028.0,953.0,935.0],"actual_watch_duration_reward_list":[59497.6092585895,53208.1976630319,54762.1782011195,55986.2299771891,44672.3798100842,44470.9479437991,45857.0066510434,51511.2703691495,56672.3322801188,46894.232023836,63403.4002492901,57376.1606501587,43329.6316319125],"max_clicks_reward_list":[1299.9368082307,1299.9368082307,1299.9368082307,1299.9368082307,1299.9368082307,1299.9368082307,1299.9368082307,1299.9368082307,1299.9368082307,1299.9368082307,1299.9368082307,1299.9368082307,1299.9368082307],"max_watch_duration_reward_list":[101797.2570258459,101797.2570258459,101797.2570258459,101797.2570258459,101797.2570258459,101797.2570258459,101797.2570258459,101797.2570258459,101797.2570258459,101797.2570258459,101797.2570258459,101797.2570258459,101797.2570258459]},"WeightedPairWiseModelAgent":{"actual_clicks_reward_list":[1079.0,1093.0,1165.0,1006.0,873.0,1051.0,1044.0,1028.0,1073.0,993.0,1044.0,1146.0,1124.0],"actual_watch_duration_reward_list":[51144.2495837326,51254.077864073,56013.2673431264,54230.0859128444,50461.7621105883,62837.9419760848,57562.1791114257,60108.3752369929,66963.8885037187,73620.7555637249,74970.5541002812,90139.4161808789,96433.9249153214],"max_clicks_reward_list":[1299.9368082307,1299.9368082307,1299.9368082307,1299.9368082307,1299.9368082307,1299.9368082307,1299.9368082307,1299.9368082307,1299.9368082307,1299.9368082307,1299.9368082307,1299.9368082307,1299.9368082307],