{"TweedieModelAgent":{"actual_clicks_reward_list":[189.0,172.0,191.0,201.0,235.0,212.0,209.0,186.0,219.0,209.0,209.0,229.0,237.0],"actual_watch_duration_reward_list":[9694.3745554542,9643.217197955,9092.2461254247,13413.8112210185,16042.7579840509,16269.2257350266,14987.3157332373,14990.7314570876,18059.5339608997,17342.0300660831,17514.6270880277,17624.7194350413,19652.4261707046],"max_clicks_reward_list":[241.9413209583,241.9413209583,241.9413209583,241.9413209583,241.9413209583,241.9413209583,241.9413209583,241.9413209583,241.9413209583,241.9413209583,241.9413209583,241.9413209583,241.9413209583],"max_watch_duration_reward_list":[19585.0122632404,19585.0122632404,19585.0122632404,19585.0122632404,19585.0122632404,19585.0122632404,19585.0122632404,19585.0122632404,19585.0122632404,19585.0122632404,19585.0122632404,19585.0122632404,19585.0122632404]},"WeightedPointWiseModelAgent":{"actual_clicks_reward_list":[185.0,215.0,190.0,208.0,210.0,206.0,197.0,215.0,207.0,210.0,208.0,185.0,208.0],"actual_watch_duration_reward_list":[9476.1062097561,10362.4131569593,10110.3791984207,12530.5131621564,14192.9935712281,14572.8841320084,13827.8516963852,14253.5510933466,12228.9754346472,15040.9505901596,13456.8908698349,12486.922611952,14054.1731504045],"max_clicks_reward_list":[241.9413209583,241.9413209583,241.9413209583,241.9413209583,241.9413209583,241.9413209583,241.9413209583,241.9413209583,241.9413209583,241.9413209583,241.9413209583,241.9413209583,241.9413209583],"max_watch_duration_reward_list":[19585.0122632404,19585.0122632404,19585.0122632404,19585.0122632404,19585.0122632404,19585.0122632404,19585.0122632404,19585.0122632404,19585.0122632404,19585.0122632404,19585.0122632404,19585.0122632404,19585.0122632404]},"PointWiseModelAgent":{"actual_clicks_reward_list":[170.0,198.0,196.0,201.0,204.0,228.0,237.0,222.0,224.0,212.0,223.0,189.0,214.0],"actual_watch_duration_reward_list":[9279.4020742044,10631.261164696,9859.6660301698,11910.288512781,14843.1857654059,14024.0809255307,12851.1074239343,10758.434384245,12979.9252669084,13529.5190742965,16522.4731296308,10630.6456554083,13585.4013282828],"max_clicks_reward_list":[241.9413209583,241.9413209583,241.9413209583,241.9413209583,241.9413209583,241.9413209583,241.9413209583,241.9413209583,241.9413209583,241.9413209583,241.9413209583,241.9413209583,241.9413209583],"max_watch_duration_reward_list":[19585.0122632404,19585.0122632404,19585.0122632404,19585.0122632404,19585.0122632404,19585.0122632404,19585.0122632404,19585.0122632404,19585.0122632404,19585.0122632404,19585.0122632404,19585.0122632404,19585.0122632404]},"BanditAgent":{"actual_clicks_reward_list":[190.0,216.0,211.0,189.0,184.0,228.0,191.0,221.0,214.0,222.0,220.0,181.0,232.0],"actual_watch_duration_reward_list":[9557.6640497674,10532.1252736635,11049.0755843794,9130.4702349603,9683.4242030207,12352.4404865166,10472.4100843603,13638.9708300094,12093.4322599679,12594.5022017689,12492.6100566718,10103.9027053389,12033.0469571209],"max_clicks_reward_list":[241.9413209583,241.9413209583,241.9413209583,241.9413209583,241.9413209583,241.9413209583,241.9413209583,241.9413209583,241.9413209583,241.9413209583,241.9413209583,241.9413209583,241.9413209583],"max_watch_duration_reward_list":[19585.0122632404,19585.0122632404,19585.0122632404,19585.0122632404,19585.0122632404,19585.0122632404,19585.0122632404,19585.0122632404,19585.0122632404,19585.0122632404,19585.0122632404,19585.0122632404,19585.0122632404]},"BucketSortingAgent":{"actual_clicks_reward_list":[175.0,192.0,184.0,191.0,238.0,201.0,230.0,192.0,238.0,236.0,218.0,238.0,240.0],"actual_watch_duration_reward_list":[8736.0716146563,10738.0755684204,9804.6657396152,10964.7940714761,14832.8251529501,11373.0764965781,13318.9214945016,11099.7885953389,12882.0139398779,12957.9338352406,13866.3182531052,14497.3230466279,14962.2313697911],"max_clicks_reward_list":[241.9413209583,241.9413209583,241.9413209583,241.9413209583,241.9413209583,241.9413209583,241.9413209583,241.9413209583,241.9413209583,241.9413209583,241.9413209583,241.9413209583,241.9413209583],"max_watch_duration_reward_list":[19585.0122632404,19585.0122632404,19585.0122632404,19585.0122632404,19585.0122632404,19585.0122632404,19585.0122632404,19585.0122632404,19585.0122632404,19585.0122632404,19585.0122632404,19585.0122632404,19585.0122632404]},"BucketSortingWatchTimeAgent":{"actual_clicks_reward_list":[205.0,169.0,212.0,207.0,241.0,199.0,216.0,199.0,203.0,216.0,220.0,220.0,211.0],"actual_watch_duration_reward_list":[11752.9253986181,10188.0247504136,11209.1985869034,14776.9859144907,16245.5839315047,14899.0387607323,15789.476761473,14174.2499009072,14831.5773007508,15565.3076030389,15047.9425082234,15495.61281798,15460.224865167],"max_clicks_reward_list":[241.9413209583,241.9413209583,241.9413209583,241.9413209583,241.9413209583,241.9413209583,241.9413209583,241.9413209583,241.9413209583,241.9413209583,241.9413209583,241.9413209583,241.9413209583],"max_watch_duration_reward_list":[19585.0122632404,19585.0122632404,19585.0122632404,19585.0122632404,19585.0122632404,19585.0122632404,19585.0122632404,19585.0122632404,19585.0122632404,19585.0122632404,19585.0122632404,19585.0122632404,19585.0122632404]},"PairWiseModelAgent":{"actual_clicks_reward_list":[198.0,184.0,184.0,205.0,182.0,166.0,232.0,176.0,186.0,205.0,217.0,185.0,215.0],"actual_watch_duration_reward_list":[10038.4597272498,9113.4622702366,9797.8995751328,10145.1776935549,10215.0589757756,10163.2597791371,11249.7183199559,7994.2549499737,9252.9511103622,11110.6077775859,11605.4701326985,8484.3934327436,11292.7317358779],"max_clicks_reward_list":[241.9413209583,241.9413209583,241.9413209583,241.9413209583,241.9413209583,241.9413209583,241.9413209583,241.9413209583,241.9413209583,241.9413209583,241.9413209583,241.9413209583,241.9413209583],"max_watch_duration_reward_list":[19585.0122632404,19585.0122632404,19585.0122632404,19585.0122632404,19585.0122632404,19585.0122632404,19585.0122632404,19585.0122632404,19585.0122632404,19585.0122632404,19585.0122632404,19585.0122632404,19585.0122632404]},"WeightedPairWiseModelAgent":{"actual_clicks_reward_list":[193.0,194.0,192.0,210.0,238.0,179.0,226.0,188.0,186.0,217.0,231.0,201.0,258.0],"actual_watch_duration_reward_list":[9776.0048017854,10601.1296367348,9117.0131152446,13980.2159744094,15166.77166019,10161.6094205243,13426.683585948,11398.9280331245,9919.8436162673,12112.9040059158,13558.8991327359,11418.14582691,16114.3370073226],"max_clicks_reward_list":[241.9413209583,241.9413209583,241.9413209583,241.9413209583,241.9413209583,241.9413209583,241.9413209583,241.9413209583,241.9413209583,241.9413209583,241.9413209583,241.9413209583,241.9413209583],"max_watch_duration_reward_list":[19585.0122632404,19585.0122632404,19585.0122632404,19585.0122632404,19585.0122632404,19585.0122632404,19585.0122632404,19585.0122632404,19585.0122632404,19585.0122632404,19585.0122632404,19585.0122632404,19585.0122632404]}}