{"TweedieModelAgent":{"actual_clicks_reward_list":[2166.0,2080.0,2078.0,2225.0,2024.0,1932.0,2005.0,2125.0,2295.0,2331.0,2278.0,2200.0,2289.0],"actual_watch_duration_reward_list":[101231.2885561393,95538.5092493745,97401.0104868977,100283.0759524448,124116.0040274123,124328.8140487023,122482.0306059813,139143.7236662594,150641.6432864162,160278.3041461379,151905.9234556222,157754.3840358272,160665.922567298],"max_clicks_reward_list":[2660.8407299713,2660.8407299713,2660.8407299713,2660.8407299713,2660.8407299713,2660.8407299713,2660.8407299713,2660.8407299713,2660.8407299713,2660.8407299713,2660.8407299713,2660.8407299713,2660.8407299713],"max_watch_duration_reward_list":[218220.1853400374,218220.1853400374,218220.1853400374,218220.1853400374,218220.1853400374,218220.1853400374,218220.1853400374,218220.1853400374,218220.1853400374,218220.1853400374,218220.1853400374,218220.1853400374,218220.1853400374]},"WeightedPointWiseModelAgent":{"actual_clicks_reward_list":[2088.0,2126.0,2020.0,2020.0,2066.0,2033.0,2057.0,2043.0,2022.0,2027.0,2081.0,2087.0,2027.0],"actual_watch_duration_reward_list":[99637.4510144537,101805.517446508,92602.7463062399,97351.2691234614,91989.8713960594,92758.7758010343,90213.5979180599,95184.189305577,91058.6826385955,91767.9940922423,102591.9489707534,97542.2843528247,93750.1530556512],"max_clicks_reward_list":[2660.8407299713,2660.8407299713,2660.8407299713,2660.8407299713,2660.8407299713,2660.8407299713,2660.8407299713,2660.8407299713,2660.8407299713,2660.8407299713,2660.8407299713,2660.8407299713,2660.8407299713],"max_watch_duration_reward_list":[218220.1853400374,218220.1853400374,218220.1853400374,218220.1853400374,218220.1853400374,218220.1853400374,218220.1853400374,218220.1853400374,218220.1853400374,218220.1853400374,218220.1853400374,218220.1853400374,218220.1853400374]},"PointWiseModelAgent":{"actual_clicks_reward_list":[2039.0,2053.0,2115.0,2082.0,1815.0,2073.0,2139.0,2175.0,1957.0,2160.0,2286.0,2411.0,2344.0],"actual_watch_duration_reward_list":[97299.3223689787,93481.3794801972,96430.7020544942,90468.0622393659,109106.835340894,115699.6498073356,132213.0935957386,132708.8853754177,110710.2871955321,133087.0098098577,167220.9857907972,180178.158756084,148589.8733130817],"max_clicks_reward_list":[2660.8407299713,2660.8407299713,2660.8407299713,2660.8407299713,2660.8407299713,2660.8407299713,2660.8407299713,2660.8407299713,2660.8407299713,2660.8407299713,2660.8407299713,2660.8407299713,2660.8407299713],"max_watch_duration_reward_list":[218220.1853400374,218220.1853400374,218220.1853400374,218220.1853400374,218220.1853400374,218220.1853400374,218220.1853400374,218220.1853400374,218220.1853400374,218220.1853400374,218220.1853400374,218220.1853400374,218220.1853400374]}}