{"TweedieModelAgent":{"actual_clicks_reward_list":[14.0,19.0,23.0,20.0,21.0,21.0,14.0,26.0,18.0,16.0,27.0,28.0,22.0],"actual_watch_duration_reward_list":[506.9215684266,653.2207043483,1012.1668707492,1368.9097626139,1490.6868308104,1406.7139960082,750.6818023765,1709.8096709474,828.5894597383,1192.2475749085,1450.5069046032,1771.7255056408,1600.4275791364],"max_clicks_reward_list":[22.3869526828,22.3869526828,22.3869526828,22.3869526828,22.3869526828,22.3869526828,22.3869526828,22.3869526828,22.3869526828,22.3869526828,22.3869526828,22.3869526828,22.3869526828],"max_watch_duration_reward_list":[1304.1316973666,1304.1316973666,1304.1316973666,1304.1316973666,1304.1316973666,1304.1316973666,1304.1316973666,1304.1316973666,1304.1316973666,1304.1316973666,1304.1316973666,1304.1316973666,1304.1316973666]},"WeightedPointWiseModelAgent":{"actual_clicks_reward_list":[22.0,29.0,19.0,18.0,11.0,22.0,18.0,18.0,16.0,22.0,20.0,12.0,15.0],"actual_watch_duration_reward_list":[1084.1120114657,1412.7019503671,1021.5014206771,1124.2793855544,454.3236155012,969.973230105,954.4954059854,886.7538020313,721.3434661979,1142.9418775804,960.4792636745,834.9632669255,866.6427140001],"max_clicks_reward_list":[22.3869526828,22.3869526828,22.3869526828,22.3869526828,22.3869526828,22.3869526828,22.3869526828,22.3869526828,22.3869526828,22.3869526828,22.3869526828,22.3869526828,22.3869526828],"max_watch_duration_reward_list":[1304.1316973666,1304.1316973666,1304.1316973666,1304.1316973666,1304.1316973666,1304.1316973666,1304.1316973666,1304.1316973666,1304.1316973666,1304.1316973666,1304.1316973666,1304.1316973666,1304.1316973666]},"PointWiseModelAgent":{"actual_clicks_reward_list":[15.0,25.0,14.0,18.0,11.0,27.0,16.0,20.0,15.0,24.0,25.0,20.0,23.0],"actual_watch_duration_reward_list":[466.0553484511,1377.9325612361,838.6137693232,976.1711845242,459.2868767381,1485.2193160239,701.3767091066,725.5857012904,551.9277053385,1130.8264265371,1135.110652808,646.6720693013,1006.7403589096],"max_clicks_reward_list":[22.3869526828,22.3869526828,22.3869526828,22.3869526828,22.3869526828,22.3869526828,22.3869526828,22.3869526828,22.3869526828,22.3869526828,22.3869526828,22.3869526828,22.3869526828],"max_watch_duration_reward_list":[1304.1316973666,1304.1316973666,1304.1316973666,1304.1316973666,1304.1316973666,1304.1316973666,1304.1316973666,1304.1316973666,1304.1316973666,1304.1316973666,1304.1316973666,1304.1316973666,1304.1316973666]},"BanditAgent":{"actual_clicks_reward_list":[23.0,21.0,20.0,23.0,21.0,22.0,18.0,26.0,20.0,23.0,13.0,19.0,23.0],"actual_watch_duration_reward_list":[1439.499706692,1251.753130428,905.7690035907,970.695091736,760.0779215477,1227.8449193182,993.972159528,1286.6506796407,1007.4908195944,1153.3534610816,443.7465667967,1356.0149223503,1232.4966326032],"max_clicks_reward_list":[22.3869526828,22.3869526828,22.3869526828,22.3869526828,22.3869526828,22.3869526828,22.3869526828,22.3869526828,22.3869526828,22.3869526828,22.3869526828,22.3869526828,22.3869526828],"max_watch_duration_reward_list":[1304.1316973666,1304.1316973666,1304.1316973666,1304.1316973666,1304.1316973666,1304.1316973666,1304.1316973666,1304.1316973666,1304.1316973666,1304.1316973666,1304.1316973666,1304.1316973666,1304.1316973666]},"BucketSortingAgent":{"actual_clicks_reward_list":[21.0,21.0,22.0,16.0,24.0,20.0,17.0,17.0,20.0,15.0,14.0,17.0,19.0],"actual_watch_duration_reward_list":[681.6979826119,1102.5470675605,1485.7439849994,860.6912573783,1240.8660732292,1287.6110506602,866.4773203622,672.7571170623,1004.3977325189,664.0137351661,831.61890112,771.2543617705,1089.1828548661],"max_clicks_reward_list":[22.3869526828,22.3869526828,22.3869526828,22.3869526828,22.3869526828,22.3869526828,22.3869526828,22.3869526828,22.3869526828,22.3869526828,22.3869526828,22.3869526828,22.3869526828],"max_watch_duration_reward_list":[1304.1316973666,1304.1316973666,1304.1316973666,1304.1316973666,1304.1316973666,1304.1316973666,1304.1316973666,1304.1316973666,1304.1316973666,1304.1316973666,1304.1316973666,1304.1316973666,1304.1316973666]},"BucketSortingWatchTimeAgent":{"actual_clicks_reward_list":[18.0,16.0,7.0,23.0,19.0,22.0,19.0,21.0,23.0,28.0,18.0,21.0,21.0],"actual_watch_duration_reward_list":[1133.5327350226,1049.3584225651,67.8107640167,1210.7307368729,1001.3967257038,1315.8766965691,1118.5768943233,1142.8970149968,1343.505785918,2045.8742069179,1306.6572133895,1207.9527164632,1115.0166617837],"max_clicks_reward_list":[22.3869526828,22.3869526828,22.3869526828,22.3869526828,22.3869526828,22.3869526828,22.3869526828,22.3869526828,22.3869526828,22.3869526828,22.3869526828,22.3869526828,22.3869526828],"max_watch_duration_reward_list":[1304.1316973666,1304.1316973666,1304.1316973666,1304.1316973666,1304.1316973666,1304.1316973666,1304.1316973666,1304.1316973666,1304.1316973666,1304.1316973666,1304.1316973666,1304.1316973666,1304.1316973666]},"PairWiseModelAgent":{"actual_clicks_reward_list":[11.0,9.0,13.0,18.0,11.0,21.0,25.0,28.0,15.0,30.0,16.0,17.0,14.0],"actual_watch_duration_reward_list":[515.1306848209,384.1003788159,850.9959730948,942.3288226827,486.794489519,970.760216031,1267.1234652076,2128.8114111287,667.0005274922,1642.2427243925,703.0670524659,733.6117206583,894.3645285499],"max_clicks_reward_list":[22.3869526828,22.3869526828,22.3869526828,22.3869526828,22.3869526828,22.3869526828,22.3869526828,22.3869526828,22.3869526828,22.3869526828,22.3869526828,22.3869526828,22.3869526828],"max_watch_duration_reward_list":[1304.1316973666,1304.1316973666,1304.1316973666,1304.1316973666,1304.1316973666,1304.1316973666,1304.1316973666,1304.1316973666,1304.1316973666,1304.1316973666,1304.1316973666,1304.1316973666,1304.1316973666]},"WeightedPairWiseModelAgent":{"actual_clicks_reward_list":[20.0,16.0,19.0,27.0,19.0,19.0,13.0,21.0,19.0,23.0,17.0,26.0,18.0],"actual_watch_duration_reward_list":[974.9882561776,915.2893270068,741.9917527118,985.8027736417,878.1206031193,761.1150016294,502.6234930418,595.1255644263,789.8243859758,1104.6232850951,927.8164053905,1419.9772871907,955.9874247364],"max_clicks_reward_list":[22.3869526828,22.3869526828,22.3869526828,22.3869526828,22.3869526828,22.3869526828,22.3869526828,22.3869526828,22.3869526828,22.3869526828,22.3869526828,22.3869526828,22.3869526828],"max_watch_duration_reward_list":[1304.1316973666,1304.1316973666,1304.1316973666,1304.1316973666,1304.1316973666,1304.1316973666,1304.1316973666,1304.1316973666,1304.1316973666,1304.1316973666,1304.1316973666,1304.1316973666,1304.1316973666]}}