{"TweedieModelAgent":{"actual_clicks_reward_list":[18.0,23.0,30.0,21.0,26.0,19.0,23.0,31.0,23.0,19.0,33.0,20.0,21.0],"actual_watch_duration_reward_list":[1023.9364029191,967.1175328118,1371.0273472645,813.9499943524,1609.0278234683,1103.3561284344,1233.2314981149,1447.5941039848,1258.5784748105,1037.4112337131,1996.3312889399,1325.830225934,1348.9924056574],"max_clicks_reward_list":[23.5574220563,23.5574220563,23.5574220563,23.5574220563,23.5574220563,23.5574220563,23.5574220563,23.5574220563,23.5574220563,23.5574220563,23.5574220563,23.5574220563,23.5574220563],"max_watch_duration_reward_list":[1401.0682175596,1401.0682175596,1401.0682175596,1401.0682175596,1401.0682175596,1401.0682175596,1401.0682175596,1401.0682175596,1401.0682175596,1401.0682175596,1401.0682175596,1401.0682175596,1401.0682175596]},"WeightedPointWiseModelAgent":{"actual_clicks_reward_list":[25.0,20.0,19.0,25.0,16.0,29.0,17.0,20.0,22.0,22.0,14.0,28.0,26.0],"actual_watch_duration_reward_list":[1657.4596747812,1098.3457942307,974.2239169522,1174.1628778107,1022.7954883607,1671.6305455166,1177.031955921,1119.2859710048,1353.4533999046,913.1052899051,745.8357720375,1594.7805242987,1599.1641628926],"max_clicks_reward_list":[23.5574220563,23.5574220563,23.5574220563,23.5574220563,23.5574220563,23.5574220563,23.5574220563,23.5574220563,23.5574220563,23.5574220563,23.5574220563,23.5574220563,23.5574220563],"max_watch_duration_reward_list":[1401.0682175596,1401.0682175596,1401.0682175596,1401.0682175596,1401.0682175596,1401.0682175596,1401.0682175596,1401.0682175596,1401.0682175596,1401.0682175596,1401.0682175596,1401.0682175596,1401.0682175596]},"PointWiseModelAgent":{"actual_clicks_reward_list":[18.0,27.0,19.0,24.0,18.0,25.0,28.0,18.0,19.0,20.0,27.0,30.0,20.0],"actual_watch_duration_reward_list":[1072.801436328,1579.6901361424,1135.7793517897,1436.873668583,1028.2055861722,1631.7426274066,1251.2818131272,892.3870735672,1007.19484552,1178.9767418439,1488.5846186363,1454.6919628836,1037.5173984183],"max_clicks_reward_list":[23.5574220563,23.5574220563,23.5574220563,23.5574220563,23.5574220563,23.5574220563,23.5574220563,23.5574220563,23.5574220563,23.5574220563,23.5574220563,23.5574220563,23.5574220563],"max_watch_duration_reward_list":[1401.0682175596,1401.0682175596,1401.0682175596,1401.0682175596,1401.0682175596,1401.0682175596,1401.0682175596,1401.0682175596,1401.0682175596,1401.0682175596,1401.0682175596,1401.0682175596,1401.0682175596]},"BanditAgent":{"actual_clicks_reward_list":[16.0,26.0,16.0,16.0,26.0,19.0,33.0,22.0,26.0,30.0,24.0,17.0,25.0],"actual_watch_duration_reward_list":[871.5928838934,1371.3142542799,706.6049284251,710.0538685061,1450.2826423198,1298.4809170108,1761.9271859897,1048.3311640418,1469.9501039836,1289.1391435379,1104.1951138622,1133.7521371192,941.8115486357],"max_clicks_reward_list":[23.5574220563,23.5574220563,23.5574220563,23.5574220563,23.5574220563,23.5574220563,23.5574220563,23.5574220563,23.5574220563,23.5574220563,23.5574220563,23.5574220563,23.5574220563],"max_watch_duration_reward_list":[1401.0682175596,1401.0682175596,1401.0682175596,1401.0682175596,1401.0682175596,1401.0682175596,1401.0682175596,1401.0682175596,1401.0682175596,1401.0682175596,1401.0682175596,1401.0682175596,1401.0682175596]},"BucketSortingAgent":{"actual_clicks_reward_list":[21.0,22.0,26.0,20.0,30.0,23.0,33.0,21.0,28.0,21.0,20.0,29.0,17.0],"actual_watch_duration_reward_list":[1014.1552612993,958.4750486746,1521.488399653,1210.0267517391,1012.7001451429,1182.33187797,2037.0804111311,1582.0846342899,1589.6165945174,1041.5093816355,1143.575712123,1975.9147373673,607.9185875621],"max_clicks_reward_list":[23.5574220563,23.5574220563,23.5574220563,23.5574220563,23.5574220563,23.5574220563,23.5574220563,23.5574220563,23.5574220563,23.5574220563,23.5574220563,23.5574220563,23.5574220563],"max_watch_duration_reward_list":[1401.0682175596,1401.0682175596,1401.0682175596,1401.0682175596,1401.0682175596,1401.0682175596,1401.0682175596,1401.0682175596,1401.0682175596,1401.0682175596,1401.0682175596,1401.0682175596,1401.0682175596]},"BucketSortingWatchTimeAgent":{"actual_clicks_reward_list":[17.0,20.0,17.0,27.0,20.0,22.0,23.0,23.0,20.0,25.0,17.0,24.0,18.0],"actual_watch_duration_reward_list":[933.2761512543,1344.961872308,1064.0664344031,1561.0871105621,1201.3879087374,1342.321020787,1390.0482066025,1581.494605776,1014.2261124855,1495.9877482022,1090.9449636678,1447.1645802426,1260.4574375511],"max_clicks_reward_list":[23.5574220563,23.5574220563,23.5574220563,23.5574220563,23.5574220563,23.5574220563,23.5574220563,23.5574220563,23.5574220563,23.5574220563,23.5574220563,23.5574220563,23.5574220563],"max_watch_duration_reward_list":[1401.0682175596,1401.0682175596,1401.0682175596,1401.0682175596,1401.0682175596,1401.0682175596,1401.0682175596,1401.0682175596,1401.0682175596,1401.0682175596,1401.0682175596,1401.0682175596,1401.0682175596]},"PairWiseModelAgent":{"actual_clicks_reward_list":[26.0,19.0,20.0,19.0,21.0,20.0,24.0,24.0,27.0,18.0,16.0,25.0,24.0],"actual_watch_duration_reward_list":[1240.9429859813,1154.3741519201,912.377866336,1139.4109416787,1215.2969958887,1130.2356482598,1041.2243981796,899.2118857652,1016.0071103676,1174.7149106331,467.3925214999,1243.382772431,1377.8492892341],"max_clicks_reward_list":[23.5574220563,23.5574220563,23.5574220563,23.5574220563,23.5574220563,23.5574220563,23.5574220563,23.5574220563,23.5574220563,23.5574220563,23.5574220563,23.5574220563,23.5574220563],"max_watch_duration_reward_list":[1401.0682175596,1401.0682175596,1401.0682175596,1401.0682175596,1401.0682175596,1401.0682175596,1401.0682175596,1401.0682175596,1401.0682175596,1401.0682175596,1401.0682175596,1401.0682175596,1401.0682175596]},"WeightedPairWiseModelAgent":{"actual_clicks_reward_list":[23.0,17.0,19.0,19.0,17.0,26.0,14.0,24.0,19.0,20.0,20.0,16.0,11.0],"actual_watch_duration_reward_list":[1319.5148902914,1282.5936575177,802.2093346967,1381.4722001118,692.505184446,931.1927167364,571.335586442,1421.2386573996,1083.3086318902,710.3916547326,1266.4018783137,468.972563001,518.7506105826],"max_clicks_reward_list":[23.5574220563,23.5574220563,23.5574220563,23.5574220563,23.5574220563,23.5574220563,23.5574220563,23.5574220563,23.5574220563,23.5574220563,23.5574220563,23.5574220563,23.5574220563],"max_watch_duration_reward_list":[1401.0682175596,1401.0682175596,1401.0682175596,1401.0682175596,1401.0682175596,1401.0682175596,1401.0682175596,1401.0682175596,1401.0682175596,1401.0682175596,1401.0682175596,1401.0682175596,1401.0682175596]}}