{"TweedieModelAgent":{"actual_clicks_reward_list":[2028.0,2073.0,2031.0,1865.0,1796.0,2080.0,2056.0,2367.0,2437.0,2344.0,2274.0,2274.0,2260.0],"actual_watch_duration_reward_list":[124663.6750545148,129929.7591912907,119751.5990706674,121509.8457775385,92113.9458417581,136539.0664722818,155585.8366949793,180834.7870435815,179914.4440506527,179091.6416712033,175075.6211677463,175384.0392431068,172580.1698157988],"max_clicks_reward_list":[2713.4060167129,2713.4060167129,2713.4060167129,2713.4060167129,2713.4060167129,2713.4060167129,2713.4060167129,2713.4060167129,2713.4060167129,2713.4060167129,2713.4060167129,2713.4060167129,2713.4060167129],"max_watch_duration_reward_list":[225567.7566316434,225567.7566316434,225567.7566316434,225567.7566316434,225567.7566316434,225567.7566316434,225567.7566316434,225567.7566316434,225567.7566316434,225567.7566316434,225567.7566316434,225567.7566316434,225567.7566316434]},"RegressionModelAgent":{"actual_clicks_reward_list":[2147.0,2015.0,2106.0,2155.0,2237.0,1726.0,2015.0,1929.0,1920.0,1769.0,2139.0,2148.0,2170.0],"actual_watch_duration_reward_list":[131356.2264648118,121770.4966839501,128616.6286956851,119608.2198446952,140128.9708119636,104598.0922279794,118858.2949136675,133601.6169932161,112408.9251810747,109995.8184976861,144202.8358747701,153778.1898619801,158692.9703476242],"max_clicks_reward_list":[2713.4060167129,2713.4060167129,2713.4060167129,2713.4060167129,2713.4060167129,2713.4060167129,2713.4060167129,2713.4060167129,2713.4060167129,2713.4060167129,2713.4060167129,2713.4060167129,2713.4060167129],"max_watch_duration_reward_list":[225567.7566316434,225567.7566316434,225567.7566316434,225567.7566316434,225567.7566316434,225567.7566316434,225567.7566316434,225567.7566316434,225567.7566316434,225567.7566316434,225567.7566316434,225567.7566316434,225567.7566316434]},"WeightedPointWiseModelAgent":{"actual_clicks_reward_list":[2017.0,2007.0,2013.0,2003.0,1993.0,2032.0,2089.0,2093.0,2048.0,2077.0,2065.0,2056.0,2157.0],"actual_watch_duration_reward_list":[119917.1151480088,120333.4202254898,124297.8921298303,123736.9726538179,103954.9530697712,121404.8870024019,133607.5688673674,134797.8172008051,135548.101344455,134787.7998597518,139204.9526828401,134801.1653040379,143371.2152195897],"max_clicks_reward_list":[2713.4060167129,2713.4060167129,2713.4060167129,2713.4060167129,2713.4060167129,2713.4060167129,2713.4060167129,2713.4060167129,2713.4060167129,2713.4060167129,2713.4060167129,2713.4060167129,2713.4060167129],"max_watch_duration_reward_list":[225567.7566316434,225567.7566316434,225567.7566316434,225567.7566316434,225567.7566316434,225567.7566316434,225567.7566316434,225567.7566316434,225567.7566316434,225567.7566316434,225567.7566316434,225567.7566316434,225567.7566316434]},"PointWiseModelAgent":{"actual_clicks_reward_list":[2017.0,2043.0,1997.0,1953.0,2015.0,2080.0,1961.0,2010.0,2052.0,2145.0,2152.0,2196.0,2154.0],"actual_watch_duration_reward_list":[126529.2905293868,126360.6246047057,122883.6432033182,105989.8574777752,104252.9534633677,105529.7254337213,123606.0254690224,113753.0264022266,123299.9135298184,139627.9033101064,116715.0265963919,131652.8209008939,124406.1103161934],"max_clicks_reward_list":[2713.4060167129,2713.4060167129,2713.4060167129,2713.4060167129,2713.4060167129,2713.4060167129,2713.4060167129,2713.4060167129,2713.4060167129,2713.4060167129,2713.4060167129,2713.4060167129,2713.4060167129],"max_watch_duration_reward_list":[225567.7566316434,225567.7566316434,225567.7566316434,225567.7566316434,225567.7566316434,225567.7566316434,225567.7566316434,225567.7566316434,225567.7566316434,225567.7566316434,225567.7566316434,225567.7566316434,225567.7566316434]}}