{"TweedieModelAgent":{"actual_clicks_reward_list":[184.0,188.0,192.0,233.0,224.0,192.0,219.0,220.0,231.0,213.0,182.0,214.0,255.0],"actual_watch_duration_reward_list":[10764.5266369254,12253.7664809118,12724.3426781984,12306.748606498,15949.9950590645,12746.7569992201,14174.7600067459,14667.08764311,16454.6960046243,14971.0247344443,13035.8960790456,15888.1988240215,16977.7920516219],"max_clicks_reward_list":[250.1094955288,250.1094955288,250.1094955288,250.1094955288,250.1094955288,250.1094955288,250.1094955288,250.1094955288,250.1094955288,250.1094955288,250.1094955288,250.1094955288,250.1094955288],"max_watch_duration_reward_list":[17764.8937714767,17764.8937714767,17764.8937714767,17764.8937714767,17764.8937714767,17764.8937714767,17764.8937714767,17764.8937714767,17764.8937714767,17764.8937714767,17764.8937714767,17764.8937714767,17764.8937714767]},"WeightedPointWiseModelAgent":{"actual_clicks_reward_list":[199.0,193.0,189.0,201.0,190.0,166.0,163.0,200.0,185.0,211.0,170.0,204.0,208.0],"actual_watch_duration_reward_list":[11090.5138806518,11021.1441503195,13003.8648350024,9562.5898933938,10928.9834270786,7640.0026908774,8299.2056626099,9746.1657051659,9912.954262105,12114.4964980964,9612.15218796,11635.9074958805,11386.0017136107],"max_clicks_reward_list":[250.1094955288,250.1094955288,250.1094955288,250.1094955288,250.1094955288,250.1094955288,250.1094955288,250.1094955288,250.1094955288,250.1094955288,250.1094955288,250.1094955288,250.1094955288],"max_watch_duration_reward_list":[17764.8937714767,17764.8937714767,17764.8937714767,17764.8937714767,17764.8937714767,17764.8937714767,17764.8937714767,17764.8937714767,17764.8937714767,17764.8937714767,17764.8937714767,17764.8937714767,17764.8937714767]},"PointWiseModelAgent":{"actual_clicks_reward_list":[196.0,200.0,179.0,193.0,199.0,218.0,242.0,208.0,203.0,226.0,196.0,216.0,221.0],"actual_watch_duration_reward_list":[12110.9479530578,11520.9581140679,10428.9987769145,8397.7259118787,13037.14667707,10403.1850830223,12593.5128480219,11190.0792845842,13702.3848598697,15393.2842592646,14272.7475230444,12883.8848625436,15014.2460135407],"max_clicks_reward_list":[250.1094955288,250.1094955288,250.1094955288,250.1094955288,250.1094955288,250.1094955288,250.1094955288,250.1094955288,250.1094955288,250.1094955288,250.1094955288,250.1094955288,250.1094955288],"max_watch_duration_reward_list":[17764.8937714767,17764.8937714767,17764.8937714767,17764.8937714767,17764.8937714767,17764.8937714767,17764.8937714767,17764.8937714767,17764.8937714767,17764.8937714767,17764.8937714767,17764.8937714767,17764.8937714767]}}