{"TweedieModelAgent":{"actual_clicks_reward_list":[19.0,27.0,24.0,24.0,14.0,22.0,25.0,24.0,18.0,23.0,24.0,15.0,8.0],"actual_watch_duration_reward_list":[1564.7373493915,1945.8869629917,1486.0252078253,1920.6930651616,1069.0154095886,1366.4539610942,1900.0868850247,1237.2427826052,1102.4732854921,1526.3980097204,2046.3806336429,884.4651940922,751.5775059945],"max_clicks_reward_list":[21.0185243546,21.0185243546,21.0185243546,21.0185243546,21.0185243546,21.0185243546,21.0185243546,21.0185243546,21.0185243546,21.0185243546,21.0185243546,21.0185243546,21.0185243546],"max_watch_duration_reward_list":[1709.3783731378,1709.3783731378,1709.3783731378,1709.3783731378,1709.3783731378,1709.3783731378,1709.3783731378,1709.3783731378,1709.3783731378,1709.3783731378,1709.3783731378,1709.3783731378,1709.3783731378]},"WeightedPointWiseModelAgent":{"actual_clicks_reward_list":[17.0,19.0,22.0,15.0,20.0,12.0,17.0,17.0,19.0,18.0,18.0,21.0,16.0],"actual_watch_duration_reward_list":[761.747507588,1460.477599099,1525.1112166206,816.761633416,1325.3493898002,551.762977293,1469.0829248289,1512.7570016895,1328.3391301335,939.8126191757,1500.7167721651,1298.6287847955,950.9010549079],"max_clicks_reward_list":[21.0185243546,21.0185243546,21.0185243546,21.0185243546,21.0185243546,21.0185243546,21.0185243546,21.0185243546,21.0185243546,21.0185243546,21.0185243546,21.0185243546,21.0185243546],"max_watch_duration_reward_list":[1709.3783731378,1709.3783731378,1709.3783731378,1709.3783731378,1709.3783731378,1709.3783731378,1709.3783731378,1709.3783731378,1709.3783731378,1709.3783731378,1709.3783731378,1709.3783731378,1709.3783731378]},"PointWiseModelAgent":{"actual_clicks_reward_list":[27.0,14.0,26.0,24.0,25.0,15.0,20.0,21.0,24.0,23.0,13.0,16.0,23.0],"actual_watch_duration_reward_list":[2415.4545260721,1009.2956550107,2016.669943989,1682.859123122,1767.6273749187,744.9161593483,1417.0422059284,1439.6784148394,1568.3745357723,1391.8984363638,1039.6118562695,832.1773822997,1357.0153690437],"max_clicks_reward_list":[21.0185243546,21.0185243546,21.0185243546,21.0185243546,21.0185243546,21.0185243546,21.0185243546,21.0185243546,21.0185243546,21.0185243546,21.0185243546,21.0185243546,21.0185243546],"max_watch_duration_reward_list":[1709.3783731378,1709.3783731378,1709.3783731378,1709.3783731378,1709.3783731378,1709.3783731378,1709.3783731378,1709.3783731378,1709.3783731378,1709.3783731378,1709.3783731378,1709.3783731378,1709.3783731378]}}