{"TweedieModelAgent":{"actual_clicks_reward_list":[206.0,172.0,196.0,189.0,214.0,217.0,228.0,227.0,237.0,247.0,205.0,236.0,229.0],"actual_watch_duration_reward_list":[11015.3542265937,9889.8067148309,11519.2373133904,12918.0499103436,14484.5930715228,15611.2815169788,15191.2534362824,16328.7601850632,17014.2473267008,15736.698979707,15101.6226037025,16247.5009007416,15779.7494412272],"max_clicks_reward_list":[241.7479673364,241.7479673364,241.7479673364,241.7479673364,241.7479673364,241.7479673364,241.7479673364,241.7479673364,241.7479673364,241.7479673364,241.7479673364,241.7479673364,241.7479673364],"max_watch_duration_reward_list":[18473.2923807918,18473.2923807918,18473.2923807918,18473.2923807918,18473.2923807918,18473.2923807918,18473.2923807918,18473.2923807918,18473.2923807918,18473.2923807918,18473.2923807918,18473.2923807918,18473.2923807918]},"WeightedPointWiseModelAgent":{"actual_clicks_reward_list":[183.0,208.0,189.0,191.0,193.0,193.0,194.0,186.0,222.0,209.0,194.0,212.0,211.0],"actual_watch_duration_reward_list":[10459.7810670873,12209.4476598493,10358.7934901267,10929.9316663809,10946.2435583492,11396.3889428756,12193.9527782547,10593.7906026988,13957.9156762815,12719.4445644384,12337.8974924346,12127.9379557975,13345.1961280977],"max_clicks_reward_list":[241.7479673364,241.7479673364,241.7479673364,241.7479673364,241.7479673364,241.7479673364,241.7479673364,241.7479673364,241.7479673364,241.7479673364,241.7479673364,241.7479673364,241.7479673364],"max_watch_duration_reward_list":[18473.2923807918,18473.2923807918,18473.2923807918,18473.2923807918,18473.2923807918,18473.2923807918,18473.2923807918,18473.2923807918,18473.2923807918,18473.2923807918,18473.2923807918,18473.2923807918,18473.2923807918]},"PointWiseModelAgent":{"actual_clicks_reward_list":[190.0,191.0,180.0,159.0,209.0,189.0,191.0,214.0,213.0,232.0,229.0,224.0,212.0],"actual_watch_duration_reward_list":[11596.5446933097,10266.3437820432,10763.6430971633,9383.3468968273,12417.9286095908,10073.5867421316,10850.9622673218,13965.3051442778,14007.7171931876,13704.5298776248,16056.3120420821,16367.5465245211,14456.2926667747],"max_clicks_reward_list":[241.7479673364,241.7479673364,241.7479673364,241.7479673364,241.7479673364,241.7479673364,241.7479673364,241.7479673364,241.7479673364,241.7479673364,241.7479673364,241.7479673364,241.7479673364],"max_watch_duration_reward_list":[18473.2923807918,18473.2923807918,18473.2923807918,18473.2923807918,18473.2923807918,18473.2923807918,18473.2923807918,18473.2923807918,18473.2923807918,18473.2923807918,18473.2923807918,18473.2923807918,18473.2923807918]}}