{"RegressionModelAgent":{"actual_clicks_reward_list":[169.0,179.0,200.0,215.0,181.0,213.0,222.0,181.0,183.0,224.0,225.0,235.0,238.0],"actual_watch_duration_reward_list":[10606.7321356645,10190.8516836195,12006.2067584137,12033.4014134341,12277.9389713921,14708.6010798546,12559.3279820463,12513.5918337112,10664.8788482903,15549.2112049702,14812.0195662079,17005.9507825979,17073.6988576019],"max_clicks_reward_list":[246.7377990019,246.7377990019,246.7377990019,246.7377990019,246.7377990019,246.7377990019,246.7377990019,246.7377990019,246.7377990019,246.7377990019,246.7377990019,246.7377990019,246.7377990019],"max_watch_duration_reward_list":[18291.2075881829,18291.2075881829,18291.2075881829,18291.2075881829,18291.2075881829,18291.2075881829,18291.2075881829,18291.2075881829,18291.2075881829,18291.2075881829,18291.2075881829,18291.2075881829,18291.2075881829]}}