{"TweedieModelAgent":{"actual_clicks_reward_list":[1069.0,1203.0,1117.0,1060.0,1010.0,1067.0,1068.0,1129.0,1076.0,1037.0,1122.0,1058.0,1122.0],"actual_watch_duration_reward_list":[64116.4203659659,71202.37879998,67771.3586966997,73928.8139334779,79427.8255214024,85308.0929506182,80386.7919331597,90778.1687247964,84204.5085650675,85000.4486296127,92194.1648613304,83289.4701091584,92201.049527484],"max_clicks_reward_list":[1279.1728539644,1279.1728539644,1279.1728539644,1279.1728539644,1279.1728539644,1279.1728539644,1279.1728539644,1279.1728539644,1279.1728539644,1279.1728539644,1279.1728539644,1279.1728539644,1279.1728539644],"max_watch_duration_reward_list":[101690.2795389791,101690.2795389791,101690.2795389791,101690.2795389791,101690.2795389791,101690.2795389791,101690.2795389791,101690.2795389791,101690.2795389791,101690.2795389791,101690.2795389791,101690.2795389791,101690.2795389791]},"RegressionModelAgent":{"actual_clicks_reward_list":[1156.0,1058.0,1120.0,984.0,898.0,1039.0,1059.0,1010.0,1062.0,911.0,1094.0,1032.0,1042.0],"actual_watch_duration_reward_list":[71604.3113078895,64946.0132371261,66845.2230410592,50698.9060812289,48073.5475563743,65614.1496962189,79637.5138277136,77775.6604386675,79157.7237215375,58977.8421006897,71598.6710528995,77583.1062756382,60017.3622017027],"max_clicks_reward_list":[1279.1728539644,1279.1728539644,1279.1728539644,1279.1728539644,1279.1728539644,1279.1728539644,1279.1728539644,1279.1728539644,1279.1728539644,1279.1728539644,1279.1728539644,1279.1728539644,1279.1728539644],"max_watch_duration_reward_list":[101690.2795389791,101690.2795389791,101690.2795389791,101690.2795389791,101690.2795389791,101690.2795389791,101690.2795389791,101690.2795389791,101690.2795389791,101690.2795389791,101690.2795389791,101690.2795389791,101690.2795389791]},"WeightedPointWiseModelAgent":{"actual_clicks_reward_list":[1154.0,1079.0,1121.0,1039.0,1063.0,1059.0,1136.0,1053.0,1106.0,1021.0,1074.0,1132.0,1059.0],"actual_watch_duration_reward_list":[63967.3485336638,65995.2165272311,67965.1943763979,52972.7841193749,65051.2049934572,62590.8764036205,70209.1353025917,61969.0601363053,62772.0629860507,62678.3984998117,65603.0300448069,68420.4125733678,61902.6446164644],"max_clicks_reward_list":[1279.1728539644,1279.1728539644,1279.1728539644,1279.1728539644,1279.1728539644,1279.1728539644,1279.1728539644,1279.1728539644,1279.1728539644,1279.1728539644,1279.1728539644,1279.1728539644,1279.1728539644],"max_watch_duration_reward_list":[101690.2795389791,101690.2795389791,101690.2795389791,101690.2795389791,101690.2795389791,101690.2795389791,101690.2795389791,101690.2795389791,101690.2795389791,101690.2795389791,101690.2795389791,101690.2795389791,101690.2795389791]},"PointWiseModelAgent":{"actual_clicks_reward_list":[1111.0,1108.0,1044.0,932.0,876.0,1009.0,1023.0,1035.0,1095.0,1004.0,1138.0,1118.0,1171.0],"actual_watch_duration_reward_list":[67936.6833811154,64711.2489942465,60997.5169133206,56132.4263685994,49104.1602573835,56708.2411251618,54910.6809401293,68113.8532223483,77642.7806206644,61075.7119907289,47119.143903835,51667.2833105839,49014.9534127838],"max_clicks_reward_list":[1279.1728539644,1279.1728539644,1279.1728539644,1279.1728539644,1279.1728539644,1279.1728539644,1279.1728539644,1279.1728539644,1279.1728539644,1279.1728539644,1279.1728539644,1279.1728539644,1279.1728539644],"max_watch_duration_reward_list":[101690.2795389791,101690.2795389791,101690.2795389791,101690.2795389791,101690.2795389791,101690.2795389791,101690.2795389791,101690.2795389791,101690.2795389791,101690.2795389791,101690.2795389791,101690.2795389791,101690.2795389791]},"BanditAgent":{"actual_clicks_reward_list":[1070.0,1125.0,1161.0,998.0,1042.0,1017.0,989.0,1030.0,1037.0,1037.0,1065.0,1013.0,1012.0],"actual_watch_duration_reward_list":[66081.1875101537,70986.5193816027,71810.9774187379,59128.358966902,54178.6933106317,56204.8899352378,58291.1328949087,58561.2761525114,61237.4616921626,57378.6457087048,59931.0989741716,56686.6482858052,59059.632371175],"max_clicks_reward_list":[1279.1728539644,1279.1728539644,1279.1728539644,1279.1728539644,1279.1728539644,1279.1728539644,1279.1728539644,1279.1728539644,1279.1728539644,1279.1728539644,1279.1728539644,1279.1728539644,1279.1728539644],"max_watch_duration_reward_list":[101690.2795389791,101690.2795389791,101690.2795389791,101690.2795389791,101690.2795389791,101690.2795389791,101690.2795389791,101690.2795389791,101690.2795389791,101690.2795389791,101690.2795389791,101690.2795389791,101690.2795389791]},"BucketSortingAgent":{"actual_clicks_reward_list":[1138.0,1095.0,1108.0,1160.0,1143.0,1138.0,1109.0,1102.0,1165.0,1102.0,1182.0,1125.0,1088.0],"actual_watch_duration_reward_list":[69574.3226220678,67749.3321415135,64392.3793645777,70274.8429335031,69609.0722752806,71275.2812470657,67089.42016699,66874.937181632,68998.6604591409,65275.1641452895,68793.3370262347,64580.9037390654,65789.2584156502],"max_clicks_reward_list":[1279.1728539644,1279.1728539644,1279.1728539644,1279.1728539644,1279.1728539644,1279.1728539644,1279.1728539644,1279.1728539644,1279.1728539644,1279.1728539644,1279.1728539644,1279.1728539644,1279.1728539644],"max_watch_duration_reward_list":[101690.2795389791,101690.2795389791,101690.2795389791,101690.2795389791,101690.2795389791,101690.2795389791,101690.2795389791,101690.2795389791,101690.2795389791,101690.2795389791,101690.2795389791,101690.2795389791,101690.2795389791]},"BucketSortingWatchTimeAgent":{"actual_clicks_reward_list":[1164.0,1063.0,1125.0,1085.0,1087.0,1114.0,1146.0,1102.0,1159.0,1094.0,1081.0,1163.0,1077.0],"actual_watch_duration_reward_list":[69163.6503548477,64708.8329400356,66208.6166904633,71433.359416922,74284.1558955268,73448.9922552716,78133.6772281006,73710.544529228,78371.7267577031,74969.0535081215,74941.3755848583,78605.1901432231,71540.7471984829],"max_clicks_reward_list":[1279.1728539644,1279.1728539644,1279.1728539644,1279.1728539644,1279.1728539644,1279.1728539644,1279.1728539644,1279.1728539644,1279.1728539644,1279.1728539644,1279.1728539644,1279.1728539644,1279.1728539644],"max_watch_duration_reward_list":[101690.2795389791,101690.2795389791,101690.2795389791,101690.2795389791,101690.2795389791,101690.2795389791,101690.2795389791,101690.2795389791,101690.2795389791,101690.2795389791,101690.2795389791,101690.2795389791,101690.2795389791]},"PairWiseModelAgent":{"actual_clicks_reward_list":[1138.0,1139.0,1101.0,1028.0,1042.0,1138.0,1085.0,1090.0,1089.0,1133.0,1051.0,1062.0,966.0],"actual_watch_duration_reward_list":[64587.3206358906,68278.8556008377,66195.4566381083,67048.2459535928,63492.7376343275,56547.2002626885,56339.7571900757,49517.6787406582,58774.9952587061,59475.7804186305,62777.7722908118,62903.9407732185,54251.8928872506],"max_clicks_reward_list":[1279.1728539644,1279.1728539644,1279.1728539644,1279.1728539644,1279.1728539644,1279.1728539644,1279.1728539644,1279.1728539644,1279.1728539644,1279.1728539644,1279.1728539644,1279.1728539644,1279.1728539644],"max_watch_duration_reward_list":[101690.2795389791,101690.2795389791,101690.2795389791,101690.2795389791,101690.2795389791,101690.2795389791,101690.2795389791,101690.2795389791,101690.2795389791,101690.2795389791,101690.2795389791,101690.2795389791,101690.2795389791]},"WeightedPairWiseModelAgent":{"actual_clicks_reward_list":[1047.0,1156.0,1160.0,999.0,1118.0,1163.0,1168.0,1156.0,1023.0,1127.0,1124.0,1074.0,1077.0],"actual_watch_duration_reward_list":[61919.6925524927,69155.3634689344,66249.6787575265,55857.9355705005,74074.0831306421,77581.5160955084,73029.48272661,77179.6011564744,72040.8093038284,62452.2064831832,79834.6975335925,74520.3954835882,74601.5742349263],"max_clicks_reward_list":[1279.1728539644,1279.1728539644,1279.1728539644,1279.1728539644,1279.1728539644,1279.1728539644,1279.1728539644,1279.1728539644,1279.1728539644,1279.1728539644,1279.1728539644,1279.1728539644,1279.1728539644],