{"TweedieModelAgent":{"actual_clicks_reward_list":[2078.0,2120.0,1977.0,1856.0,1908.0,2022.0,1913.0,2051.0,2111.0,2051.0,2166.0,2166.0,2215.0],"actual_watch_duration_reward_list":[125884.1101220847,131116.2118148794,123014.2514746426,101991.7588169657,110531.0717583993,120426.7205410148,111629.5790985379,137322.7465899446,149131.4155413586,142026.9960274572,165772.415068002,166088.1074472762,169978.3606775476],"max_clicks_reward_list":[2544.8090928635,2544.8090928635,2544.8090928635,2544.8090928635,2544.8090928635,2544.8090928635,2544.8090928635,2544.8090928635,2544.8090928635,2544.8090928635,2544.8090928635,2544.8090928635,2544.8090928635],"max_watch_duration_reward_list":[215725.9545510887,215725.9545510887,215725.9545510887,215725.9545510887,215725.9545510887,215725.9545510887,215725.9545510887,215725.9545510887,215725.9545510887,215725.9545510887,215725.9545510887,215725.9545510887,215725.9545510887]},"WeightedPointWiseModelAgent":{"actual_clicks_reward_list":[2041.0,2007.0,2067.0,1828.0,1756.0,1927.0,1951.0,1945.0,1871.0,1918.0,1969.0,1988.0,1957.0],"actual_watch_duration_reward_list":[124382.435541924,122685.8144544193,126650.8934167898,90381.8041848149,89947.5582373312,102989.8337463222,113159.6420397456,105912.7262103558,107720.252648278,114382.4915850452,113518.9970942203,114724.945621824,109350.5825930944],"max_clicks_reward_list":[2544.8090928635,2544.8090928635,2544.8090928635,2544.8090928635,2544.8090928635,2544.8090928635,2544.8090928635,2544.8090928635,2544.8090928635,2544.8090928635,2544.8090928635,2544.8090928635,2544.8090928635],"max_watch_duration_reward_list":[215725.9545510887,215725.9545510887,215725.9545510887,215725.9545510887,215725.9545510887,215725.9545510887,215725.9545510887,215725.9545510887,215725.9545510887,215725.9545510887,215725.9545510887,215725.9545510887,215725.9545510887]},"PointWiseModelAgent":{"actual_clicks_reward_list":[2080.0,2059.0,2025.0,2089.0,2008.0,1958.0,2130.0,2037.0,2072.0,2156.0,2343.0,2277.0,2290.0],"actual_watch_duration_reward_list":[123808.2856387347,121011.2276923199,120043.1370744341,146526.7408268978,117754.2166520947,108078.7080804819,135053.7337096603,113542.9618637693,106412.1562067747,130784.0509825573,150377.6925181937,161473.9730632087,158846.4685622263],"max_clicks_reward_list":[2544.8090928635,2544.8090928635,2544.8090928635,2544.8090928635,2544.8090928635,2544.8090928635,2544.8090928635,2544.8090928635,2544.8090928635,2544.8090928635,2544.8090928635,2544.8090928635,2544.8090928635],"max_watch_duration_reward_list":[215725.9545510887,215725.9545510887,215725.9545510887,215725.9545510887,215725.9545510887,215725.9545510887,215725.9545510887,215725.9545510887,215725.9545510887,215725.9545510887,215725.9545510887,215725.9545510887,215725.9545510887]}}