{"TweedieModelAgent":{"actual_clicks_reward_list":[4254.0,4297.0,4313.0,4486.0,3812.0,3856.0,3854.0,4001.0,4125.0,3586.0,3967.0,4111.0,3810.0],"actual_watch_duration_reward_list":[234669.4884941608,245773.5809858466,243533.8028251429,202448.1547486087,232207.1938176839,199615.5878170755,211141.0323890694,223051.617572969,218299.5628465029,181891.2191811953,205852.5329507918,209402.6735852775,172660.040909668],"max_clicks_reward_list":[5138.0455715099,5138.0455715099,5138.0455715099,5138.0455715099,5138.0455715099,5138.0455715099,5138.0455715099,5138.0455715099,5138.0455715099,5138.0455715099,5138.0455715099,5138.0455715099,5138.0455715099],"max_watch_duration_reward_list":[421902.9791478522,421902.9791478522,421902.9791478522,421902.9791478522,421902.9791478522,421902.9791478522,421902.9791478522,421902.9791478522,421902.9791478522,421902.9791478522,421902.9791478522,421902.9791478522,421902.9791478522]},"RegressionModelAgent":{"actual_clicks_reward_list":[4244.0,4200.0,4345.0,3648.0,3863.0,3891.0,3763.0,3883.0,3886.0,3939.0,3829.0,4208.0,4193.0],"actual_watch_duration_reward_list":[238436.5626483732,240333.6838873763,246397.3191914872,203772.5037811089,162492.6871813371,239951.9022271725,162806.9715394917,194322.5862576393,216779.2800011338,222402.2715467341,301019.8554440862,250673.6963170882,306690.518942634],"max_clicks_reward_list":[5138.0455715099,5138.0455715099,5138.0455715099,5138.0455715099,5138.0455715099,5138.0455715099,5138.0455715099,5138.0455715099,5138.0455715099,5138.0455715099,5138.0455715099,5138.0455715099,5138.0455715099],"max_watch_duration_reward_list":[421902.9791478522,421902.9791478522,421902.9791478522,421902.9791478522,421902.9791478522,421902.9791478522,421902.9791478522,421902.9791478522,421902.9791478522,421902.9791478522,421902.9791478522,421902.9791478522,421902.9791478522]},"WeightedPointWiseModelAgent":{"actual_clicks_reward_list":[4208.0,4226.0,4221.0,3904.0,4182.0,4083.0,4319.0,4437.0,4297.0,4195.0,4442.0,4174.0,4238.0],"actual_watch_duration_reward_list":[238405.095872854,228904.6497400469,237630.0947014336,211904.8673516897,240109.4286208912,242418.0903981128,237637.0153359508,252683.8146216467,239525.6932370237,248696.2531178371,270360.3831993042,234534.3179002315,249561.8461950257],"max_clicks_reward_list":[5138.0455715099,5138.0455715099,5138.0455715099,5138.0455715099,5138.0455715099,5138.0455715099,5138.0455715099,5138.0455715099,5138.0455715099,5138.0455715099,5138.0455715099,5138.0455715099,5138.0455715099],"max_watch_duration_reward_list":[421902.9791478522,421902.9791478522,421902.9791478522,421902.9791478522,421902.9791478522,421902.9791478522,421902.9791478522,421902.9791478522,421902.9791478522,421902.9791478522,421902.9791478522,421902.9791478522,421902.9791478522]},"PointWiseModelAgent":{"actual_clicks_reward_list":[4157.0,4115.0,4279.0,4016.0,4051.0,4370.0,4169.0,4236.0,4177.0,4192.0,4428.0,4270.0,4336.0],"actual_watch_duration_reward_list":[234824.3294791231,228063.8779248561,237763.8003317626,251220.1721785612,268941.1524966815,266755.5903319429,241044.4944080182,230641.8865029314,239255.1292055313,249429.0209987639,225332.0764889147,280427.1848135263,259484.3902758813],"max_clicks_reward_list":[5138.0455715099,5138.0455715099,5138.0455715099,5138.0455715099,5138.0455715099,5138.0455715099,5138.0455715099,5138.0455715099,5138.0455715099,5138.0455715099,5138.0455715099,5138.0455715099,5138.0455715099],"max_watch_duration_reward_list":[421902.9791478522,421902.9791478522,421902.9791478522,421902.9791478522,421902.9791478522,421902.9791478522,421902.9791478522,421902.9791478522,421902.9791478522,421902.9791478522,421902.9791478522,421902.9791478522,421902.9791478522]}}