{"TweedieModelAgent":{"actual_clicks_reward_list":[195.0,185.0,189.0,217.0,239.0,194.0,203.0,235.0,254.0,238.0,221.0,222.0,238.0],"actual_watch_duration_reward_list":[11544.8635237941,11612.6120682041,12348.1801714214,16929.7924117535,19024.9050352691,15480.4780372094,16070.4113035132,18601.2034142245,20748.9256420542,18031.1377920387,17022.2792548286,16568.5718980948,18402.1573488398],"max_clicks_reward_list":[240.9824559233,240.9824559233,240.9824559233,240.9824559233,240.9824559233,240.9824559233,240.9824559233,240.9824559233,240.9824559233,240.9824559233,240.9824559233,240.9824559233,240.9824559233],"max_watch_duration_reward_list":[19700.0634457363,19700.0634457363,19700.0634457363,19700.0634457363,19700.0634457363,19700.0634457363,19700.0634457363,19700.0634457363,19700.0634457363,19700.0634457363,19700.0634457363,19700.0634457363,19700.0634457363]},"RegressionModelAgent":{"actual_clicks_reward_list":[192.0,212.0,218.0,192.0,212.0,222.0,263.0,202.0,246.0,219.0,200.0,233.0,192.0],"actual_watch_duration_reward_list":[12346.1231562694,13654.3597584951,13921.5059298767,10249.581821085,14078.973348482,16799.913104408,20148.0100875052,13194.9791657418,17408.4810703443,17766.0867228139,15457.4763247019,17790.9457492219,13563.7239254715],"max_clicks_reward_list":[240.9824559233,240.9824559233,240.9824559233,240.9824559233,240.9824559233,240.9824559233,240.9824559233,240.9824559233,240.9824559233,240.9824559233,240.9824559233,240.9824559233,240.9824559233],"max_watch_duration_reward_list":[19700.0634457363,19700.0634457363,19700.0634457363,19700.0634457363,19700.0634457363,19700.0634457363,19700.0634457363,19700.0634457363,19700.0634457363,19700.0634457363,19700.0634457363,19700.0634457363,19700.0634457363]},"WeightedPointWiseModelAgent":{"actual_clicks_reward_list":[188.0,213.0,210.0,192.0,186.0,168.0,184.0,193.0,184.0,196.0,196.0,199.0,214.0],"actual_watch_duration_reward_list":[12098.3775876705,14202.5495347382,12028.0523002894,10732.4830224393,13368.332284192,9870.1753425753,12887.4626285633,13443.1340007908,11314.6681372581,13213.9754381446,12946.7442106275,12971.0246686014,14897.7536544534],"max_clicks_reward_list":[240.9824559233,240.9824559233,240.9824559233,240.9824559233,240.9824559233,240.9824559233,240.9824559233,240.9824559233,240.9824559233,240.9824559233,240.9824559233,240.9824559233,240.9824559233],"max_watch_duration_reward_list":[19700.0634457363,19700.0634457363,19700.0634457363,19700.0634457363,19700.0634457363,19700.0634457363,19700.0634457363,19700.0634457363,19700.0634457363,19700.0634457363,19700.0634457363,19700.0634457363,19700.0634457363]},"PointWiseModelAgent":{"actual_clicks_reward_list":[194.0,193.0,176.0,188.0,211.0,210.0,185.0,210.0,175.0,192.0,217.0,205.0,224.0],"actual_watch_duration_reward_list":[12089.4291472911,11056.6652947472,12202.8459786182,6689.3649724427,12800.4121133119,12005.8108595299,11515.1409945395,11692.4079018587,12709.8340135288,12685.6684399127,12898.5616716046,14038.9000585955,15938.8716304393],"max_clicks_reward_list":[240.9824559233,240.9824559233,240.9824559233,240.9824559233,240.9824559233,240.9824559233,240.9824559233,240.9824559233,240.9824559233,240.9824559233,240.9824559233,240.9824559233,240.9824559233],"max_watch_duration_reward_list":[19700.0634457363,19700.0634457363,19700.0634457363,19700.0634457363,19700.0634457363,19700.0634457363,19700.0634457363,19700.0634457363,19700.0634457363,19700.0634457363,19700.0634457363,19700.0634457363,19700.0634457363]}}