{"TweedieModelAgent":{"actual_clicks_reward_list":[22.0,18.0,26.0,24.0,18.0,26.0,25.0,19.0,27.0,21.0,16.0,18.0,21.0],"actual_watch_duration_reward_list":[732.1468707777,729.5357281363,1224.1331081119,1518.7258720284,1362.6041341626,1398.2083569887,1187.8866556834,1292.2777823236,1496.0647835996,1331.58591094,1037.0048019411,651.0228765689,1207.1452674364],"max_clicks_reward_list":[22.2594877124,22.2594877124,22.2594877124,22.2594877124,22.2594877124,22.2594877124,22.2594877124,22.2594877124,22.2594877124,22.2594877124,22.2594877124,22.2594877124,22.2594877124],"max_watch_duration_reward_list":[1406.2226915466,1406.2226915466,1406.2226915466,1406.2226915466,1406.2226915466,1406.2226915466,1406.2226915466,1406.2226915466,1406.2226915466,1406.2226915466,1406.2226915466,1406.2226915466,1406.2226915466]},"WeightedPointWiseModelAgent":{"actual_clicks_reward_list":[17.0,20.0,16.0,18.0,21.0,23.0,19.0,22.0,22.0,30.0,20.0,24.0,20.0],"actual_watch_duration_reward_list":[937.6473444309,1124.3784397985,520.6948554272,800.7543931746,899.0100941647,971.7957140931,823.5681530862,1143.5757770034,976.4545530714,1831.9546629768,476.7003297503,1135.0255012723,1109.7696883668],"max_clicks_reward_list":[22.2594877124,22.2594877124,22.2594877124,22.2594877124,22.2594877124,22.2594877124,22.2594877124,22.2594877124,22.2594877124,22.2594877124,22.2594877124,22.2594877124,22.2594877124],"max_watch_duration_reward_list":[1406.2226915466,1406.2226915466,1406.2226915466,1406.2226915466,1406.2226915466,1406.2226915466,1406.2226915466,1406.2226915466,1406.2226915466,1406.2226915466,1406.2226915466,1406.2226915466,1406.2226915466]},"PointWiseModelAgent":{"actual_clicks_reward_list":[15.0,17.0,30.0,12.0,32.0,26.0,17.0,18.0,21.0,21.0,20.0,16.0,15.0],"actual_watch_duration_reward_list":[895.0156894936,905.6036168593,1554.8650575451,533.3901487823,1680.5306950477,960.5416628985,551.5457015989,1040.3677644782,1618.058536643,1101.8124847301,1585.3438546249,1090.354406748,728.0760250559],"max_clicks_reward_list":[22.2594877124,22.2594877124,22.2594877124,22.2594877124,22.2594877124,22.2594877124,22.2594877124,22.2594877124,22.2594877124,22.2594877124,22.2594877124,22.2594877124,22.2594877124],"max_watch_duration_reward_list":[1406.2226915466,1406.2226915466,1406.2226915466,1406.2226915466,1406.2226915466,1406.2226915466,1406.2226915466,1406.2226915466,1406.2226915466,1406.2226915466,1406.2226915466,1406.2226915466,1406.2226915466]},"BanditAgent":{"actual_clicks_reward_list":[23.0,18.0,23.0,26.0,25.0,19.0,23.0,26.0,17.0,25.0,27.0,17.0,24.0],"actual_watch_duration_reward_list":[976.457412266,718.5200081141,1206.8313250997,1843.3349325989,1261.0141959723,1351.6689673311,1222.0406683962,1196.4752934518,635.4734260448,1226.2392402211,1104.065569752,711.5426041616,1399.5480496097],"max_clicks_reward_list":[22.2594877124,22.2594877124,22.2594877124,22.2594877124,22.2594877124,22.2594877124,22.2594877124,22.2594877124,22.2594877124,22.2594877124,22.2594877124,22.2594877124,22.2594877124],"max_watch_duration_reward_list":[1406.2226915466,1406.2226915466,1406.2226915466,1406.2226915466,1406.2226915466,1406.2226915466,1406.2226915466,1406.2226915466,1406.2226915466,1406.2226915466,1406.2226915466,1406.2226915466,1406.2226915466]},"BucketSortingAgent":{"actual_clicks_reward_list":[16.0,16.0,19.0,21.0,24.0,17.0,26.0,14.0,26.0,15.0,17.0,17.0,19.0],"actual_watch_duration_reward_list":[663.9074601073,490.8547351638,782.6024228274,1257.8802933941,1180.2443646635,636.248010365,986.1140627182,590.6784273589,1161.7632304724,522.515300758,904.5751906525,850.2859556954,634.0382873276],"max_clicks_reward_list":[22.2594877124,22.2594877124,22.2594877124,22.2594877124,22.2594877124,22.2594877124,22.2594877124,22.2594877124,22.2594877124,22.2594877124,22.2594877124,22.2594877124,22.2594877124],"max_watch_duration_reward_list":[1406.2226915466,1406.2226915466,1406.2226915466,1406.2226915466,1406.2226915466,1406.2226915466,1406.2226915466,1406.2226915466,1406.2226915466,1406.2226915466,1406.2226915466,1406.2226915466,1406.2226915466]},"BucketSortingWatchTimeAgent":{"actual_clicks_reward_list":[25.0,14.0,18.0,20.0,21.0,14.0,22.0,26.0,18.0,18.0,18.0,16.0,22.0],"actual_watch_duration_reward_list":[1341.8830489963,651.3179357016,612.028065467,1664.416016633,836.7370376596,573.4848799779,1175.4154063725,1694.1958994632,1070.1496503084,460.4529397311,792.2590066316,623.1164755009,1084.2897276554],"max_clicks_reward_list":[22.2594877124,22.2594877124,22.2594877124,22.2594877124,22.2594877124,22.2594877124,22.2594877124,22.2594877124,22.2594877124,22.2594877124,22.2594877124,22.2594877124,22.2594877124],"max_watch_duration_reward_list":[1406.2226915466,1406.2226915466,1406.2226915466,1406.2226915466,1406.2226915466,1406.2226915466,1406.2226915466,1406.2226915466,1406.2226915466,1406.2226915466,1406.2226915466,1406.2226915466,1406.2226915466]},"PairWiseModelAgent":{"actual_clicks_reward_list":[24.0,21.0,21.0,23.0,18.0,19.0,18.0,19.0,20.0,24.0,19.0,16.0,21.0],"actual_watch_duration_reward_list":[935.4661525946,779.0832475308,916.9952861452,1047.0140705942,857.1675702305,1043.7191144012,721.1293556916,1379.6021897605,1300.0964719164,1075.0015105336,914.8361653281,766.8520476,1134.9137628477],"max_clicks_reward_list":[22.2594877124,22.2594877124,22.2594877124,22.2594877124,22.2594877124,22.2594877124,22.2594877124,22.2594877124,22.2594877124,22.2594877124,22.2594877124,22.2594877124,22.2594877124],"max_watch_duration_reward_list":[1406.2226915466,1406.2226915466,1406.2226915466,1406.2226915466,1406.2226915466,1406.2226915466,1406.2226915466,1406.2226915466,1406.2226915466,1406.2226915466,1406.2226915466,1406.2226915466,1406.2226915466]},"WeightedPairWiseModelAgent":{"actual_clicks_reward_list":[21.0,22.0,22.0,17.0,22.0,18.0,20.0,21.0,23.0,16.0,13.0,17.0,23.0],"actual_watch_duration_reward_list":[889.2776074273,1157.8527508282,1191.0336009553,864.1061300439,1173.0179151537,1052.3602712838,1104.7903504379,703.3731087478,915.0391266825,793.1604996492,524.9402440702,711.1435155123,1401.2100901243],"max_clicks_reward_list":[22.2594877124,22.2594877124,22.2594877124,22.2594877124,22.2594877124,22.2594877124,22.2594877124,22.2594877124,22.2594877124,22.2594877124,22.2594877124,22.2594877124,22.2594877124],"max_watch_duration_reward_list":[1406.2226915466,1406.2226915466,1406.2226915466,1406.2226915466,1406.2226915466,1406.2226915466,1406.2226915466,1406.2226915466,1406.2226915466,1406.2226915466,1406.2226915466,1406.2226915466,1406.2226915466]}}