{"TweedieModelAgent":{"actual_clicks_reward_list":[194.0,176.0,207.0,226.0,199.0,204.0,221.0,208.0,227.0,220.0,204.0,217.0,183.0],"actual_watch_duration_reward_list":[10209.391554002,8669.4540423697,10603.7954494449,13211.0001458572,11592.8242650639,10393.1700839989,12360.4643400183,11970.2190939671,12757.8435583123,13632.5572166323,15358.097832436,16561.2313171578,13976.2848253046],"max_clicks_reward_list":[249.9348782148,249.9348782148,249.9348782148,249.9348782148,249.9348782148,249.9348782148,249.9348782148,249.9348782148,249.9348782148,249.9348782148,249.9348782148,249.9348782148,249.9348782148],"max_watch_duration_reward_list":[19585.8665669599,19585.8665669599,19585.8665669599,19585.8665669599,19585.8665669599,19585.8665669599,19585.8665669599,19585.8665669599,19585.8665669599,19585.8665669599,19585.8665669599,19585.8665669599,19585.8665669599]},"RegressionModelAgent":{"actual_clicks_reward_list":[205.0,182.0,209.0,226.0,214.0,198.0,193.0,191.0,192.0,194.0,203.0,209.0,207.0],"actual_watch_duration_reward_list":[9795.8572465431,7921.5640864627,10762.5703294323,13033.4657284395,11338.915066716,13320.4256029419,10090.6784077694,12610.3335042366,13094.730010881,11843.9112207546,12452.410165589,14855.8920428977,14442.9700796942],"max_clicks_reward_list":[249.9348782148,249.9348782148,249.9348782148,249.9348782148,249.9348782148,249.9348782148,249.9348782148,249.9348782148,249.9348782148,249.9348782148,249.9348782148,249.9348782148,249.9348782148],"max_watch_duration_reward_list":[19585.8665669599,19585.8665669599,19585.8665669599,19585.8665669599,19585.8665669599,19585.8665669599,19585.8665669599,19585.8665669599,19585.8665669599,19585.8665669599,19585.8665669599,19585.8665669599,19585.8665669599]},"WeightedPointWiseModelAgent":{"actual_clicks_reward_list":[207.0,195.0,217.0,207.0,189.0,197.0,191.0,184.0,188.0,204.0,170.0,200.0,197.0],"actual_watch_duration_reward_list":[9749.8212109901,9289.1487482056,10463.0662369105,9492.2660581412,8515.2431198161,9202.6926867948,9880.0264290323,8388.1213724537,8871.1770416205,10515.764167137,8637.5604823769,9999.4187174395,8651.6445464963],"max_clicks_reward_list":[249.9348782148,249.9348782148,249.9348782148,249.9348782148,249.9348782148,249.9348782148,249.9348782148,249.9348782148,249.9348782148,249.9348782148,249.9348782148,249.9348782148,249.9348782148],"max_watch_duration_reward_list":[19585.8665669599,19585.8665669599,19585.8665669599,19585.8665669599,19585.8665669599,19585.8665669599,19585.8665669599,19585.8665669599,19585.8665669599,19585.8665669599,19585.8665669599,19585.8665669599,19585.8665669599]},"PointWiseModelAgent":{"actual_clicks_reward_list":[192.0,181.0,192.0,212.0,196.0,200.0,192.0,201.0,208.0,220.0,190.0,216.0,200.0],"actual_watch_duration_reward_list":[9284.1776690106,7667.8032979333,9582.6617778913,10725.2667920578,12355.5121768914,12012.6724471238,12362.2304799072,16547.3738765043,10597.5972325774,12205.1984327621,12592.8598037602,11959.2273360968,15468.3532402313],"max_clicks_reward_list":[249.9348782148,249.9348782148,249.9348782148,249.9348782148,249.9348782148,249.9348782148,249.9348782148,249.9348782148,249.9348782148,249.9348782148,249.9348782148,249.9348782148,249.9348782148],"max_watch_duration_reward_list":[19585.8665669599,19585.8665669599,19585.8665669599,19585.8665669599,19585.8665669599,19585.8665669599,19585.8665669599,19585.8665669599,19585.8665669599,19585.8665669599,19585.8665669599,19585.8665669599,19585.8665669599]}}