{"TweedieModelAgent":{"actual_clicks_reward_list":[1115.0,1077.0,1185.0,1045.0,959.0,1068.0,1015.0,962.0,1114.0,989.0,1137.0,1075.0,937.0],"actual_watch_duration_reward_list":[54449.6514554641,52323.6263245968,56845.5255443971,49718.5817014714,50346.7238268372,60792.5999010093,49980.5790483088,45314.2365022291,58673.5939368332,42352.0227727951,60177.0512444947,56336.74645187,52098.0801721081],"max_clicks_reward_list":[1311.7533164238,1311.7533164238,1311.7533164238,1311.7533164238,1311.7533164238,1311.7533164238,1311.7533164238,1311.7533164238,1311.7533164238,1311.7533164238,1311.7533164238,1311.7533164238,1311.7533164238],"max_watch_duration_reward_list":[106338.6789887035,106338.6789887035,106338.6789887035,106338.6789887035,106338.6789887035,106338.6789887035,106338.6789887035,106338.6789887035,106338.6789887035,106338.6789887035,106338.6789887035,106338.6789887035,106338.6789887035]},"RegressionModelAgent":{"actual_clicks_reward_list":[1129.0,1127.0,1106.0,1030.0,1083.0,1122.0,1168.0,1077.0,1012.0,1004.0,974.0,1024.0,999.0],"actual_watch_duration_reward_list":[56548.378418123,55412.8155255087,53251.1917617069,66429.7055969675,65222.2895050392,60527.8791221696,74942.212239531,79640.8470582819,76230.7242791596,76060.2097325092,63510.5574562566,58428.6040623145,68507.1920676617],"max_clicks_reward_list":[1311.7533164238,1311.7533164238,1311.7533164238,1311.7533164238,1311.7533164238,1311.7533164238,1311.7533164238,1311.7533164238,1311.7533164238,1311.7533164238,1311.7533164238,1311.7533164238,1311.7533164238],"max_watch_duration_reward_list":[106338.6789887035,106338.6789887035,106338.6789887035,106338.6789887035,106338.6789887035,106338.6789887035,106338.6789887035,106338.6789887035,106338.6789887035,106338.6789887035,106338.6789887035,106338.6789887035,106338.6789887035]},"WeightedPointWiseModelAgent":{"actual_clicks_reward_list":[1145.0,1029.0,1166.0,1124.0,1093.0,1041.0,1044.0,1150.0,1088.0,1100.0,1077.0,1081.0,1163.0],"actual_watch_duration_reward_list":[58496.6565979488,53446.82693759,54497.3733751143,70019.8909799523,65909.5308803018,59707.0093079565,64326.7489236269,68842.7619863789,67588.8550504242,70792.9627261027,67566.6439006924,69375.4461081691,70262.3713604205],"max_clicks_reward_list":[1311.7533164238,1311.7533164238,1311.7533164238,1311.7533164238,1311.7533164238,1311.7533164238,1311.7533164238,1311.7533164238,1311.7533164238,1311.7533164238,1311.7533164238,1311.7533164238,1311.7533164238],"max_watch_duration_reward_list":[106338.6789887035,106338.6789887035,106338.6789887035,106338.6789887035,106338.6789887035,106338.6789887035,106338.6789887035,106338.6789887035,106338.6789887035,106338.6789887035,106338.6789887035,106338.6789887035,106338.6789887035]},"PointWiseModelAgent":{"actual_clicks_reward_list":[1093.0,1038.0,1156.0,1087.0,927.0,998.0,1112.0,978.0,1093.0,1172.0,1209.0,1224.0,1179.0],"actual_watch_duration_reward_list":[54579.2483265213,52591.3521756817,56065.9402141282,57069.6508768611,61569.4903127488,42343.6599763186,64379.8039099186,40153.8658655319,63811.6973546838,66965.7001703229,70121.0610273776,70031.5429377389,68446.0013249204],"max_clicks_reward_list":[1311.7533164238,1311.7533164238,1311.7533164238,1311.7533164238,1311.7533164238,1311.7533164238,1311.7533164238,1311.7533164238,1311.7533164238,1311.7533164238,1311.7533164238,1311.7533164238,1311.7533164238],"max_watch_duration_reward_list":[106338.6789887035,106338.6789887035,106338.6789887035,106338.6789887035,106338.6789887035,106338.6789887035,106338.6789887035,106338.6789887035,106338.6789887035,106338.6789887035,106338.6789887035,106338.6789887035,106338.6789887035]}}