{"TweedieModelAgent":{"actual_clicks_reward_list":[16.0,30.0,26.0,21.0,26.0,15.0,28.0,17.0,22.0,17.0,19.0,20.0,16.0],"actual_watch_duration_reward_list":[943.578170282,1705.2972358958,1044.172350359,1391.6945473926,1336.6398404487,1010.3627236469,1759.7738530453,1325.7094248515,1356.6037377381,840.400590597,1476.7278504317,1532.4529176183,1071.7645056079],"max_clicks_reward_list":[23.3842500115,23.3842500115,23.3842500115,23.3842500115,23.3842500115,23.3842500115,23.3842500115,23.3842500115,23.3842500115,23.3842500115,23.3842500115,23.3842500115,23.3842500115],"max_watch_duration_reward_list":[1642.5209178455,1642.5209178455,1642.5209178455,1642.5209178455,1642.5209178455,1642.5209178455,1642.5209178455,1642.5209178455,1642.5209178455,1642.5209178455,1642.5209178455,1642.5209178455,1642.5209178455]},"WeightedPointWiseModelAgent":{"actual_clicks_reward_list":[19.0,18.0,15.0,27.0,20.0,14.0,21.0,19.0,22.0,25.0,22.0,23.0,18.0],"actual_watch_duration_reward_list":[973.9119229474,1355.8805795916,1003.8314020033,1617.7778426725,1020.5689837137,870.0499833755,954.8073388173,928.5374267897,1479.7647442256,1696.3288008719,1084.7901216046,1603.7552128055,1037.2371771102],"max_clicks_reward_list":[23.3842500115,23.3842500115,23.3842500115,23.3842500115,23.3842500115,23.3842500115,23.3842500115,23.3842500115,23.3842500115,23.3842500115,23.3842500115,23.3842500115,23.3842500115],"max_watch_duration_reward_list":[1642.5209178455,1642.5209178455,1642.5209178455,1642.5209178455,1642.5209178455,1642.5209178455,1642.5209178455,1642.5209178455,1642.5209178455,1642.5209178455,1642.5209178455,1642.5209178455,1642.5209178455]},"PointWiseModelAgent":{"actual_clicks_reward_list":[21.0,16.0,22.0,22.0,20.0,23.0,26.0,24.0,28.0,19.0,20.0,17.0,14.0],"actual_watch_duration_reward_list":[1100.9081221378,681.8663343579,1124.4238991326,1618.7529023576,1263.0756101472,1283.1154094637,1144.0339861506,1082.9887070964,1158.2490759861,895.3366604265,1105.4349912316,824.0460014648,754.5952331496],"max_clicks_reward_list":[23.3842500115,23.3842500115,23.3842500115,23.3842500115,23.3842500115,23.3842500115,23.3842500115,23.3842500115,23.3842500115,23.3842500115,23.3842500115,23.3842500115,23.3842500115],"max_watch_duration_reward_list":[1642.5209178455,1642.5209178455,1642.5209178455,1642.5209178455,1642.5209178455,1642.5209178455,1642.5209178455,1642.5209178455,1642.5209178455,1642.5209178455,1642.5209178455,1642.5209178455,1642.5209178455]},"BanditAgent":{"actual_clicks_reward_list":[20.0,28.0,22.0,25.0,14.0,27.0,21.0,32.0,22.0,21.0,21.0,28.0,25.0],"actual_watch_duration_reward_list":[1291.8060835185,1960.7879288773,1132.9341167629,1393.1140986747,1122.5700845425,1932.6740307293,1055.9305338706,1477.0806953332,1779.0476507869,1250.3265988493,1228.0973640028,1715.6726983316,1488.5504583579],"max_clicks_reward_list":[23.3842500115,23.3842500115,23.3842500115,23.3842500115,23.3842500115,23.3842500115,23.3842500115,23.3842500115,23.3842500115,23.3842500115,23.3842500115,23.3842500115,23.3842500115],"max_watch_duration_reward_list":[1642.5209178455,1642.5209178455,1642.5209178455,1642.5209178455,1642.5209178455,1642.5209178455,1642.5209178455,1642.5209178455,1642.5209178455,1642.5209178455,1642.5209178455,1642.5209178455,1642.5209178455]},"BucketSortingAgent":{"actual_clicks_reward_list":[21.0,26.0,17.0,16.0,21.0,25.0,24.0,28.0,25.0,14.0,19.0,15.0,31.0],"actual_watch_duration_reward_list":[1305.2575873351,1327.4598911177,634.6458739426,1281.6351349992,1551.0866126057,1228.0344028715,1293.9653738983,1632.3883220544,1214.7679549306,647.6069152538,830.4011214271,668.3333867777,1956.720703157],"max_clicks_reward_list":[23.3842500115,23.3842500115,23.3842500115,23.3842500115,23.3842500115,23.3842500115,23.3842500115,23.3842500115,23.3842500115,23.3842500115,23.3842500115,23.3842500115,23.3842500115],"max_watch_duration_reward_list":[1642.5209178455,1642.5209178455,1642.5209178455,1642.5209178455,1642.5209178455,1642.5209178455,1642.5209178455,1642.5209178455,1642.5209178455,1642.5209178455,1642.5209178455,1642.5209178455,1642.5209178455]},"BucketSortingWatchTimeAgent":{"actual_clicks_reward_list":[29.0,14.0,24.0,23.0,24.0,22.0,20.0,14.0,25.0,27.0,28.0,15.0,27.0],"actual_watch_duration_reward_list":[1993.0247220824,1051.5172802177,1313.2196585669,1558.0665416763,1436.4047941753,1725.3477207793,1153.6926527145,761.7913753102,1601.4780643628,1432.6612591799,2132.7380001369,875.6437256577,1974.8555041901],"max_clicks_reward_list":[23.3842500115,23.3842500115,23.3842500115,23.3842500115,23.3842500115,23.3842500115,23.3842500115,23.3842500115,23.3842500115,23.3842500115,23.3842500115,23.3842500115,23.3842500115],"max_watch_duration_reward_list":[1642.5209178455,1642.5209178455,1642.5209178455,1642.5209178455,1642.5209178455,1642.5209178455,1642.5209178455,1642.5209178455,1642.5209178455,1642.5209178455,1642.5209178455,1642.5209178455,1642.5209178455]},"PairWiseModelAgent":{"actual_clicks_reward_list":[26.0,19.0,16.0,18.0,13.0,27.0,21.0,28.0,24.0,19.0,24.0,30.0,22.0],"actual_watch_duration_reward_list":[1261.7750673314,1002.7835615466,1041.9357365844,848.5068296796,745.4267476061,1649.4668919246,1253.4329511742,1421.4991915764,1411.3126528876,1585.2215857837,1627.4962032494,1789.4247545103,1665.4532155956],"max_clicks_reward_list":[23.3842500115,23.3842500115,23.3842500115,23.3842500115,23.3842500115,23.3842500115,23.3842500115,23.3842500115,23.3842500115,23.3842500115,23.3842500115,23.3842500115,23.3842500115],"max_watch_duration_reward_list":[1642.5209178455,1642.5209178455,1642.5209178455,1642.5209178455,1642.5209178455,1642.5209178455,1642.5209178455,1642.5209178455,1642.5209178455,1642.5209178455,1642.5209178455,1642.5209178455,1642.5209178455]},"WeightedPairWiseModelAgent":{"actual_clicks_reward_list":[17.0,20.0,28.0,21.0,15.0,27.0,24.0,22.0,24.0,24.0,24.0,21.0,18.0],"actual_watch_duration_reward_list":[971.215959831,1151.2153991837,2186.8965334186,1721.0067593051,1366.0383226418,1613.6193658163,1312.4571647325,1402.3745448893,1862.8543805989,1947.5143487645,2254.77463809,1289.0218332029,837.9612601801],"max_clicks_reward_list":[23.3842500115,23.3842500115,23.3842500115,23.3842500115,23.3842500115,23.3842500115,23.3842500115,23.3842500115,23.3842500115,23.3842500115,23.3842500115,23.3842500115,23.3842500115],"max_watch_duration_reward_list":[1642.5209178455,1642.5209178455,1642.5209178455,1642.5209178455,1642.5209178455,1642.5209178455,1642.5209178455,1642.5209178455,1642.5209178455,1642.5209178455,1642.5209178455,1642.5209178455,1642.5209178455]}}