{"TweedieModelAgent":{"actual_clicks_reward_list":[17.0,24.0,12.0,18.0,17.0,19.0,21.0,20.0,13.0,15.0,23.0,15.0,14.0],"actual_watch_duration_reward_list":[920.6143834957,1196.8560220252,699.5528359868,759.7769079804,1046.2831119722,1333.3979630605,1213.0512966537,1284.5464743783,523.4978069783,990.2595568751,1339.4545703306,958.1656109758,800.941366028],"max_clicks_reward_list":[21.0660549611,21.0660549611,21.0660549611,21.0660549611,21.0660549611,21.0660549611,21.0660549611,21.0660549611,21.0660549611,21.0660549611,21.0660549611,21.0660549611,21.0660549611],"max_watch_duration_reward_list":[1457.5716928555,1457.5716928555,1457.5716928555,1457.5716928555,1457.5716928555,1457.5716928555,1457.5716928555,1457.5716928555,1457.5716928555,1457.5716928555,1457.5716928555,1457.5716928555,1457.5716928555]},"RegressionModelAgent":{"actual_clicks_reward_list":[18.0,24.0,21.0,24.0,23.0,19.0,21.0,19.0,10.0,25.0,27.0,20.0,26.0],"actual_watch_duration_reward_list":[1104.0729065107,1740.6843322322,1117.8842244594,911.7569902348,1660.7052793575,1260.1481447592,1261.3642435706,1159.0450323241,439.3893972152,1311.8026386302,1241.4734472234,803.8700081062,1605.3169557287],"max_clicks_reward_list":[21.0660549611,21.0660549611,21.0660549611,21.0660549611,21.0660549611,21.0660549611,21.0660549611,21.0660549611,21.0660549611,21.0660549611,21.0660549611,21.0660549611,21.0660549611],"max_watch_duration_reward_list":[1457.5716928555,1457.5716928555,1457.5716928555,1457.5716928555,1457.5716928555,1457.5716928555,1457.5716928555,1457.5716928555,1457.5716928555,1457.5716928555,1457.5716928555,1457.5716928555,1457.5716928555]},"WeightedPointWiseModelAgent":{"actual_clicks_reward_list":[17.0,25.0,18.0,24.0,17.0,11.0,23.0,21.0,19.0,20.0,14.0,17.0,12.0],"actual_watch_duration_reward_list":[777.2105706823,1331.1133624275,899.248339392,1004.3480517207,946.6411884695,506.2661541802,1478.9064357553,1401.0187937055,1013.3668887174,1053.7108027213,950.172364588,849.1825049764,610.4204960761],"max_clicks_reward_list":[21.0660549611,21.0660549611,21.0660549611,21.0660549611,21.0660549611,21.0660549611,21.0660549611,21.0660549611,21.0660549611,21.0660549611,21.0660549611,21.0660549611,21.0660549611],"max_watch_duration_reward_list":[1457.5716928555,1457.5716928555,1457.5716928555,1457.5716928555,1457.5716928555,1457.5716928555,1457.5716928555,1457.5716928555,1457.5716928555,1457.5716928555,1457.5716928555,1457.5716928555,1457.5716928555]},"PointWiseModelAgent":{"actual_clicks_reward_list":[19.0,23.0,25.0,23.0,15.0,27.0,15.0,17.0,19.0,19.0,16.0,17.0,17.0],"actual_watch_duration_reward_list":[1230.3845539889,1001.8114528951,987.0297604993,993.8287540408,642.15737546,1305.2608383569,782.5817875983,746.0866350581,867.2372264824,944.3503092449,717.9541738342,1201.951899056,1048.7757511167],"max_clicks_reward_list":[21.0660549611,21.0660549611,21.0660549611,21.0660549611,21.0660549611,21.0660549611,21.0660549611,21.0660549611,21.0660549611,21.0660549611,21.0660549611,21.0660549611,21.0660549611],"max_watch_duration_reward_list":[1457.5716928555,1457.5716928555,1457.5716928555,1457.5716928555,1457.5716928555,1457.5716928555,1457.5716928555,1457.5716928555,1457.5716928555,1457.5716928555,1457.5716928555,1457.5716928555,1457.5716928555]}}