{"TweedieModelAgent":{"actual_clicks_reward_list":[25.0,15.0,23.0,25.0,19.0,22.0,24.0,18.0,19.0,21.0,20.0,19.0,28.0],"actual_watch_duration_reward_list":[809.1157788236,738.9223680437,1135.7157837713,1402.6585346556,851.7920834396,921.855659928,1332.9400425706,894.6957842842,985.0140596264,1096.6184524868,1271.85519418,1165.9871414846,1592.2143291705],"max_clicks_reward_list":[22.0378037205,22.0378037205,22.0378037205,22.0378037205,22.0378037205,22.0378037205,22.0378037205,22.0378037205,22.0378037205,22.0378037205,22.0378037205,22.0378037205,22.0378037205],"max_watch_duration_reward_list":[1234.5811913645,1234.5811913645,1234.5811913645,1234.5811913645,1234.5811913645,1234.5811913645,1234.5811913645,1234.5811913645,1234.5811913645,1234.5811913645,1234.5811913645,1234.5811913645,1234.5811913645]},"RegressionModelAgent":{"actual_clicks_reward_list":[17.0,22.0,16.0,28.0,21.0,17.0,21.0,19.0,20.0,27.0,14.0,19.0,16.0],"actual_watch_duration_reward_list":[1092.6149898227,1318.2517910222,790.9310659778,1511.2351462446,1232.4164697784,877.0848780672,935.905915777,1024.6885659576,1235.624398887,1273.3873497705,1185.1344215469,947.4439451066,752.9014403934],"max_clicks_reward_list":[22.0378037205,22.0378037205,22.0378037205,22.0378037205,22.0378037205,22.0378037205,22.0378037205,22.0378037205,22.0378037205,22.0378037205,22.0378037205,22.0378037205,22.0378037205],"max_watch_duration_reward_list":[1234.5811913645,1234.5811913645,1234.5811913645,1234.5811913645,1234.5811913645,1234.5811913645,1234.5811913645,1234.5811913645,1234.5811913645,1234.5811913645,1234.5811913645,1234.5811913645,1234.5811913645]},"WeightedPointWiseModelAgent":{"actual_clicks_reward_list":[22.0,14.0,12.0,21.0,15.0,20.0,25.0,20.0,26.0,22.0,20.0,9.0,21.0],"actual_watch_duration_reward_list":[800.3111674852,589.0339913836,677.4529186927,1018.2643683414,718.5086460562,857.1261405069,1155.8239230665,739.8914979259,1563.2824773913,952.5632799462,1004.3479730689,440.8720925261,619.4198042644],"max_clicks_reward_list":[22.0378037205,22.0378037205,22.0378037205,22.0378037205,22.0378037205,22.0378037205,22.0378037205,22.0378037205,22.0378037205,22.0378037205,22.0378037205,22.0378037205,22.0378037205],"max_watch_duration_reward_list":[1234.5811913645,1234.5811913645,1234.5811913645,1234.5811913645,1234.5811913645,1234.5811913645,1234.5811913645,1234.5811913645,1234.5811913645,1234.5811913645,1234.5811913645,1234.5811913645,1234.5811913645]},"PointWiseModelAgent":{"actual_clicks_reward_list":[19.0,22.0,17.0,12.0,21.0,20.0,20.0,29.0,22.0,21.0,26.0,20.0,24.0],"actual_watch_duration_reward_list":[958.1448974091,870.3964687819,882.6206238596,440.1690635537,791.9216187081,581.1394900123,857.092418597,1335.1828082549,977.1637549165,892.2489654084,1233.2976607165,897.6526408535,869.7543114737],"max_clicks_reward_list":[22.0378037205,22.0378037205,22.0378037205,22.0378037205,22.0378037205,22.0378037205,22.0378037205,22.0378037205,22.0378037205,22.0378037205,22.0378037205,22.0378037205,22.0378037205],"max_watch_duration_reward_list":[1234.5811913645,1234.5811913645,1234.5811913645,1234.5811913645,1234.5811913645,1234.5811913645,1234.5811913645,1234.5811913645,1234.5811913645,1234.5811913645,1234.5811913645,1234.5811913645,1234.5811913645]}}