{"TweedieModelAgent":{"actual_clicks_reward_list":[4249.0,4233.0,4286.0,3732.0,3968.0,3908.0,3788.0,4142.0,4173.0,4163.0,4176.0,4297.0,4393.0],"actual_watch_duration_reward_list":[208790.7386944228,212011.4526593422,207476.7822318565,227158.5909248416,269768.010628465,258430.3026051436,287411.5590557609,323406.9673813904,312396.1440051844,324811.2769253436,321140.6027498884,339435.047019593,343328.3222770039],"max_clicks_reward_list":[5344.1512007326,5344.1512007326,5344.1512007326,5344.1512007326,5344.1512007326,5344.1512007326,5344.1512007326,5344.1512007326,5344.1512007326,5344.1512007326,5344.1512007326,5344.1512007326,5344.1512007326],"max_watch_duration_reward_list":[496253.3147713807,496253.3147713807,496253.3147713807,496253.3147713807,496253.3147713807,496253.3147713807,496253.3147713807,496253.3147713807,496253.3147713807,496253.3147713807,496253.3147713807,496253.3147713807,496253.3147713807]},"RegressionModelAgent":{"actual_clicks_reward_list":[4383.0,4264.0,4214.0,4276.0,4642.0,3883.0,3581.0,3709.0,4240.0,4058.0,4275.0,3976.0,4220.0],"actual_watch_duration_reward_list":[216349.9407271356,210652.7376038493,210883.7891529521,242219.258997995,341717.6077477586,257805.9510190176,167106.1177038045,187389.6787842954,225692.7254721475,277703.5116642353,276962.2248020751,228259.3099130032,270118.7432067943],"max_clicks_reward_list":[5344.1512007326,5344.1512007326,5344.1512007326,5344.1512007326,5344.1512007326,5344.1512007326,5344.1512007326,5344.1512007326,5344.1512007326,5344.1512007326,5344.1512007326,5344.1512007326,5344.1512007326],"max_watch_duration_reward_list":[496253.3147713807,496253.3147713807,496253.3147713807,496253.3147713807,496253.3147713807,496253.3147713807,496253.3147713807,496253.3147713807,496253.3147713807,496253.3147713807,496253.3147713807,496253.3147713807,496253.3147713807]},"WeightedPointWiseModelAgent":{"actual_clicks_reward_list":[4237.0,4190.0,4296.0,4441.0,4480.0,4383.0,4302.0,4474.0,4395.0,4400.0,4558.0,4612.0,4397.0],"actual_watch_duration_reward_list":[210760.8392208504,208025.0152746967,213181.1985036273,245228.7930017335,231687.0786077064,244403.1683217485,231693.8357340479,235010.1456379024,211422.3316230514,253222.8500962341,246315.8386789895,265108.7930432777,243287.6144238236],"max_clicks_reward_list":[5344.1512007326,5344.1512007326,5344.1512007326,5344.1512007326,5344.1512007326,5344.1512007326,5344.1512007326,5344.1512007326,5344.1512007326,5344.1512007326,5344.1512007326,5344.1512007326,5344.1512007326],"max_watch_duration_reward_list":[496253.3147713807,496253.3147713807,496253.3147713807,496253.3147713807,496253.3147713807,496253.3147713807,496253.3147713807,496253.3147713807,496253.3147713807,496253.3147713807,496253.3147713807,496253.3147713807,496253.3147713807]},"PointWiseModelAgent":{"actual_clicks_reward_list":[4187.0,4250.0,4065.0,3947.0,3845.0,4215.0,4411.0,4045.0,3982.0,3891.0,4618.0,4558.0,4709.0],"actual_watch_duration_reward_list":[205165.356111148,212274.7037288159,198658.0664730758,250499.0828915317,193772.7819742529,216096.8573481473,293606.0838630396,219381.778410345,259916.3022657719,257042.1217268218,295694.2111474055,278205.6481267911,300718.4870683555],"max_clicks_reward_list":[5344.1512007326,5344.1512007326,5344.1512007326,5344.1512007326,5344.1512007326,5344.1512007326,5344.1512007326,5344.1512007326,5344.1512007326,5344.1512007326,5344.1512007326,5344.1512007326,5344.1512007326],"max_watch_duration_reward_list":[496253.3147713807,496253.3147713807,496253.3147713807,496253.3147713807,496253.3147713807,496253.3147713807,496253.3147713807,496253.3147713807,496253.3147713807,496253.3147713807,496253.3147713807,496253.3147713807,496253.3147713807]}}