{"TweedieModelAgent":{"actual_clicks_reward_list":[4161.0,4231.0,4176.0,4107.0,4296.0,4239.0,4402.0,4307.0,4271.0,4329.0,4370.0,4333.0,4332.0],"actual_watch_duration_reward_list":[281904.5440841076,282195.2381061562,276871.9829276297,231322.3323672031,257664.4148000612,248250.1816687535,284858.0885780292,295991.710669272,325911.1139852753,371759.5204623165,377846.470099701,384575.1385007371,385114.1168852865],"max_clicks_reward_list":[5242.9005914763,5242.9005914763,5242.9005914763,5242.9005914763,5242.9005914763,5242.9005914763,5242.9005914763,5242.9005914763,5242.9005914763,5242.9005914763,5242.9005914763,5242.9005914763,5242.9005914763],"max_watch_duration_reward_list":[495489.1023025136,495489.1023025136,495489.1023025136,495489.1023025136,495489.1023025136,495489.1023025136,495489.1023025136,495489.1023025136,495489.1023025136,495489.1023025136,495489.1023025136,495489.1023025136,495489.1023025136]},"RegressionModelAgent":{"actual_clicks_reward_list":[4183.0,4229.0,4211.0,4200.0,3689.0,4447.0,4100.0,4498.0,3954.0,4014.0,4063.0,4361.0,4230.0],"actual_watch_duration_reward_list":[278283.9358597058,283165.6791149308,285373.9558763801,282543.9310605874,195476.5235571023,261327.6102795856,212141.0631440425,315230.4379212182,244279.4377609614,268918.1667205307,211628.6680765911,206776.4758541314,293796.8120256433],"max_clicks_reward_list":[5242.9005914763,5242.9005914763,5242.9005914763,5242.9005914763,5242.9005914763,5242.9005914763,5242.9005914763,5242.9005914763,5242.9005914763,5242.9005914763,5242.9005914763,5242.9005914763,5242.9005914763],"max_watch_duration_reward_list":[495489.1023025136,495489.1023025136,495489.1023025136,495489.1023025136,495489.1023025136,495489.1023025136,495489.1023025136,495489.1023025136,495489.1023025136,495489.1023025136,495489.1023025136,495489.1023025136,495489.1023025136]},"WeightedPointWiseModelAgent":{"actual_clicks_reward_list":[4385.0,4216.0,4247.0,4206.0,4096.0,4414.0,4447.0,4290.0,4248.0,4277.0,4239.0,4289.0,4353.0],"actual_watch_duration_reward_list":[295547.3231573668,279275.5824123933,284716.4574476081,226598.6689285593,194379.9216204169,279348.0866020339,276652.1102035944,286623.4147918414,269775.5777609809,285221.5258070461,271474.8187343739,268957.6686485361,282773.7322604118],"max_clicks_reward_list":[5242.9005914763,5242.9005914763,5242.9005914763,5242.9005914763,5242.9005914763,5242.9005914763,5242.9005914763,5242.9005914763,5242.9005914763,5242.9005914763,5242.9005914763,5242.9005914763,5242.9005914763],"max_watch_duration_reward_list":[495489.1023025136,495489.1023025136,495489.1023025136,495489.1023025136,495489.1023025136,495489.1023025136,495489.1023025136,495489.1023025136,495489.1023025136,495489.1023025136,495489.1023025136,495489.1023025136,495489.1023025136]},"PointWiseModelAgent":{"actual_clicks_reward_list":[4264.0,4282.0,4232.0,3922.0,3991.0,3551.0,4241.0,4575.0,4412.0,4147.0,4327.0,4456.0,4672.0],"actual_watch_duration_reward_list":[283712.7641571086,288492.4560715627,286319.5300196565,201994.6407485264,230009.5646290327,200707.2582119163,265215.0925986471,282651.7738632666,307242.8293312807,148724.2409495027,223482.6781870076,258696.1798847942,308352.000132096],"max_clicks_reward_list":[5242.9005914763,5242.9005914763,5242.9005914763,5242.9005914763,5242.9005914763,5242.9005914763,5242.9005914763,5242.9005914763,5242.9005914763,5242.9005914763,5242.9005914763,5242.9005914763,5242.9005914763],"max_watch_duration_reward_list":[495489.1023025136,495489.1023025136,495489.1023025136,495489.1023025136,495489.1023025136,495489.1023025136,495489.1023025136,495489.1023025136,495489.1023025136,495489.1023025136,495489.1023025136,495489.1023025136,495489.1023025136]}}