{"TweedieModelAgent":{"actual_clicks_reward_list":[2068.0,2017.0,2065.0,2082.0,2054.0,1866.0,1901.0,2093.0,2039.0,2122.0,2118.0,2107.0,2037.0],"actual_watch_duration_reward_list":[113275.935699207,113319.864680734,112425.174093106,156785.9199677159,141827.2090150666,111530.2686217119,122909.6211365591,181976.9006777961,174269.5375048227,142439.384295003,180307.0489926797,181838.9460377619,173827.9003595323],"max_clicks_reward_list":[2648.025782987,2648.025782987,2648.025782987,2648.025782987,2648.025782987,2648.025782987,2648.025782987,2648.025782987,2648.025782987,2648.025782987,2648.025782987,2648.025782987,2648.025782987],"max_watch_duration_reward_list":[220129.6440125715,220129.6440125715,220129.6440125715,220129.6440125715,220129.6440125715,220129.6440125715,220129.6440125715,220129.6440125715,220129.6440125715,220129.6440125715,220129.6440125715,220129.6440125715,220129.6440125715]},"RegressionModelAgent":{"actual_clicks_reward_list":[2096.0,1961.0,2026.0,2136.0,2122.0,2174.0,1797.0,1977.0,2159.0,2132.0,1978.0,2162.0,2249.0],"actual_watch_duration_reward_list":[117344.9531524195,110223.5191829441,110837.750708428,140850.5113407763,100579.9847930348,120305.1858339186,103041.1962780336,95282.1779590408,116444.001455946,132065.2644835643,127843.2466736683,124372.3434600107,181058.1987014231],"max_clicks_reward_list":[2648.025782987,2648.025782987,2648.025782987,2648.025782987,2648.025782987,2648.025782987,2648.025782987,2648.025782987,2648.025782987,2648.025782987,2648.025782987,2648.025782987,2648.025782987],"max_watch_duration_reward_list":[220129.6440125715,220129.6440125715,220129.6440125715,220129.6440125715,220129.6440125715,220129.6440125715,220129.6440125715,220129.6440125715,220129.6440125715,220129.6440125715,220129.6440125715,220129.6440125715,220129.6440125715]},"WeightedPointWiseModelAgent":{"actual_clicks_reward_list":[2038.0,2027.0,2055.0,2000.0,2026.0,2123.0,2019.0,2003.0,1996.0,2091.0,2064.0,2032.0,2012.0],"actual_watch_duration_reward_list":[112120.6072833823,108910.9842061808,113561.8241722929,114007.3403970374,117692.7552277201,119453.892780652,112783.738911319,114405.1140267099,103661.4445113131,116913.0586428668,113918.3831459481,114212.568046113,111907.0974076346],"max_clicks_reward_list":[2648.025782987,2648.025782987,2648.025782987,2648.025782987,2648.025782987,2648.025782987,2648.025782987,2648.025782987,2648.025782987,2648.025782987,2648.025782987,2648.025782987,2648.025782987],"max_watch_duration_reward_list":[220129.6440125715,220129.6440125715,220129.6440125715,220129.6440125715,220129.6440125715,220129.6440125715,220129.6440125715,220129.6440125715,220129.6440125715,220129.6440125715,220129.6440125715,220129.6440125715,220129.6440125715]},"PointWiseModelAgent":{"actual_clicks_reward_list":[2068.0,2063.0,2022.0,1969.0,2048.0,1962.0,2095.0,1813.0,1900.0,1988.0,2170.0,2176.0,2206.0],"actual_watch_duration_reward_list":[117293.292329132,112635.4613160323,106872.7112619413,140325.6795195203,109191.9885986385,112814.8949754603,129528.7015301607,117706.0953877935,106501.502808747,129423.7366657807,152198.814596333,151815.0646366765,168743.4768287563],"max_clicks_reward_list":[2648.025782987,2648.025782987,2648.025782987,2648.025782987,2648.025782987,2648.025782987,2648.025782987,2648.025782987,2648.025782987,2648.025782987,2648.025782987,2648.025782987,2648.025782987],"max_watch_duration_reward_list":[220129.6440125715,220129.6440125715,220129.6440125715,220129.6440125715,220129.6440125715,220129.6440125715,220129.6440125715,220129.6440125715,220129.6440125715,220129.6440125715,220129.6440125715,220129.6440125715,220129.6440125715]}}