{"TweedieModelAgent":{"actual_clicks_reward_list":[2064.0,2048.0,2096.0,1927.0,1788.0,2048.0,2236.0,1946.0,2239.0,2312.0,2254.0,2303.0,2381.0],"actual_watch_duration_reward_list":[109277.7329106018,106523.3707846071,107694.4346096422,117650.9030275344,107014.8116982513,133416.9589582678,121242.1835292622,115899.3376347189,156612.2645339805,176984.9232168461,171176.5130287219,177070.3746770494,176356.4717940151],"max_clicks_reward_list":[2599.191265645,2599.191265645,2599.191265645,2599.191265645,2599.191265645,2599.191265645,2599.191265645,2599.191265645,2599.191265645,2599.191265645,2599.191265645,2599.191265645,2599.191265645],"max_watch_duration_reward_list":[204625.4189213316,204625.4189213316,204625.4189213316,204625.4189213316,204625.4189213316,204625.4189213316,204625.4189213316,204625.4189213316,204625.4189213316,204625.4189213316,204625.4189213316,204625.4189213316,204625.4189213316]},"RegressionModelAgent":{"actual_clicks_reward_list":[2093.0,1910.0,2074.0,1896.0,1999.0,2310.0,2096.0,2203.0,1989.0,2118.0,1883.0,2061.0,2060.0],"actual_watch_duration_reward_list":[106257.1320579189,103672.002461415,109932.4964371908,96927.1971919638,118432.8979318728,120206.3599440795,111485.4517283837,110117.9779499394,128248.9916819587,147359.4663438736,101773.6855027676,133499.5451603307,125982.4626908921],"max_clicks_reward_list":[2599.191265645,2599.191265645,2599.191265645,2599.191265645,2599.191265645,2599.191265645,2599.191265645,2599.191265645,2599.191265645,2599.191265645,2599.191265645,2599.191265645,2599.191265645],"max_watch_duration_reward_list":[204625.4189213316,204625.4189213316,204625.4189213316,204625.4189213316,204625.4189213316,204625.4189213316,204625.4189213316,204625.4189213316,204625.4189213316,204625.4189213316,204625.4189213316,204625.4189213316,204625.4189213316]},"WeightedPointWiseModelAgent":{"actual_clicks_reward_list":[2081.0,2094.0,2026.0,2140.0,2162.0,2158.0,2170.0,2055.0,2159.0,2082.0,2105.0,2237.0,2203.0],"actual_watch_duration_reward_list":[110148.6070873383,108422.6210671178,103000.8098205724,127758.1315909897,126968.1532708213,131204.9119108306,126070.4603570044,124031.3082573942,125333.8454098808,124694.1595214371,131524.8422982765,138730.0304418301,137991.2231769246],"max_clicks_reward_list":[2599.191265645,2599.191265645,2599.191265645,2599.191265645,2599.191265645,2599.191265645,2599.191265645,2599.191265645,2599.191265645,2599.191265645,2599.191265645,2599.191265645,2599.191265645],"max_watch_duration_reward_list":[204625.4189213316,204625.4189213316,204625.4189213316,204625.4189213316,204625.4189213316,204625.4189213316,204625.4189213316,204625.4189213316,204625.4189213316,204625.4189213316,204625.4189213316,204625.4189213316,204625.4189213316]},"PointWiseModelAgent":{"actual_clicks_reward_list":[2053.0,2060.0,2037.0,2230.0,1901.0,1947.0,1977.0,2204.0,2019.0,2250.0,2230.0,2269.0,2246.0],"actual_watch_duration_reward_list":[108117.9916990858,111080.3134084291,110402.7534083117,78782.0589964215,108981.9655186951,125942.1604422006,98230.3852789787,106821.3476013058,119594.7781415457,111056.6193742798,79555.6390432176,106009.030151307,104157.514563611],"max_clicks_reward_list":[2599.191265645,2599.191265645,2599.191265645,2599.191265645,2599.191265645,2599.191265645,2599.191265645,2599.191265645,2599.191265645,2599.191265645,2599.191265645,2599.191265645,2599.191265645],"max_watch_duration_reward_list":[204625.4189213316,204625.4189213316,204625.4189213316,204625.4189213316,204625.4189213316,204625.4189213316,204625.4189213316,204625.4189213316,204625.4189213316,204625.4189213316,204625.4189213316,204625.4189213316,204625.4189213316]}}