{"TweedieModelAgent":{"actual_clicks_reward_list":[25.0,29.0,22.0,20.0,25.0,17.0,15.0,22.0,31.0,24.0,17.0,21.0,22.0],"actual_watch_duration_reward_list":[1486.3680352219,2172.0243813351,1335.1300512329,1314.2369122411,1888.6165345878,965.639647674,995.0025448234,1314.5777557511,2323.5672892977,1012.1608620583,1113.9847927568,1588.9448826615,2074.9321783287],"max_clicks_reward_list":[22.6428277758,22.6428277758,22.6428277758,22.6428277758,22.6428277758,22.6428277758,22.6428277758,22.6428277758,22.6428277758,22.6428277758,22.6428277758,22.6428277758,22.6428277758],"max_watch_duration_reward_list":[1741.7547991038,1741.7547991038,1741.7547991038,1741.7547991038,1741.7547991038,1741.7547991038,1741.7547991038,1741.7547991038,1741.7547991038,1741.7547991038,1741.7547991038,1741.7547991038,1741.7547991038]},"RegressionModelAgent":{"actual_clicks_reward_list":[23.0,18.0,20.0,21.0,20.0,23.0,23.0,27.0,32.0,19.0,22.0,21.0,21.0],"actual_watch_duration_reward_list":[1438.5050491439,1156.0224530826,1321.6973090834,1802.0778519011,1566.4887550791,1505.7648372406,1424.8513834021,1428.7512964861,2478.842985133,1318.9750444987,1924.1972983733,1636.4895238832,1644.2545467558],"max_clicks_reward_list":[22.6428277758,22.6428277758,22.6428277758,22.6428277758,22.6428277758,22.6428277758,22.6428277758,22.6428277758,22.6428277758,22.6428277758,22.6428277758,22.6428277758,22.6428277758],"max_watch_duration_reward_list":[1741.7547991038,1741.7547991038,1741.7547991038,1741.7547991038,1741.7547991038,1741.7547991038,1741.7547991038,1741.7547991038,1741.7547991038,1741.7547991038,1741.7547991038,1741.7547991038,1741.7547991038]},"WeightedPointWiseModelAgent":{"actual_clicks_reward_list":[21.0,21.0,26.0,26.0,19.0,23.0,18.0,21.0,20.0,24.0,24.0,30.0,26.0],"actual_watch_duration_reward_list":[1495.1595412659,1379.18516167,1736.6401726002,2130.9671984026,1566.8767512944,1907.6037018017,1455.8866064817,922.6468286317,1501.4822535343,1950.1174995265,2033.9075761639,2251.8836846627,1625.7933734743],"max_clicks_reward_list":[22.6428277758,22.6428277758,22.6428277758,22.6428277758,22.6428277758,22.6428277758,22.6428277758,22.6428277758,22.6428277758,22.6428277758,22.6428277758,22.6428277758,22.6428277758],"max_watch_duration_reward_list":[1741.7547991038,1741.7547991038,1741.7547991038,1741.7547991038,1741.7547991038,1741.7547991038,1741.7547991038,1741.7547991038,1741.7547991038,1741.7547991038,1741.7547991038,1741.7547991038,1741.7547991038]},"PointWiseModelAgent":{"actual_clicks_reward_list":[22.0,20.0,22.0,18.0,22.0,26.0,26.0,23.0,28.0,22.0,19.0,18.0,28.0],"actual_watch_duration_reward_list":[1656.3222939311,792.0041269214,1184.4879411272,1263.4290045529,1403.1662236025,1289.196960589,1767.2245673451,1265.5125695153,1352.4241252848,1006.4255548485,919.3739802003,838.5928163138,1465.2833648074],"max_clicks_reward_list":[22.6428277758,22.6428277758,22.6428277758,22.6428277758,22.6428277758,22.6428277758,22.6428277758,22.6428277758,22.6428277758,22.6428277758,22.6428277758,22.6428277758,22.6428277758],"max_watch_duration_reward_list":[1741.7547991038,1741.7547991038,1741.7547991038,1741.7547991038,1741.7547991038,1741.7547991038,1741.7547991038,1741.7547991038,1741.7547991038,1741.7547991038,1741.7547991038,1741.7547991038,1741.7547991038]}}