{"TweedieModelAgent":{"actual_clicks_reward_list":[29.0,21.0,23.0,21.0,14.0,18.0,23.0,18.0,28.0,21.0,14.0,17.0,23.0],"actual_watch_duration_reward_list":[1617.1188011049,1502.1996470453,1073.6286690718,1222.6649446598,683.8542400377,1248.4240343877,1318.4285841391,1338.3229599803,1702.8440891245,1466.4324776413,1169.4875125554,847.4217824521,1420.0220703799],"max_clicks_reward_list":[22.8332495222,22.8332495222,22.8332495222,22.8332495222,22.8332495222,22.8332495222,22.8332495222,22.8332495222,22.8332495222,22.8332495222,22.8332495222,22.8332495222,22.8332495222],"max_watch_duration_reward_list":[1511.6089978158,1511.6089978158,1511.6089978158,1511.6089978158,1511.6089978158,1511.6089978158,1511.6089978158,1511.6089978158,1511.6089978158,1511.6089978158,1511.6089978158,1511.6089978158,1511.6089978158]},"RegressionModelAgent":{"actual_clicks_reward_list":[28.0,29.0,15.0,21.0,12.0,17.0,26.0,19.0,10.0,19.0,21.0,24.0,19.0],"actual_watch_duration_reward_list":[1610.1905681857,2041.4066877456,904.5980306651,1013.3899107252,877.7489565853,927.1430568591,1657.0792803422,1163.2114175008,574.1244041228,1034.64418298,1184.1223254707,1970.5378346846,1343.5633506274],"max_clicks_reward_list":[22.8332495222,22.8332495222,22.8332495222,22.8332495222,22.8332495222,22.8332495222,22.8332495222,22.8332495222,22.8332495222,22.8332495222,22.8332495222,22.8332495222,22.8332495222],"max_watch_duration_reward_list":[1511.6089978158,1511.6089978158,1511.6089978158,1511.6089978158,1511.6089978158,1511.6089978158,1511.6089978158,1511.6089978158,1511.6089978158,1511.6089978158,1511.6089978158,1511.6089978158,1511.6089978158]},"WeightedPointWiseModelAgent":{"actual_clicks_reward_list":[22.0,23.0,28.0,17.0,21.0,18.0,18.0,23.0,26.0,22.0,20.0,21.0,16.0],"actual_watch_duration_reward_list":[841.5742798653,1491.9886165349,2029.6527120539,1023.4448505723,1635.4024244717,997.9273205104,1183.2899176786,1370.8538792222,1881.132812337,1605.3441919408,1385.4674893238,1588.8511148153,1281.9765890337],"max_clicks_reward_list":[22.8332495222,22.8332495222,22.8332495222,22.8332495222,22.8332495222,22.8332495222,22.8332495222,22.8332495222,22.8332495222,22.8332495222,22.8332495222,22.8332495222,22.8332495222],"max_watch_duration_reward_list":[1511.6089978158,1511.6089978158,1511.6089978158,1511.6089978158,1511.6089978158,1511.6089978158,1511.6089978158,1511.6089978158,1511.6089978158,1511.6089978158,1511.6089978158,1511.6089978158,1511.6089978158]},"PointWiseModelAgent":{"actual_clicks_reward_list":[20.0,24.0,24.0,24.0,17.0,21.0,21.0,18.0,26.0,22.0,7.0,16.0,24.0],"actual_watch_duration_reward_list":[1312.7037261437,1482.7917310134,1230.1391089946,1342.9343239006,744.7020131685,1383.503900207,1181.363437433,1451.531345798,1221.0284205985,902.8568945258,585.8782959285,1141.8833242131,1745.5029444289],"max_clicks_reward_list":[22.8332495222,22.8332495222,22.8332495222,22.8332495222,22.8332495222,22.8332495222,22.8332495222,22.8332495222,22.8332495222,22.8332495222,22.8332495222,22.8332495222,22.8332495222],"max_watch_duration_reward_list":[1511.6089978158,1511.6089978158,1511.6089978158,1511.6089978158,1511.6089978158,1511.6089978158,1511.6089978158,1511.6089978158,1511.6089978158,1511.6089978158,1511.6089978158,1511.6089978158,1511.6089978158]}}