{"TweedieModelAgent":{"actual_clicks_reward_list":[1094.0,1105.0,1125.0,1045.0,1111.0,1200.0,1145.0,1145.0,1125.0,1070.0,1116.0,1136.0,1178.0],"actual_watch_duration_reward_list":[56761.972341377,56537.21080219,62056.1894637635,68744.3104490239,74963.0143748271,79255.5866768865,79995.8238261906,80873.7611785905,77058.1027918217,76680.1265273209,79135.1554688795,80496.8995392649,81297.1417979969],"max_clicks_reward_list":[1288.0494939342,1288.0494939342,1288.0494939342,1288.0494939342,1288.0494939342,1288.0494939342,1288.0494939342,1288.0494939342,1288.0494939342,1288.0494939342,1288.0494939342,1288.0494939342,1288.0494939342],"max_watch_duration_reward_list":[104108.9744022657,104108.9744022657,104108.9744022657,104108.9744022657,104108.9744022657,104108.9744022657,104108.9744022657,104108.9744022657,104108.9744022657,104108.9744022657,104108.9744022657,104108.9744022657,104108.9744022657]},"RegressionModelAgent":{"actual_clicks_reward_list":[1114.0,1159.0,1110.0,1057.0,891.0,1002.0,1051.0,979.0,1060.0,1050.0,957.0,995.0,944.0],"actual_watch_duration_reward_list":[63089.8432819979,63052.01935027,59462.798028639,55951.7083271762,39255.6394654358,73459.4499873067,58872.3623155256,52894.394526038,70029.0739217884,78856.7920358397,69951.6783201209,75754.6762236793,65025.8428418067],"max_clicks_reward_list":[1288.0494939342,1288.0494939342,1288.0494939342,1288.0494939342,1288.0494939342,1288.0494939342,1288.0494939342,1288.0494939342,1288.0494939342,1288.0494939342,1288.0494939342,1288.0494939342,1288.0494939342],"max_watch_duration_reward_list":[104108.9744022657,104108.9744022657,104108.9744022657,104108.9744022657,104108.9744022657,104108.9744022657,104108.9744022657,104108.9744022657,104108.9744022657,104108.9744022657,104108.9744022657,104108.9744022657,104108.9744022657]},"WeightedPointWiseModelAgent":{"actual_clicks_reward_list":[1116.0,1065.0,1144.0,1119.0,1057.0,1045.0,1108.0,1102.0,1069.0,1096.0,1138.0,1114.0,1118.0],"actual_watch_duration_reward_list":[60952.8687589207,56068.6488780138,62379.9908263321,64718.9564057854,56436.0109688104,59081.8499501048,69687.7717720953,70298.4881355335,66273.8310473739,65070.7394612881,71168.6323215885,65954.9430120922,72086.8993868694],"max_clicks_reward_list":[1288.0494939342,1288.0494939342,1288.0494939342,1288.0494939342,1288.0494939342,1288.0494939342,1288.0494939342,1288.0494939342,1288.0494939342,1288.0494939342,1288.0494939342,1288.0494939342,1288.0494939342],"max_watch_duration_reward_list":[104108.9744022657,104108.9744022657,104108.9744022657,104108.9744022657,104108.9744022657,104108.9744022657,104108.9744022657,104108.9744022657,104108.9744022657,104108.9744022657,104108.9744022657,104108.9744022657,104108.9744022657]},"PointWiseModelAgent":{"actual_clicks_reward_list":[1087.0,1120.0,1117.0,1010.0,968.0,1040.0,1094.0,1102.0,1076.0,1131.0,1036.0,1136.0,1162.0],"actual_watch_duration_reward_list":[55388.9402770826,58352.4107810498,58459.6110554288,55751.7033750529,49842.8891409424,42973.3272654999,56838.2072283171,59311.1767746082,50377.7450894493,60767.0964562376,54305.0826108736,51649.4595118541,57756.2846798194],"max_clicks_reward_list":[1288.0494939342,1288.0494939342,1288.0494939342,1288.0494939342,1288.0494939342,1288.0494939342,1288.0494939342,1288.0494939342,1288.0494939342,1288.0494939342,1288.0494939342,1288.0494939342,1288.0494939342],"max_watch_duration_reward_list":[104108.9744022657,104108.9744022657,104108.9744022657,104108.9744022657,104108.9744022657,104108.9744022657,104108.9744022657,104108.9744022657,104108.9744022657,104108.9744022657,104108.9744022657,104108.9744022657,104108.9744022657]}}