{"TweedieModelAgent":{"actual_clicks_reward_list":[4208.0,4215.0,4211.0,3818.0,3794.0,4395.0,4401.0,4433.0,4287.0,4442.0,4711.0,4462.0,4504.0],"actual_watch_duration_reward_list":[245157.7354140592,246986.2502859727,250603.662516186,222063.7348328111,210391.4044569914,280415.1371471729,304292.6627999012,340908.2070195219,343895.8268812191,365948.7237155727,376671.8326339974,365043.3040729731,362666.0862712913],"max_clicks_reward_list":[5157.3344862609,5157.3344862609,5157.3344862609,5157.3344862609,5157.3344862609,5157.3344862609,5157.3344862609,5157.3344862609,5157.3344862609,5157.3344862609,5157.3344862609,5157.3344862609,5157.3344862609],"max_watch_duration_reward_list":[431713.6453502879,431713.6453502879,431713.6453502879,431713.6453502879,431713.6453502879,431713.6453502879,431713.6453502879,431713.6453502879,431713.6453502879,431713.6453502879,431713.6453502879,431713.6453502879,431713.6453502879]},"RegressionModelAgent":{"actual_clicks_reward_list":[4193.0,4183.0,4280.0,4054.0,3883.0,3966.0,4216.0,4549.0,4284.0,3973.0,4582.0,4106.0,4255.0],"actual_watch_duration_reward_list":[247282.2881208931,249271.1094752244,252506.6607379172,171808.3209812627,257775.3005402749,203423.123001209,237216.8489052225,211077.452740777,230758.6402853831,234940.3104387286,269831.8929914933,298846.7018548272,272255.7846042634],"max_clicks_reward_list":[5157.3344862609,5157.3344862609,5157.3344862609,5157.3344862609,5157.3344862609,5157.3344862609,5157.3344862609,5157.3344862609,5157.3344862609,5157.3344862609,5157.3344862609,5157.3344862609,5157.3344862609],"max_watch_duration_reward_list":[431713.6453502879,431713.6453502879,431713.6453502879,431713.6453502879,431713.6453502879,431713.6453502879,431713.6453502879,431713.6453502879,431713.6453502879,431713.6453502879,431713.6453502879,431713.6453502879,431713.6453502879]},"WeightedPointWiseModelAgent":{"actual_clicks_reward_list":[4175.0,4214.0,4170.0,3954.0,4318.0,4268.0,4230.0,4203.0,4221.0,4243.0,4056.0,4260.0,4179.0],"actual_watch_duration_reward_list":[244580.8468776891,248846.7926661049,247077.6522610684,224279.7773305698,235200.6636659251,245623.0308241203,234871.0613919531,236936.8829230098,254116.4653660746,257783.4947774685,239766.8823474784,259958.1718125454,252314.1122753847],"max_clicks_reward_list":[5157.3344862609,5157.3344862609,5157.3344862609,5157.3344862609,5157.3344862609,5157.3344862609,5157.3344862609,5157.3344862609,5157.3344862609,5157.3344862609,5157.3344862609,5157.3344862609,5157.3344862609],"max_watch_duration_reward_list":[431713.6453502879,431713.6453502879,431713.6453502879,431713.6453502879,431713.6453502879,431713.6453502879,431713.6453502879,431713.6453502879,431713.6453502879,431713.6453502879,431713.6453502879,431713.6453502879,431713.6453502879]},"PointWiseModelAgent":{"actual_clicks_reward_list":[4248.0,4242.0,4240.0,3598.0,3978.0,3989.0,3495.0,3873.0,3928.0,3803.0,4492.0,4625.0,4752.0],"actual_watch_duration_reward_list":[240301.0274414495,246368.4210751052,251975.8011702198,220282.2138533066,229356.9856447935,200245.3988799396,198850.0108608013,226122.2463631658,203494.542434405,244139.3882698572,258550.2557135471,243284.881302121,266323.9058933933],"max_clicks_reward_list":[5157.3344862609,5157.3344862609,5157.3344862609,5157.3344862609,5157.3344862609,5157.3344862609,5157.3344862609,5157.3344862609,5157.3344862609,5157.3344862609,5157.3344862609,5157.3344862609,5157.3344862609],"max_watch_duration_reward_list":[431713.6453502879,431713.6453502879,431713.6453502879,431713.6453502879,431713.6453502879,431713.6453502879,431713.6453502879,431713.6453502879,431713.6453502879,431713.6453502879,431713.6453502879,431713.6453502879,431713.6453502879]}}