{"TweedieModelAgent":{"actual_clicks_reward_list":[2019.0,2000.0,2059.0,1937.0,2014.0,2125.0,2142.0,2055.0,2004.0,2028.0,2023.0,2120.0,1966.0],"actual_watch_duration_reward_list":[87385.8972836905,87480.7429344001,89917.134516055,110101.6948070789,108488.4958719969,133081.7909730126,138964.6753222611,126476.975302644,132543.7815847932,144951.3104560343,137046.165464484,148138.842296653,140471.9903175845],"max_clicks_reward_list":[2603.2180127066,2603.2180127066,2603.2180127066,2603.2180127066,2603.2180127066,2603.2180127066,2603.2180127066,2603.2180127066,2603.2180127066,2603.2180127066,2603.2180127066,2603.2180127066,2603.2180127066],"max_watch_duration_reward_list":[212167.0094440239,212167.0094440239,212167.0094440239,212167.0094440239,212167.0094440239,212167.0094440239,212167.0094440239,212167.0094440239,212167.0094440239,212167.0094440239,212167.0094440239,212167.0094440239,212167.0094440239]},"WeightedPointWiseModelAgent":{"actual_clicks_reward_list":[2034.0,2076.0,2112.0,1968.0,2046.0,1952.0,2035.0,1948.0,2050.0,2089.0,2035.0,2073.0,1977.0],"actual_watch_duration_reward_list":[92737.3782198257,92331.6548516586,99579.9831986693,121153.6787394057,120307.7619443242,121265.5600118105,120258.116678451,115042.3056741389,127138.6780912872,131366.4135736749,119380.3864227117,131954.3137499937,136001.8581867789],"max_clicks_reward_list":[2603.2180127066,2603.2180127066,2603.2180127066,2603.2180127066,2603.2180127066,2603.2180127066,2603.2180127066,2603.2180127066,2603.2180127066,2603.2180127066,2603.2180127066,2603.2180127066,2603.2180127066],"max_watch_duration_reward_list":[212167.0094440239,212167.0094440239,212167.0094440239,212167.0094440239,212167.0094440239,212167.0094440239,212167.0094440239,212167.0094440239,212167.0094440239,212167.0094440239,212167.0094440239,212167.0094440239,212167.0094440239]},"PointWiseModelAgent":{"actual_clicks_reward_list":[2038.0,2066.0,2171.0,1875.0,2121.0,2258.0,2250.0,2244.0,2288.0,2202.0,2355.0,2247.0,2285.0],"actual_watch_duration_reward_list":[90612.3857393681,92282.5625326695,96459.1019774223,118412.0283108482,125866.9192991375,120543.9090521998,127399.1942870041,135716.725134413,137903.5874795614,129036.785498352,154190.5203787457,140872.0371944623,134108.8730975489],"max_clicks_reward_list":[2603.2180127066,2603.2180127066,2603.2180127066,2603.2180127066,2603.2180127066,2603.2180127066,2603.2180127066,2603.2180127066,2603.2180127066,2603.2180127066,2603.2180127066,2603.2180127066,2603.2180127066],"max_watch_duration_reward_list":[212167.0094440239,212167.0094440239,212167.0094440239,212167.0094440239,212167.0094440239,212167.0094440239,212167.0094440239,212167.0094440239,212167.0094440239,212167.0094440239,212167.0094440239,212167.0094440239,212167.0094440239]}}