{"TweedieModelAgent":{"actual_clicks_reward_list":[1135.0,1090.0,1088.0,1025.0,1107.0,1159.0,1096.0,1228.0,1150.0,1195.0,1133.0,1160.0,1197.0],"actual_watch_duration_reward_list":[60769.8523982701,61087.9271274294,59062.7378484955,59407.3475448127,67747.7044353372,77681.0369082117,76587.6877074249,76829.7322125726,77781.2777486501,79093.7511708099,75635.6526887234,75001.8013838486,74335.7021342642],"max_clicks_reward_list":[1272.9048196544,1272.9048196544,1272.9048196544,1272.9048196544,1272.9048196544,1272.9048196544,1272.9048196544,1272.9048196544,1272.9048196544,1272.9048196544,1272.9048196544,1272.9048196544,1272.9048196544],"max_watch_duration_reward_list":[108436.5853175239,108436.5853175239,108436.5853175239,108436.5853175239,108436.5853175239,108436.5853175239,108436.5853175239,108436.5853175239,108436.5853175239,108436.5853175239,108436.5853175239,108436.5853175239,108436.5853175239]},"RegressionModelAgent":{"actual_clicks_reward_list":[1173.0,1104.0,1083.0,1037.0,927.0,998.0,1093.0,1004.0,989.0,1046.0,1131.0,1102.0,1155.0],"actual_watch_duration_reward_list":[62278.6105079519,60871.8736582119,57484.9471265845,61570.7627637395,54383.8014775657,64808.8152261668,76581.1477418188,69602.1950541272,66923.0636966801,53216.9943910318,75348.5502101995,80001.5270206545,80266.8991065137],"max_clicks_reward_list":[1272.9048196544,1272.9048196544,1272.9048196544,1272.9048196544,1272.9048196544,1272.9048196544,1272.9048196544,1272.9048196544,1272.9048196544,1272.9048196544,1272.9048196544,1272.9048196544,1272.9048196544],"max_watch_duration_reward_list":[108436.5853175239,108436.5853175239,108436.5853175239,108436.5853175239,108436.5853175239,108436.5853175239,108436.5853175239,108436.5853175239,108436.5853175239,108436.5853175239,108436.5853175239,108436.5853175239,108436.5853175239]},"WeightedPointWiseModelAgent":{"actual_clicks_reward_list":[1131.0,1176.0,1143.0,1049.0,993.0,1054.0,987.0,1015.0,1110.0,1119.0,1061.0,1080.0,1094.0],"actual_watch_duration_reward_list":[63796.2625623616,62851.9802859914,65209.4236444133,55789.8507423487,50566.0002186174,56772.0584069229,53199.2611390609,54074.5607020379,64691.942796688,65771.6252757486,64000.8901083953,67475.1822458462,65998.761499102],"max_clicks_reward_list":[1272.9048196544,1272.9048196544,1272.9048196544,1272.9048196544,1272.9048196544,1272.9048196544,1272.9048196544,1272.9048196544,1272.9048196544,1272.9048196544,1272.9048196544,1272.9048196544,1272.9048196544],"max_watch_duration_reward_list":[108436.5853175239,108436.5853175239,108436.5853175239,108436.5853175239,108436.5853175239,108436.5853175239,108436.5853175239,108436.5853175239,108436.5853175239,108436.5853175239,108436.5853175239,108436.5853175239,108436.5853175239]},"PointWiseModelAgent":{"actual_clicks_reward_list":[1081.0,1151.0,1095.0,908.0,1036.0,1117.0,945.0,899.0,972.0,948.0,1215.0,1126.0,1192.0],"actual_watch_duration_reward_list":[58237.1018141078,64452.8196376805,58041.9780800331,55487.7394122109,67203.5211362083,65773.6803692218,43629.0802943901,63188.6778894597,53173.2068981078,51579.7493977104,54242.5533244446,43078.5763130127,48798.7047890001],"max_clicks_reward_list":[1272.9048196544,1272.9048196544,1272.9048196544,1272.9048196544,1272.9048196544,1272.9048196544,1272.9048196544,1272.9048196544,1272.9048196544,1272.9048196544,1272.9048196544,1272.9048196544,1272.9048196544],"max_watch_duration_reward_list":[108436.5853175239,108436.5853175239,108436.5853175239,108436.5853175239,108436.5853175239,108436.5853175239,108436.5853175239,108436.5853175239,108436.5853175239,108436.5853175239,108436.5853175239,108436.5853175239,108436.5853175239]},"BanditAgent":{"actual_clicks_reward_list":[1131.0,1138.0,1146.0,935.0,1001.0,1067.0,996.0,1007.0,1036.0,1012.0,1085.0,1057.0,1016.0],"actual_watch_duration_reward_list":[61810.9348179138,66125.4262038361,64356.8952252315,54078.7529606955,55106.9654875575,60800.666698115,57668.6428723697,56901.1705865161,58598.3494333728,58821.3739087035,59628.1965673816,56648.515677615,55929.0993880965],"max_clicks_reward_list":[1272.9048196544,1272.9048196544,1272.9048196544,1272.9048196544,1272.9048196544,1272.9048196544,1272.9048196544,1272.9048196544,1272.9048196544,1272.9048196544,1272.9048196544,1272.9048196544,1272.9048196544],"max_watch_duration_reward_list":[108436.5853175239,108436.5853175239,108436.5853175239,108436.5853175239,108436.5853175239,108436.5853175239,108436.5853175239,108436.5853175239,108436.5853175239,108436.5853175239,108436.5853175239,108436.5853175239,108436.5853175239]},"BucketSortingAgent":{"actual_clicks_reward_list":[1110.0,1139.0,1142.0,1073.0,1179.0,1181.0,1174.0,1102.0,1185.0,1132.0,1120.0,1121.0,1208.0],"actual_watch_duration_reward_list":[60287.2564229354,63205.8754046754,65046.8408288566,56859.9062257342,61133.9882657269,63518.8782376255,61309.650408954,59254.3531460737,60289.9662174146,58721.3834982333,58980.603707758,55759.3742186419,59646.8079942999],"max_clicks_reward_list":[1272.9048196544,1272.9048196544,1272.9048196544,1272.9048196544,1272.9048196544,1272.9048196544,1272.9048196544,1272.9048196544,1272.9048196544,1272.9048196544,1272.9048196544,1272.9048196544,1272.9048196544],"max_watch_duration_reward_list":[108436.5853175239,108436.5853175239,108436.5853175239,108436.5853175239,108436.5853175239,108436.5853175239,108436.5853175239,108436.5853175239,108436.5853175239,108436.5853175239,108436.5853175239,108436.5853175239,108436.5853175239]},"BucketSortingWatchTimeAgent":{"actual_clicks_reward_list":[1146.0,1134.0,1072.0,1066.0,1105.0,1146.0,1050.0,1144.0,1099.0,1127.0,1110.0,1143.0,1149.0],"actual_watch_duration_reward_list":[62882.7253198668,62732.2784272839,61358.4371498762,58487.0997969914,61092.8461468119,61988.185695181,59385.1297493287,61768.1014232382,64037.3653789096,61814.6933267582,61014.6483949329,65891.6082682832,70339.8056757463],"max_clicks_reward_list":[1272.9048196544,1272.9048196544,1272.9048196544,1272.9048196544,1272.9048196544,1272.9048196544,1272.9048196544,1272.9048196544,1272.9048196544,1272.9048196544,1272.9048196544,1272.9048196544,1272.9048196544],"max_watch_duration_reward_list":[108436.5853175239,108436.5853175239,108436.5853175239,108436.5853175239,108436.5853175239,108436.5853175239,108436.5853175239,108436.5853175239,108436.5853175239,108436.5853175239,108436.5853175239,108436.5853175239,108436.5853175239]},"PairWiseModelAgent":{"actual_clicks_reward_list":[1107.0,1109.0,1164.0,973.0,941.0,1054.0,962.0,993.0,984.0,1011.0,997.0,963.0,1024.0],"actual_watch_duration_reward_list":[60671.1020253832,62553.6704462144,64635.557520584,53093.095261514,64866.855257231,47408.5790280279,43931.4031156559,48469.3315911688,50328.578531384,46749.581449741,45978.9775255826,40452.5132791229,47829.2210462392],"max_clicks_reward_list":[1272.9048196544,1272.9048196544,1272.9048196544,1272.9048196544,1272.9048196544,1272.9048196544,1272.9048196544,1272.9048196544,1272.9048196544,1272.9048196544,1272.9048196544,1272.9048196544,1272.9048196544],"max_watch_duration_reward_list":[108436.5853175239,108436.5853175239,108436.5853175239,108436.5853175239,108436.5853175239,108436.5853175239,108436.5853175239,108436.5853175239,108436.5853175239,108436.5853175239,108436.5853175239,108436.5853175239,108436.5853175239]},"WeightedPairWiseModelAgent":{"actual_clicks_reward_list":[1188.0,1105.0,1163.0,1119.0,895.0,1003.0,1011.0,1098.0,1049.0,999.0,1098.0,1069.0,1070.0],"actual_watch_duration_reward_list":[65356.8359145945,62300.8760538941,63298.2494215341,66000.247115937,61139.1083654508,72805.3236624578,83583.7300884285,83779.1494147652,84912.3670260159,80822.8827831311,81520.6006407578,85693.8476597969,85217.3481413066],"max_clicks_reward_list":[1272.9048196544,1272.9048196544,1272.9048196544,1272.9048196544,1272.9048196544,1272.9048196544,1272.9048196544,1272.9048196544,1272.9048196544,1272.9048196544,1272.9048196544,1272.9048196544,1272.9048196544],