{"TweedieModelAgent":{"actual_clicks_reward_list":[206.0,182.0,173.0,181.0,202.0,228.0,171.0,207.0,189.0,183.0,213.0,189.0,202.0],"actual_watch_duration_reward_list":[10730.1405366874,9362.7643512096,7818.9331039647,9457.8316024234,11846.2791892124,14133.0770226435,8579.0146979619,14682.1752791963,13432.9550790697,12281.3175430398,14099.3211841599,12025.4036970129,13962.1420370637],"max_clicks_reward_list":[242.6009642678,242.6009642678,242.6009642678,242.6009642678,242.6009642678,242.6009642678,242.6009642678,242.6009642678,242.6009642678,242.6009642678,242.6009642678,242.6009642678,242.6009642678],"max_watch_duration_reward_list":[18360.6463485372,18360.6463485372,18360.6463485372,18360.6463485372,18360.6463485372,18360.6463485372,18360.6463485372,18360.6463485372,18360.6463485372,18360.6463485372,18360.6463485372,18360.6463485372,18360.6463485372]},"WeightedPointWiseModelAgent":{"actual_clicks_reward_list":[163.0,167.0,195.0,190.0,185.0,194.0,211.0,199.0,197.0,196.0,177.0,183.0,178.0],"actual_watch_duration_reward_list":[7791.7622652853,8540.2484814895,11437.6109205811,8320.9448883821,10016.7754315135,12320.9872189114,11108.6250997187,12122.5937523019,11765.2795106344,10048.4003335688,9985.6750121505,9583.1886483909,9467.8827046097],"max_clicks_reward_list":[242.6009642678,242.6009642678,242.6009642678,242.6009642678,242.6009642678,242.6009642678,242.6009642678,242.6009642678,242.6009642678,242.6009642678,242.6009642678,242.6009642678,242.6009642678],"max_watch_duration_reward_list":[18360.6463485372,18360.6463485372,18360.6463485372,18360.6463485372,18360.6463485372,18360.6463485372,18360.6463485372,18360.6463485372,18360.6463485372,18360.6463485372,18360.6463485372,18360.6463485372,18360.6463485372]},"PointWiseModelAgent":{"actual_clicks_reward_list":[204.0,176.0,187.0,216.0,178.0,191.0,204.0,183.0,213.0,231.0,211.0,233.0,220.0],"actual_watch_duration_reward_list":[11020.0813252716,10440.564387317,9235.0600083647,13449.5262817691,10655.9440532846,11751.4744885135,13203.5850401735,11037.6342118797,12465.5616803954,9337.4160225453,10089.4915843723,11232.6728707388,10364.9194362739],"max_clicks_reward_list":[242.6009642678,242.6009642678,242.6009642678,242.6009642678,242.6009642678,242.6009642678,242.6009642678,242.6009642678,242.6009642678,242.6009642678,242.6009642678,242.6009642678,242.6009642678],"max_watch_duration_reward_list":[18360.6463485372,18360.6463485372,18360.6463485372,18360.6463485372,18360.6463485372,18360.6463485372,18360.6463485372,18360.6463485372,18360.6463485372,18360.6463485372,18360.6463485372,18360.6463485372,18360.6463485372]},"BanditAgent":{"actual_clicks_reward_list":[180.0,180.0,203.0,199.0,205.0,212.0,193.0,221.0,227.0,205.0,204.0,201.0,203.0],"actual_watch_duration_reward_list":[9304.9219663884,9804.7361557524,9582.1445575453,10454.45369528,11221.9099290889,11501.0594485571,10981.8968982839,12981.9360754654,13143.777879039,10272.2329185505,11522.778010504,11800.8001316706,11411.5091644841],"max_clicks_reward_list":[242.6009642678,242.6009642678,242.6009642678,242.6009642678,242.6009642678,242.6009642678,242.6009642678,242.6009642678,242.6009642678,242.6009642678,242.6009642678,242.6009642678,242.6009642678],"max_watch_duration_reward_list":[18360.6463485372,18360.6463485372,18360.6463485372,18360.6463485372,18360.6463485372,18360.6463485372,18360.6463485372,18360.6463485372,18360.6463485372,18360.6463485372,18360.6463485372,18360.6463485372,18360.6463485372]},"BucketSortingAgent":{"actual_clicks_reward_list":[188.0,202.0,196.0,224.0,244.0,237.0,251.0,256.0,213.0,215.0,217.0,263.0,247.0],"actual_watch_duration_reward_list":[9003.0043287085,11637.9345267593,10442.2229052881,12123.9223617358,11510.0941776207,11111.7182810496,12285.5733911067,12086.095555588,9737.8631945315,10245.4533540508,10090.6223682484,12624.9898088604,10517.808526453],"max_clicks_reward_list":[242.6009642678,242.6009642678,242.6009642678,242.6009642678,242.6009642678,242.6009642678,242.6009642678,242.6009642678,242.6009642678,242.6009642678,242.6009642678,242.6009642678,242.6009642678],"max_watch_duration_reward_list":[18360.6463485372,18360.6463485372,18360.6463485372,18360.6463485372,18360.6463485372,18360.6463485372,18360.6463485372,18360.6463485372,18360.6463485372,18360.6463485372,18360.6463485372,18360.6463485372,18360.6463485372]},"BucketSortingWatchTimeAgent":{"actual_clicks_reward_list":[178.0,185.0,204.0,194.0,198.0,201.0,232.0,212.0,232.0,217.0,209.0,203.0,219.0],"actual_watch_duration_reward_list":[8967.5639638517,9524.9501806798,10624.4420213959,13014.251475655,11299.547212781,12344.3074186277,14280.7130692999,13111.3996239067,14555.9467283866,12102.2730509064,11961.9179957704,11806.8756198155,13371.846203454],"max_clicks_reward_list":[242.6009642678,242.6009642678,242.6009642678,242.6009642678,242.6009642678,242.6009642678,242.6009642678,242.6009642678,242.6009642678,242.6009642678,242.6009642678,242.6009642678,242.6009642678],"max_watch_duration_reward_list":[18360.6463485372,18360.6463485372,18360.6463485372,18360.6463485372,18360.6463485372,18360.6463485372,18360.6463485372,18360.6463485372,18360.6463485372,18360.6463485372,18360.6463485372,18360.6463485372,18360.6463485372]},"PairWiseModelAgent":{"actual_clicks_reward_list":[166.0,158.0,184.0,241.0,229.0,219.0,229.0,198.0,192.0,193.0,219.0,228.0,223.0],"actual_watch_duration_reward_list":[7809.0083265694,8804.9537796142,10312.4348070183,14018.1282920651,14649.2903117365,12058.0959841655,12554.248322491,10858.2365714736,11807.1242634839,11997.0815938091,12554.2644174668,13317.0505934404,13051.6864974358],"max_clicks_reward_list":[242.6009642678,242.6009642678,242.6009642678,242.6009642678,242.6009642678,242.6009642678,242.6009642678,242.6009642678,242.6009642678,242.6009642678,242.6009642678,242.6009642678,242.6009642678],"max_watch_duration_reward_list":[18360.6463485372,18360.6463485372,18360.6463485372,18360.6463485372,18360.6463485372,18360.6463485372,18360.6463485372,18360.6463485372,18360.6463485372,18360.6463485372,18360.6463485372,18360.6463485372,18360.6463485372]},"WeightedPairWiseModelAgent":{"actual_clicks_reward_list":[193.0,199.0,184.0,211.0,222.0,213.0,212.0,215.0,186.0,191.0,158.0,204.0,200.0],"actual_watch_duration_reward_list":[10845.0348649505,11040.3744334805,10118.8069459396,11184.1490841942,12086.5209449868,12783.328200838,13573.8849768428,13572.7482267084,11924.4469410663,12899.9136800814,10078.7520491568,13811.7527050802,13538.4638793131],"max_clicks_reward_list":[242.6009642678,242.6009642678,242.6009642678,242.6009642678,242.6009642678,242.6009642678,242.6009642678,242.6009642678,242.6009642678,242.6009642678,242.6009642678,242.6009642678,242.6009642678],"max_watch_duration_reward_list":[18360.6463485372,18360.6463485372,18360.6463485372,18360.6463485372,18360.6463485372,18360.6463485372,18360.6463485372,18360.6463485372,18360.6463485372,18360.6463485372,18360.6463485372,18360.6463485372,18360.6463485372]}}