{"TweedieModelAgent":{"actual_clicks_reward_list":[2052.0,2035.0,2009.0,2106.0,1947.0,1896.0,1947.0,2147.0,2008.0,1882.0,2034.0,2046.0,2168.0],"actual_watch_duration_reward_list":[119686.6135048162,118163.5534684167,117990.2828058794,105403.8729135934,86447.4663046007,93113.0247974565,128949.181720239,117564.7133551999,131592.0770461762,137546.1345193694,150205.528388377,152100.2685426616,155769.8157629253],"max_clicks_reward_list":[2540.1523577994,2540.1523577994,2540.1523577994,2540.1523577994,2540.1523577994,2540.1523577994,2540.1523577994,2540.1523577994,2540.1523577994,2540.1523577994,2540.1523577994,2540.1523577994,2540.1523577994],"max_watch_duration_reward_list":[214454.6162458423,214454.6162458423,214454.6162458423,214454.6162458423,214454.6162458423,214454.6162458423,214454.6162458423,214454.6162458423,214454.6162458423,214454.6162458423,214454.6162458423,214454.6162458423,214454.6162458423]},"RegressionModelAgent":{"actual_clicks_reward_list":[2078.0,2026.0,1978.0,2307.0,1815.0,1961.0,1987.0,2178.0,2093.0,2102.0,2093.0,2338.0,2176.0],"actual_watch_duration_reward_list":[122602.4346209,121625.6079966132,116351.7803573707,153987.7755566346,81589.5518241818,104445.9542615606,118822.6003381883,103575.294112677,136266.5682546785,138759.7429977664,144891.0348392264,128410.4729337305,141744.7042230274],"max_clicks_reward_list":[2540.1523577994,2540.1523577994,2540.1523577994,2540.1523577994,2540.1523577994,2540.1523577994,2540.1523577994,2540.1523577994,2540.1523577994,2540.1523577994,2540.1523577994,2540.1523577994,2540.1523577994],"max_watch_duration_reward_list":[214454.6162458423,214454.6162458423,214454.6162458423,214454.6162458423,214454.6162458423,214454.6162458423,214454.6162458423,214454.6162458423,214454.6162458423,214454.6162458423,214454.6162458423,214454.6162458423,214454.6162458423]},"WeightedPointWiseModelAgent":{"actual_clicks_reward_list":[2096.0,2034.0,2036.0,2067.0,2110.0,2138.0,2160.0,2198.0,2075.0,2183.0,2068.0,2182.0,2119.0],"actual_watch_duration_reward_list":[121815.4672941968,118136.8779548169,116444.2783035328,131302.1548476117,127471.4001299766,133757.5352235018,139292.4317240681,145906.4461240869,138401.8637366483,137595.9250031203,130613.2887401741,142208.5182078774,136149.4467775646],"max_clicks_reward_list":[2540.1523577994,2540.1523577994,2540.1523577994,2540.1523577994,2540.1523577994,2540.1523577994,2540.1523577994,2540.1523577994,2540.1523577994,2540.1523577994,2540.1523577994,2540.1523577994,2540.1523577994],"max_watch_duration_reward_list":[214454.6162458423,214454.6162458423,214454.6162458423,214454.6162458423,214454.6162458423,214454.6162458423,214454.6162458423,214454.6162458423,214454.6162458423,214454.6162458423,214454.6162458423,214454.6162458423,214454.6162458423]},"PointWiseModelAgent":{"actual_clicks_reward_list":[2054.0,1999.0,2104.0,1902.0,1978.0,2204.0,1685.0,2066.0,1992.0,2051.0,2363.0,2309.0,2388.0],"actual_watch_duration_reward_list":[117200.017735282,114614.304339304,120880.9397267199,102206.5079815342,113597.6489730779,111981.6718942399,105995.1518534861,96304.3148305083,127543.6618209519,130880.649034535,134002.6643508637,105655.469333544,131524.7542822907],"max_clicks_reward_list":[2540.1523577994,2540.1523577994,2540.1523577994,2540.1523577994,2540.1523577994,2540.1523577994,2540.1523577994,2540.1523577994,2540.1523577994,2540.1523577994,2540.1523577994,2540.1523577994,2540.1523577994],"max_watch_duration_reward_list":[214454.6162458423,214454.6162458423,214454.6162458423,214454.6162458423,214454.6162458423,214454.6162458423,214454.6162458423,214454.6162458423,214454.6162458423,214454.6162458423,214454.6162458423,214454.6162458423,214454.6162458423]}}