{"TweedieModelAgent":{"actual_clicks_reward_list":[2102.0,2021.0,2051.0,1850.0,1961.0,2111.0,2060.0,2020.0,2085.0,1913.0,2086.0,2077.0,2197.0],"actual_watch_duration_reward_list":[113258.625748363,105733.6880997056,107555.7750885131,77081.9315232437,124443.4387594302,104439.5127022972,120832.9875106409,147915.7907143415,142347.7753523802,140543.5643604936,166043.3032306203,164180.506066989,175665.8372465279],"max_clicks_reward_list":[2653.965832148,2653.965832148,2653.965832148,2653.965832148,2653.965832148,2653.965832148,2653.965832148,2653.965832148,2653.965832148,2653.965832148,2653.965832148,2653.965832148,2653.965832148],"max_watch_duration_reward_list":[213235.7210318714,213235.7210318714,213235.7210318714,213235.7210318714,213235.7210318714,213235.7210318714,213235.7210318714,213235.7210318714,213235.7210318714,213235.7210318714,213235.7210318714,213235.7210318714,213235.7210318714]},"RegressionModelAgent":{"actual_clicks_reward_list":[2021.0,2056.0,2077.0,1968.0,2081.0,2045.0,2151.0,2092.0,1843.0,1971.0,1799.0,1946.0,1930.0],"actual_watch_duration_reward_list":[103756.5895237749,109531.0820660895,106075.2893428251,99972.4593002092,138681.7619857646,101825.6837855986,127442.6032303286,145698.8998943214,121605.8155822894,108774.9858619372,92473.4135258673,136303.2405484647,104573.9085470532],"max_clicks_reward_list":[2653.965832148,2653.965832148,2653.965832148,2653.965832148,2653.965832148,2653.965832148,2653.965832148,2653.965832148,2653.965832148,2653.965832148,2653.965832148,2653.965832148,2653.965832148],"max_watch_duration_reward_list":[213235.7210318714,213235.7210318714,213235.7210318714,213235.7210318714,213235.7210318714,213235.7210318714,213235.7210318714,213235.7210318714,213235.7210318714,213235.7210318714,213235.7210318714,213235.7210318714,213235.7210318714]},"WeightedPointWiseModelAgent":{"actual_clicks_reward_list":[2093.0,1976.0,2091.0,1956.0,1914.0,1983.0,1964.0,1881.0,1921.0,1934.0,1880.0,1975.0,1954.0],"actual_watch_duration_reward_list":[110053.6005883384,103420.0767745472,109609.6892722069,102228.1938392153,118811.3781062647,105914.2638785656,101308.9307029934,105767.2263689258,107379.0334236764,111537.2224028859,109321.9674599158,111390.7835522361,109146.0241861605],"max_clicks_reward_list":[2653.965832148,2653.965832148,2653.965832148,2653.965832148,2653.965832148,2653.965832148,2653.965832148,2653.965832148,2653.965832148,2653.965832148,2653.965832148,2653.965832148,2653.965832148],"max_watch_duration_reward_list":[213235.7210318714,213235.7210318714,213235.7210318714,213235.7210318714,213235.7210318714,213235.7210318714,213235.7210318714,213235.7210318714,213235.7210318714,213235.7210318714,213235.7210318714,213235.7210318714,213235.7210318714]},"PointWiseModelAgent":{"actual_clicks_reward_list":[2018.0,1996.0,2101.0,2006.0,1855.0,1940.0,2059.0,1962.0,2063.0,2138.0,2130.0,2092.0,2037.0],"actual_watch_duration_reward_list":[105543.4468662575,104917.958067434,108731.4580963317,91149.3463111191,100374.1337049297,102451.4564782705,97878.9442723017,113746.4648782749,143847.3176305998,131810.7722876406,90717.9922955749,109036.7175861179,128270.3867215352],"max_clicks_reward_list":[2653.965832148,2653.965832148,2653.965832148,2653.965832148,2653.965832148,2653.965832148,2653.965832148,2653.965832148,2653.965832148,2653.965832148,2653.965832148,2653.965832148,2653.965832148],"max_watch_duration_reward_list":[213235.7210318714,213235.7210318714,213235.7210318714,213235.7210318714,213235.7210318714,213235.7210318714,213235.7210318714,213235.7210318714,213235.7210318714,213235.7210318714,213235.7210318714,213235.7210318714,213235.7210318714]}}