{"TweedieModelAgent":{"actual_clicks_reward_list":[4359.0,4248.0,4205.0,3963.0,4128.0,4240.0,3757.0,3812.0,3955.0,4117.0,4163.0,4430.0,4470.0],"actual_watch_duration_reward_list":[272940.1694069288,267926.3328209707,258705.0363533699,211726.6491003013,202717.6471065644,234927.3984499633,249865.979001704,279920.6125400088,298759.1531162212,302781.9203819363,322247.3312713807,327257.5584509242,328352.4103077281],"max_clicks_reward_list":[5330.8538053698,5330.8538053698,5330.8538053698,5330.8538053698,5330.8538053698,5330.8538053698,5330.8538053698,5330.8538053698,5330.8538053698,5330.8538053698,5330.8538053698,5330.8538053698,5330.8538053698],"max_watch_duration_reward_list":[455333.7459874856,455333.7459874856,455333.7459874856,455333.7459874856,455333.7459874856,455333.7459874856,455333.7459874856,455333.7459874856,455333.7459874856,455333.7459874856,455333.7459874856,455333.7459874856,455333.7459874856]},"RegressionModelAgent":{"actual_clicks_reward_list":[4230.0,4202.0,4329.0,4135.0,4233.0,3684.0,3881.0,4264.0,4248.0,3969.0,3802.0,4223.0,4327.0],"actual_watch_duration_reward_list":[266719.7553936349,256564.0227255452,269283.1059722572,201791.209605853,294513.8369420273,217332.3434525268,221470.3814287237,259886.0425963515,202921.3552572443,306785.3479332826,230648.3702485818,223960.2438759982,277754.3901830029],"max_clicks_reward_list":[5330.8538053698,5330.8538053698,5330.8538053698,5330.8538053698,5330.8538053698,5330.8538053698,5330.8538053698,5330.8538053698,5330.8538053698,5330.8538053698,5330.8538053698,5330.8538053698,5330.8538053698],"max_watch_duration_reward_list":[455333.7459874856,455333.7459874856,455333.7459874856,455333.7459874856,455333.7459874856,455333.7459874856,455333.7459874856,455333.7459874856,455333.7459874856,455333.7459874856,455333.7459874856,455333.7459874856,455333.7459874856]},"WeightedPointWiseModelAgent":{"actual_clicks_reward_list":[4172.0,4277.0,4334.0,4177.0,4225.0,4356.0,4362.0,4270.0,4427.0,4342.0,4363.0,4400.0,4420.0],"actual_watch_duration_reward_list":[259366.4408684607,263563.3830751134,274885.5882845377,219671.434596232,256693.6497200065,263375.7132805217,275862.3568145596,271621.0631363882,285845.9099368697,284474.2238689371,278390.5335804411,274426.0827805169,289906.8331364467],"max_clicks_reward_list":[5330.8538053698,5330.8538053698,5330.8538053698,5330.8538053698,5330.8538053698,5330.8538053698,5330.8538053698,5330.8538053698,5330.8538053698,5330.8538053698,5330.8538053698,5330.8538053698,5330.8538053698],"max_watch_duration_reward_list":[455333.7459874856,455333.7459874856,455333.7459874856,455333.7459874856,455333.7459874856,455333.7459874856,455333.7459874856,455333.7459874856,455333.7459874856,455333.7459874856,455333.7459874856,455333.7459874856,455333.7459874856]},"PointWiseModelAgent":{"actual_clicks_reward_list":[4282.0,4149.0,4298.0,3911.0,4029.0,4063.0,4240.0,4041.0,4348.0,3663.0,4139.0,4175.0,4077.0],"actual_watch_duration_reward_list":[265182.968410897,259902.9195022707,270956.1087375666,196559.7189898938,209678.6020909176,204495.063271071,238984.29770722,240941.639246702,218512.629723673,238749.402573226,219679.1808182831,214573.3493559191,231416.754421651],"max_clicks_reward_list":[5330.8538053698,5330.8538053698,5330.8538053698,5330.8538053698,5330.8538053698,5330.8538053698,5330.8538053698,5330.8538053698,5330.8538053698,5330.8538053698,5330.8538053698,5330.8538053698,5330.8538053698],"max_watch_duration_reward_list":[455333.7459874856,455333.7459874856,455333.7459874856,455333.7459874856,455333.7459874856,455333.7459874856,455333.7459874856,455333.7459874856,455333.7459874856,455333.7459874856,455333.7459874856,455333.7459874856,455333.7459874856]}}