{"TweedieModelAgent":{"actual_clicks_reward_list":[4190.0,4241.0,4262.0,4391.0,4229.0,4294.0,4364.0,4282.0,4323.0,4249.0,4264.0,4381.0,4219.0],"actual_watch_duration_reward_list":[217342.0590328424,213509.6278313815,215688.3799794718,245202.0848595751,268085.0974895862,296617.7832596484,311830.2634355178,326820.8465710828,334969.6838463832,334279.2724661404,335248.542909839,326821.0512029416,331033.5846429597],"max_clicks_reward_list":[5160.9602785834,5160.9602785834,5160.9602785834,5160.9602785834,5160.9602785834,5160.9602785834,5160.9602785834,5160.9602785834,5160.9602785834,5160.9602785834,5160.9602785834,5160.9602785834,5160.9602785834],"max_watch_duration_reward_list":[451129.6805937946,451129.6805937946,451129.6805937946,451129.6805937946,451129.6805937946,451129.6805937946,451129.6805937946,451129.6805937946,451129.6805937946,451129.6805937946,451129.6805937946,451129.6805937946,451129.6805937946]},"RegressionModelAgent":{"actual_clicks_reward_list":[4208.0,4269.0,4308.0,4339.0,4202.0,4006.0,4182.0,3708.0,3695.0,4235.0,4530.0,4396.0,4205.0],"actual_watch_duration_reward_list":[210540.1669896682,219663.9823813817,220108.8181507627,214130.6289802644,212897.5442984006,214785.5408942442,320648.3874867887,222826.5965244524,224876.2614370384,261454.8908351702,312883.4915064038,204307.4522242446,236820.5543661885],"max_clicks_reward_list":[5160.9602785834,5160.9602785834,5160.9602785834,5160.9602785834,5160.9602785834,5160.9602785834,5160.9602785834,5160.9602785834,5160.9602785834,5160.9602785834,5160.9602785834,5160.9602785834,5160.9602785834],"max_watch_duration_reward_list":[451129.6805937946,451129.6805937946,451129.6805937946,451129.6805937946,451129.6805937946,451129.6805937946,451129.6805937946,451129.6805937946,451129.6805937946,451129.6805937946,451129.6805937946,451129.6805937946,451129.6805937946]},"WeightedPointWiseModelAgent":{"actual_clicks_reward_list":[4273.0,4175.0,4233.0,4198.0,4480.0,4427.0,4074.0,4233.0,4538.0,4341.0,4476.0,4414.0,4475.0],"actual_watch_duration_reward_list":[220273.5905643316,217135.1772583468,225975.6004075574,223168.59566019,223107.3605507691,270908.3172869219,226458.1556953114,239043.5422491185,261751.1821484124,253820.2177118391,258775.2913646859,259868.9830266413,260258.6991522055],"max_clicks_reward_list":[5160.9602785834,5160.9602785834,5160.9602785834,5160.9602785834,5160.9602785834,5160.9602785834,5160.9602785834,5160.9602785834,5160.9602785834,5160.9602785834,5160.9602785834,5160.9602785834,5160.9602785834],"max_watch_duration_reward_list":[451129.6805937946,451129.6805937946,451129.6805937946,451129.6805937946,451129.6805937946,451129.6805937946,451129.6805937946,451129.6805937946,451129.6805937946,451129.6805937946,451129.6805937946,451129.6805937946,451129.6805937946]},"PointWiseModelAgent":{"actual_clicks_reward_list":[4296.0,4283.0,4240.0,4159.0,4039.0,4104.0,3650.0,3302.0,3674.0,3933.0,4210.0,3832.0,4168.0],"actual_watch_duration_reward_list":[228208.9139580909,221309.6767502047,221320.8825538476,258237.8480635546,205070.6668616637,211270.7129461128,185533.507778335,172384.917341435,237246.5676538771,172403.638323612,271335.9767734763,203751.5041340865,299823.588993747],"max_clicks_reward_list":[5160.9602785834,5160.9602785834,5160.9602785834,5160.9602785834,5160.9602785834,5160.9602785834,5160.9602785834,5160.9602785834,5160.9602785834,5160.9602785834,5160.9602785834,5160.9602785834,5160.9602785834],"max_watch_duration_reward_list":[451129.6805937946,451129.6805937946,451129.6805937946,451129.6805937946,451129.6805937946,451129.6805937946,451129.6805937946,451129.6805937946,451129.6805937946,451129.6805937946,451129.6805937946,451129.6805937946,451129.6805937946]}}