{"TweedieModelAgent":{"actual_clicks_reward_list":[1118.0,1122.0,1109.0,1124.0,967.0,1045.0,1052.0,1068.0,1194.0,1164.0,1093.0,1096.0,1131.0],"actual_watch_duration_reward_list":[69725.7521099081,70150.537994464,69138.2248727742,61793.2831027914,61889.0135541508,80286.7312059767,60007.7436388543,76763.0323980934,94555.7425268917,92732.2162333663,85166.5291379448,85039.2666899685,90641.9975209103],"max_clicks_reward_list":[1348.9459955939,1348.9459955939,1348.9459955939,1348.9459955939,1348.9459955939,1348.9459955939,1348.9459955939,1348.9459955939,1348.9459955939,1348.9459955939,1348.9459955939,1348.9459955939,1348.9459955939],"max_watch_duration_reward_list":[103060.0445534231,103060.0445534231,103060.0445534231,103060.0445534231,103060.0445534231,103060.0445534231,103060.0445534231,103060.0445534231,103060.0445534231,103060.0445534231,103060.0445534231,103060.0445534231,103060.0445534231]},"RegressionModelAgent":{"actual_clicks_reward_list":[1074.0,1089.0,1095.0,1042.0,913.0,829.0,959.0,1087.0,913.0,937.0,1092.0,1004.0,1086.0],"actual_watch_duration_reward_list":[64420.6018237121,66355.0618812512,67435.2078295149,51976.1608732287,56116.8547423122,41244.4860178068,52159.0995472215,72444.8994040452,62645.5295961469,51962.5725197239,79175.8960585052,70535.3292312458,75269.0695701594],"max_clicks_reward_list":[1348.9459955939,1348.9459955939,1348.9459955939,1348.9459955939,1348.9459955939,1348.9459955939,1348.9459955939,1348.9459955939,1348.9459955939,1348.9459955939,1348.9459955939,1348.9459955939,1348.9459955939],"max_watch_duration_reward_list":[103060.0445534231,103060.0445534231,103060.0445534231,103060.0445534231,103060.0445534231,103060.0445534231,103060.0445534231,103060.0445534231,103060.0445534231,103060.0445534231,103060.0445534231,103060.0445534231,103060.0445534231]},"WeightedPointWiseModelAgent":{"actual_clicks_reward_list":[1098.0,1168.0,1164.0,1064.0,1076.0,1030.0,1126.0,1117.0,1112.0,1140.0,1097.0,1108.0,1158.0],"actual_watch_duration_reward_list":[69416.3052668595,71973.645076562,69813.6736104686,64110.2485691453,65255.1971035585,63349.2105638804,75126.6813343161,81990.4743380735,73954.401534805,77786.5372967547,76051.8656096372,79259.1966406839,82551.7506692527],"max_clicks_reward_list":[1348.9459955939,1348.9459955939,1348.9459955939,1348.9459955939,1348.9459955939,1348.9459955939,1348.9459955939,1348.9459955939,1348.9459955939,1348.9459955939,1348.9459955939,1348.9459955939,1348.9459955939],"max_watch_duration_reward_list":[103060.0445534231,103060.0445534231,103060.0445534231,103060.0445534231,103060.0445534231,103060.0445534231,103060.0445534231,103060.0445534231,103060.0445534231,103060.0445534231,103060.0445534231,103060.0445534231,103060.0445534231]},"PointWiseModelAgent":{"actual_clicks_reward_list":[1121.0,1049.0,1104.0,916.0,1071.0,913.0,852.0,1005.0,1092.0,1208.0,1242.0,1252.0,1294.0],"actual_watch_duration_reward_list":[67096.5286139285,61412.8221755667,68650.8976328191,63013.06559683,57812.4382911044,56628.492487609,49938.4379815978,47521.8100652354,64945.0795459325,71769.130598749,81529.8100618883,82076.4844060493,81753.6143152119],"max_clicks_reward_list":[1348.9459955939,1348.9459955939,1348.9459955939,1348.9459955939,1348.9459955939,1348.9459955939,1348.9459955939,1348.9459955939,1348.9459955939,1348.9459955939,1348.9459955939,1348.9459955939,1348.9459955939],"max_watch_duration_reward_list":[103060.0445534231,103060.0445534231,103060.0445534231,103060.0445534231,103060.0445534231,103060.0445534231,103060.0445534231,103060.0445534231,103060.0445534231,103060.0445534231,103060.0445534231,103060.0445534231,103060.0445534231]},"BanditAgent":{"actual_clicks_reward_list":[1128.0,1115.0,1082.0,978.0,986.0,999.0,1033.0,1032.0,1017.0,1072.0,984.0,1015.0,1026.0],"actual_watch_duration_reward_list":[69774.2998013025,69347.5025866756,68134.7645450016,54291.8686829331,56677.4100753293,54679.2022863708,59947.5590357025,58403.3291377818,54757.2197912802,62411.6758466342,57481.041119312,58519.9723466272,57998.3515347213],"max_clicks_reward_list":[1348.9459955939,1348.9459955939,1348.9459955939,1348.9459955939,1348.9459955939,1348.9459955939,1348.9459955939,1348.9459955939,1348.9459955939,1348.9459955939,1348.9459955939,1348.9459955939,1348.9459955939],"max_watch_duration_reward_list":[103060.0445534231,103060.0445534231,103060.0445534231,103060.0445534231,103060.0445534231,103060.0445534231,103060.0445534231,103060.0445534231,103060.0445534231,103060.0445534231,103060.0445534231,103060.0445534231,103060.0445534231]},"BucketSortingAgent":{"actual_clicks_reward_list":[1148.0,1095.0,1123.0,1080.0,1168.0,1089.0,1113.0,1093.0,1067.0,1106.0,1154.0,1085.0,1107.0],"actual_watch_duration_reward_list":[68427.0990043025,67766.9832533615,69917.5149974166,65937.8414177993,72686.167160904,66285.4932750181,68586.4785786977,68770.901057862,64263.0097360282,68003.9645053722,70422.2822522134,67472.8850535766,67129.0834436997],"max_clicks_reward_list":[1348.9459955939,1348.9459955939,1348.9459955939,1348.9459955939,1348.9459955939,1348.9459955939,1348.9459955939,1348.9459955939,1348.9459955939,1348.9459955939,1348.9459955939,1348.9459955939,1348.9459955939],"max_watch_duration_reward_list":[103060.0445534231,103060.0445534231,103060.0445534231,103060.0445534231,103060.0445534231,103060.0445534231,103060.0445534231,103060.0445534231,103060.0445534231,103060.0445534231,103060.0445534231,103060.0445534231,103060.0445534231]},"BucketSortingWatchTimeAgent":{"actual_clicks_reward_list":[1141.0,1135.0,1146.0,1104.0,1080.0,1107.0,1164.0,1072.0,1143.0,1129.0,1085.0,1139.0,1155.0],"actual_watch_duration_reward_list":[68576.7213024751,70636.2218933366,70040.8019995298,78368.8606373156,81932.3576154448,79748.4447159816,82366.9555683784,77127.145106897,79622.0778167609,80780.6041573208,78124.8145960222,81639.4790033585,83923.0783567129],"max_clicks_reward_list":[1348.9459955939,1348.9459955939,1348.9459955939,1348.9459955939,1348.9459955939,1348.9459955939,1348.9459955939,1348.9459955939,1348.9459955939,1348.9459955939,1348.9459955939,1348.9459955939,1348.9459955939],"max_watch_duration_reward_list":[103060.0445534231,103060.0445534231,103060.0445534231,103060.0445534231,103060.0445534231,103060.0445534231,103060.0445534231,103060.0445534231,103060.0445534231,103060.0445534231,103060.0445534231,103060.0445534231,103060.0445534231]},"PairWiseModelAgent":{"actual_clicks_reward_list":[1115.0,1100.0,1146.0,1012.0,952.0,951.0,1127.0,1093.0,1025.0,1115.0,1089.0,1086.0,1187.0],"actual_watch_duration_reward_list":[66931.5668799472,67358.0985232747,70047.2877446508,59818.6528968416,51186.9266464737,67909.2694268269,65636.6246687419,63321.7471200212,70118.6365814478,73302.6138412753,69717.1317451141,74488.1762395938,80831.8679810246],"max_clicks_reward_list":[1348.9459955939,1348.9459955939,1348.9459955939,1348.9459955939,1348.9459955939,1348.9459955939,1348.9459955939,1348.9459955939,1348.9459955939,1348.9459955939,1348.9459955939,1348.9459955939,1348.9459955939],"max_watch_duration_reward_list":[103060.0445534231,103060.0445534231,103060.0445534231,103060.0445534231,103060.0445534231,103060.0445534231,103060.0445534231,103060.0445534231,103060.0445534231,103060.0445534231,103060.0445534231,103060.0445534231,103060.0445534231]},"WeightedPairWiseModelAgent":{"actual_clicks_reward_list":[1112.0,1137.0,1183.0,958.0,1052.0,1008.0,1034.0,1032.0,1029.0,1092.0,1053.0,1047.0,1052.0],"actual_watch_duration_reward_list":[66232.3680776514,69226.9408288693,73772.2156635931,61791.0623908033,64701.8558319976,52013.5577607131,62575.6382655535,75992.3549110516,74699.844418631,77100.5293989354,80867.5173169822,75346.0025090062,77747.2139544996],"max_clicks_reward_list":[1348.9459955939,1348.9459955939,1348.9459955939,1348.9459955939,1348.9459955939,1348.9459955939,1348.9459955939,1348.9459955939,1348.9459955939,1348.9459955939,1348.9459955939,1348.9459955939,1348.9459955939],