{"TweedieModelAgent":{"actual_clicks_reward_list":[12.0,26.0,18.0,24.0,22.0,18.0,16.0,24.0,20.0,31.0,27.0,12.0,20.0],"actual_watch_duration_reward_list":[645.8835464457,1703.3490475001,1078.5671879598,1224.4948299402,1137.5453746844,1182.6324687727,1066.1041984437,1182.8037375966,1295.2551248857,2208.6899139222,1836.19490193,676.4581058636,1136.0449133151],"max_clicks_reward_list":[21.8087920693,21.8087920693,21.8087920693,21.8087920693,21.8087920693,21.8087920693,21.8087920693,21.8087920693,21.8087920693,21.8087920693,21.8087920693,21.8087920693,21.8087920693],"max_watch_duration_reward_list":[1524.2035920922,1524.2035920922,1524.2035920922,1524.2035920922,1524.2035920922,1524.2035920922,1524.2035920922,1524.2035920922,1524.2035920922,1524.2035920922,1524.2035920922,1524.2035920922,1524.2035920922]},"WeightedPointWiseModelAgent":{"actual_clicks_reward_list":[19.0,22.0,14.0,19.0,21.0,22.0,20.0,15.0,22.0,23.0,20.0,24.0,17.0],"actual_watch_duration_reward_list":[1371.1162967789,1587.1526034156,1356.450357448,1643.8591555044,1117.0033984907,1874.8937289624,940.3044883946,999.678728322,1360.1666835395,1284.4585625844,1254.3238767919,1630.2044460957,1094.1444653559],"max_clicks_reward_list":[21.8087920693,21.8087920693,21.8087920693,21.8087920693,21.8087920693,21.8087920693,21.8087920693,21.8087920693,21.8087920693,21.8087920693,21.8087920693,21.8087920693,21.8087920693],"max_watch_duration_reward_list":[1524.2035920922,1524.2035920922,1524.2035920922,1524.2035920922,1524.2035920922,1524.2035920922,1524.2035920922,1524.2035920922,1524.2035920922,1524.2035920922,1524.2035920922,1524.2035920922,1524.2035920922]},"PointWiseModelAgent":{"actual_clicks_reward_list":[16.0,21.0,16.0,10.0,16.0,20.0,20.0,23.0,18.0,17.0,20.0,22.0,16.0],"actual_watch_duration_reward_list":[1287.1899094987,1279.603101429,544.9649450217,516.987069704,1295.2585771315,966.6481580107,1043.913397001,1885.9061502529,900.0092978787,744.9924303555,732.1397320029,1136.5443912312,584.7878211677],"max_clicks_reward_list":[21.8087920693,21.8087920693,21.8087920693,21.8087920693,21.8087920693,21.8087920693,21.8087920693,21.8087920693,21.8087920693,21.8087920693,21.8087920693,21.8087920693,21.8087920693],"max_watch_duration_reward_list":[1524.2035920922,1524.2035920922,1524.2035920922,1524.2035920922,1524.2035920922,1524.2035920922,1524.2035920922,1524.2035920922,1524.2035920922,1524.2035920922,1524.2035920922,1524.2035920922,1524.2035920922]},"BanditAgent":{"actual_clicks_reward_list":[12.0,24.0,17.0,18.0,21.0,26.0,17.0,24.0,24.0,22.0,24.0,20.0,15.0],"actual_watch_duration_reward_list":[848.7500525566,1437.1705880446,1149.5639938608,1020.2722452457,1506.4585975799,1389.0219651333,1141.7360408715,1565.6406289938,1415.2620438761,1212.4739972537,1730.6853910012,930.7330292417,754.7918063308],"max_clicks_reward_list":[21.8087920693,21.8087920693,21.8087920693,21.8087920693,21.8087920693,21.8087920693,21.8087920693,21.8087920693,21.8087920693,21.8087920693,21.8087920693,21.8087920693,21.8087920693],"max_watch_duration_reward_list":[1524.2035920922,1524.2035920922,1524.2035920922,1524.2035920922,1524.2035920922,1524.2035920922,1524.2035920922,1524.2035920922,1524.2035920922,1524.2035920922,1524.2035920922,1524.2035920922,1524.2035920922]},"BucketSortingAgent":{"actual_clicks_reward_list":[21.0,18.0,26.0,14.0,13.0,19.0,22.0,19.0,10.0,18.0,19.0,22.0,10.0],"actual_watch_duration_reward_list":[1310.4888030524,1409.7474718058,1872.0425109438,1068.9265358852,921.0347000109,1243.3547038244,1484.188045065,1300.665826698,478.4316796266,1097.9660833048,682.4269461458,1332.8218262614,673.5260356214],"max_clicks_reward_list":[21.8087920693,21.8087920693,21.8087920693,21.8087920693,21.8087920693,21.8087920693,21.8087920693,21.8087920693,21.8087920693,21.8087920693,21.8087920693,21.8087920693,21.8087920693],"max_watch_duration_reward_list":[1524.2035920922,1524.2035920922,1524.2035920922,1524.2035920922,1524.2035920922,1524.2035920922,1524.2035920922,1524.2035920922,1524.2035920922,1524.2035920922,1524.2035920922,1524.2035920922,1524.2035920922]},"BucketSortingWatchTimeAgent":{"actual_clicks_reward_list":[17.0,20.0,21.0,15.0,20.0,19.0,19.0,25.0,31.0,26.0,16.0,16.0,23.0],"actual_watch_duration_reward_list":[1277.5686301463,1032.2515030871,1227.6299108039,743.4466199443,1457.5450560085,1352.3350906057,1470.4877109961,1646.1006219457,1673.5449669578,1513.0353241896,825.8329996007,696.2033113999,1649.6796702977],"max_clicks_reward_list":[21.8087920693,21.8087920693,21.8087920693,21.8087920693,21.8087920693,21.8087920693,21.8087920693,21.8087920693,21.8087920693,21.8087920693,21.8087920693,21.8087920693,21.8087920693],"max_watch_duration_reward_list":[1524.2035920922,1524.2035920922,1524.2035920922,1524.2035920922,1524.2035920922,1524.2035920922,1524.2035920922,1524.2035920922,1524.2035920922,1524.2035920922,1524.2035920922,1524.2035920922,1524.2035920922]},"PairWiseModelAgent":{"actual_clicks_reward_list":[14.0,27.0,23.0,16.0,18.0,29.0,19.0,19.0,23.0,25.0,16.0,23.0,23.0],"actual_watch_duration_reward_list":[1086.9212187066,1304.8350253139,1267.1655614068,964.023645743,930.9050340264,1337.0546560132,1157.1318673553,1221.9587108895,1509.6234013075,1073.4407649975,919.9431448393,1313.1483110607,1332.2506857187],"max_clicks_reward_list":[21.8087920693,21.8087920693,21.8087920693,21.8087920693,21.8087920693,21.8087920693,21.8087920693,21.8087920693,21.8087920693,21.8087920693,21.8087920693,21.8087920693,21.8087920693],"max_watch_duration_reward_list":[1524.2035920922,1524.2035920922,1524.2035920922,1524.2035920922,1524.2035920922,1524.2035920922,1524.2035920922,1524.2035920922,1524.2035920922,1524.2035920922,1524.2035920922,1524.2035920922,1524.2035920922]},"WeightedPairWiseModelAgent":{"actual_clicks_reward_list":[18.0,15.0,24.0,18.0,26.0,10.0,16.0,16.0,16.0,11.0,20.0,18.0,17.0],"actual_watch_duration_reward_list":[1118.8516967312,1109.6524614998,854.1927961869,764.3426820462,1530.1344875522,535.1505703328,1070.402237598,716.3330526517,1061.6785645186,700.163621012,1194.481739436,1207.8055066447,1437.6954791559],"max_clicks_reward_list":[21.8087920693,21.8087920693,21.8087920693,21.8087920693,21.8087920693,21.8087920693,21.8087920693,21.8087920693,21.8087920693,21.8087920693,21.8087920693,21.8087920693,21.8087920693],"max_watch_duration_reward_list":[1524.2035920922,1524.2035920922,1524.2035920922,1524.2035920922,1524.2035920922,1524.2035920922,1524.2035920922,1524.2035920922,1524.2035920922,1524.2035920922,1524.2035920922,1524.2035920922,1524.2035920922]}}